Time    ,EPEL_TT ,EPPL_TT ,EPTO_TT ,EPEL_ZZ ,EPPL_ZZ ,EPTO_ZZ ,EPEL_TZ ,EPPL_TZ ,EPTO_TZ ,EPEL_RR ,EPPL_RR ,EPTO_RR ,S_TT    ,S_ZZ    ,S_TZ    ,S_EQV   ,EPPL_EQV,NL_EPEQ 
 0.1000000E+01, 0.0000000E+00, 0.0000000E+00, 0.0000000E+00, 0.0000000E+00, 0.0000000E+00, 0.0000000E+00, 0.0000000E+00, 0.0000000E+00, 0.0000000E+00, 0.0000000E+00, 0.0000000E+00, 0.0000000E+00, 0.0000000E+00, 0.0000000E+00, 0.0000000E+00, 0.0000000E+00, 0.0000000E+00, 0.0000000E+00
 0.1010000E+01, 0.0000000E+00, 0.0000000E+00, 0.0000000E+00, 0.5000000E-05, 0.0000000E+00, 0.5000000E-05, 0.0000000E+00, 0.0000000E+00, 0.0000000E+00,-0.5000000E-05, 0.0000000E+00,-0.5000000E-05, 0.6833333E+00, 0.1366667E+01, 0.0000000E+00, 0.1183568E+01, 0.0000000E+00, 0.0000000E+00
 0.1020000E+01, 0.0000000E+00, 0.0000000E+00, 0.0000000E+00, 0.1000000E-04, 0.0000000E+00, 0.1000000E-04, 0.0000000E+00, 0.0000000E+00, 0.0000000E+00,-0.1000000E-04, 0.0000000E+00,-0.1000000E-04, 0.1366667E+01, 0.2733333E+01, 0.0000000E+00, 0.2367136E+01, 0.0000000E+00, 0.0000000E+00
 0.1035000E+01, 0.0000000E+00, 0.0000000E+00, 0.0000000E+00, 0.1750000E-04, 0.0000000E+00, 0.1750000E-04, 0.0000000E+00, 0.0000000E+00, 0.0000000E+00,-0.1750000E-04, 0.0000000E+00,-0.1750000E-04, 0.2391667E+01, 0.4783333E+01, 0.0000000E+00, 0.4142488E+01, 0.0000000E+00, 0.0000000E+00
 0.1057500E+01, 0.0000000E+00, 0.0000000E+00, 0.0000000E+00, 0.2875000E-04, 0.0000000E+00, 0.2875000E-04, 0.0000000E+00, 0.0000000E+00, 0.0000000E+00,-0.2875000E-04, 0.0000000E+00,-0.2875000E-04, 0.3929167E+01, 0.7858333E+01, 0.0000000E+00, 0.6805516E+01, 0.0000000E+00, 0.0000000E+00
 0.1091250E+01, 0.0000000E+00, 0.0000000E+00, 0.0000000E+00, 0.4562500E-04, 0.0000000E+00, 0.4562500E-04, 0.0000000E+00, 0.0000000E+00, 0.0000000E+00,-0.4562500E-04, 0.0000000E+00,-0.4562500E-04, 0.6235417E+01, 0.1247083E+02, 0.0000000E+00, 0.1080006E+02, 0.0000000E+00, 0.0000000E+00
 0.1141875E+01, 0.0000000E+00, 0.0000000E+00, 0.0000000E+00, 0.7093750E-04, 0.0000000E+00, 0.7093750E-04, 0.0000000E+00, 0.0000000E+00, 0.0000000E+00,-0.7093750E-04, 0.0000000E+00,-0.7093750E-04, 0.9694792E+01, 0.1938958E+02, 0.0000000E+00, 0.1679187E+02, 0.0000000E+00, 0.0000000E+00
 0.1217812E+01, 0.0000000E+00, 0.0000000E+00, 0.0000000E+00, 0.1089062E-03, 0.0000000E+00, 0.1089062E-03, 0.0000000E+00, 0.0000000E+00, 0.0000000E+00,-0.1089062E-03, 0.0000000E+00,-0.1089062E-03, 0.1488385E+02, 0.2976771E+02, 0.0000000E+00, 0.2577959E+02, 0.0000000E+00, 0.0000000E+00
 0.1317812E+01, 0.0000000E+00, 0.0000000E+00, 0.0000000E+00, 0.1589062E-03, 0.0000000E+00, 0.1589062E-03, 0.0000000E+00, 0.0000000E+00, 0.0000000E+00,-0.1589062E-03, 0.0000000E+00,-0.1589062E-03, 0.2171719E+02, 0.4343438E+02, 0.0000000E+00, 0.3761527E+02, 0.0000000E+00, 0.0000000E+00
 0.1417812E+01, 0.0000000E+00, 0.0000000E+00, 0.0000000E+00, 0.2089062E-03, 0.0000000E+00, 0.2089062E-03, 0.0000000E+00, 0.0000000E+00, 0.0000000E+00,-0.2089062E-03, 0.0000000E+00,-0.2089062E-03, 0.2855052E+02, 0.5710104E+02, 0.0000000E+00, 0.4945095E+02, 0.0000000E+00, 0.0000000E+00
 0.1517813E+01, 0.0000000E+00, 0.0000000E+00, 0.0000000E+00, 0.2589062E-03, 0.0000000E+00, 0.2589062E-03, 0.0000000E+00, 0.0000000E+00, 0.0000000E+00,-0.2589062E-03, 0.0000000E+00,-0.2589062E-03, 0.3538385E+02, 0.7076771E+02, 0.0000000E+00, 0.6128663E+02, 0.0000000E+00, 0.0000000E+00
 0.1617813E+01, 0.0000000E+00, 0.0000000E+00, 0.0000000E+00, 0.3089063E-03, 0.0000000E+00, 0.3089063E-03, 0.0000000E+00, 0.0000000E+00, 0.0000000E+00,-0.3089063E-03, 0.0000000E+00,-0.3089063E-03, 0.4221719E+02, 0.8443437E+02, 0.0000000E+00, 0.7312231E+02, 0.0000000E+00, 0.0000000E+00
 0.1717813E+01, 0.0000000E+00, 0.0000000E+00, 0.0000000E+00, 0.3589063E-03, 0.0000000E+00, 0.3589063E-03, 0.0000000E+00, 0.0000000E+00, 0.0000000E+00,-0.3589063E-03, 0.0000000E+00,-0.3589063E-03, 0.4905052E+02, 0.9810104E+02, 0.0000000E+00, 0.8495800E+02, 0.0000000E+00, 0.0000000E+00
 0.1817813E+01, 0.0000000E+00, 0.0000000E+00, 0.0000000E+00, 0.4089063E-03, 0.0000000E+00, 0.4089063E-03, 0.0000000E+00, 0.0000000E+00, 0.0000000E+00,-0.4089063E-03, 0.0000000E+00,-0.4089063E-03, 0.5588385E+02, 0.1117677E+03, 0.0000000E+00, 0.9679367E+02, 0.0000000E+00, 0.0000000E+00
 0.1917813E+01, 0.0000000E+00, 0.0000000E+00, 0.0000000E+00, 0.4589063E-03, 0.0000000E+00, 0.4589063E-03, 0.0000000E+00, 0.0000000E+00, 0.0000000E+00,-0.4589063E-03, 0.0000000E+00,-0.4589063E-03, 0.6271719E+02, 0.1254344E+03, 0.0000000E+00, 0.1086294E+03, 0.0000000E+00, 0.0000000E+00
 0.2000000E+01, 0.0000000E+00, 0.0000000E+00, 0.0000000E+00, 0.5000000E-03, 0.0000000E+00, 0.5000000E-03, 0.0000000E+00, 0.0000000E+00, 0.0000000E+00,-0.5000000E-03, 0.0000000E+00,-0.5000000E-03, 0.6833334E+02, 0.1366667E+03, 0.0000000E+00, 0.1183568E+03, 0.0000000E+00, 0.0000000E+00
 0.2010000E+01, 0.0000000E+00, 0.0000000E+00, 0.0000000E+00, 0.5050000E-03, 0.0000000E+00, 0.5050000E-03, 0.0000000E+00, 0.0000000E+00, 0.0000000E+00,-0.5050000E-03, 0.0000000E+00,-0.5050000E-03, 0.6901667E+02, 0.1380333E+03, 0.0000000E+00, 0.1195404E+03, 0.0000000E+00, 0.0000000E+00
 0.2020000E+01, 0.0000000E+00, 0.0000000E+00, 0.0000000E+00, 0.5100000E-03, 0.0000000E+00, 0.5100000E-03, 0.0000000E+00, 0.0000000E+00, 0.0000000E+00,-0.5100000E-03, 0.0000000E+00,-0.5100000E-03, 0.6970000E+02, 0.1394000E+03, 0.0000000E+00, 0.1207239E+03, 0.0000000E+00, 0.0000000E+00
 0.2035000E+01, 0.0000000E+00, 0.0000000E+00, 0.0000000E+00, 0.5175000E-03, 0.0000000E+00, 0.5175000E-03, 0.0000000E+00, 0.0000000E+00, 0.0000000E+00,-0.5175000E-03, 0.0000000E+00,-0.5175000E-03, 0.7072500E+02, 0.1414500E+03, 0.0000000E+00, 0.1224993E+03, 0.0000000E+00, 0.0000000E+00
 0.2057500E+01, 0.0000000E+00, 0.0000000E+00, 0.0000000E+00, 0.5287500E-03, 0.0000000E+00, 0.5287500E-03, 0.0000000E+00, 0.0000000E+00, 0.0000000E+00,-0.5287500E-03, 0.0000000E+00,-0.5287500E-03, 0.7226250E+02, 0.1445250E+03, 0.0000000E+00, 0.1251623E+03, 0.0000000E+00, 0.0000000E+00
 0.2091250E+01, 0.0000000E+00, 0.0000000E+00, 0.0000000E+00, 0.5456250E-03, 0.0000000E+00, 0.5456250E-03, 0.0000000E+00, 0.0000000E+00, 0.0000000E+00,-0.5456250E-03, 0.0000000E+00,-0.5456250E-03, 0.7456875E+02, 0.1491375E+03, 0.0000000E+00, 0.1291569E+03, 0.0000000E+00, 0.0000000E+00
 0.2141875E+01, 0.0000000E+00, 0.0000000E+00, 0.0000000E+00, 0.5709375E-03, 0.0000000E+00, 0.5709375E-03, 0.0000000E+00, 0.0000000E+00, 0.0000000E+00,-0.5709375E-03, 0.0000000E+00,-0.5709375E-03, 0.7802812E+02, 0.1560562E+03, 0.0000000E+00, 0.1351487E+03, 0.0000000E+00, 0.0000000E+00
 0.2217812E+01, 0.0000000E+00, 0.0000000E+00, 0.0000000E+00, 0.6089063E-03, 0.0000000E+00, 0.6089063E-03, 0.0000000E+00, 0.0000000E+00, 0.0000000E+00,-0.6089063E-03, 0.0000000E+00,-0.6089063E-03, 0.8321719E+02, 0.1664344E+03, 0.0000000E+00, 0.1441364E+03, 0.0000000E+00, 0.0000000E+00
 0.2317813E+01, 0.0000000E+00, 0.0000000E+00, 0.0000000E+00, 0.6589062E-03, 0.0000000E+00, 0.6589062E-03, 0.0000000E+00, 0.0000000E+00, 0.0000000E+00,-0.6589062E-03, 0.0000000E+00,-0.6589062E-03, 0.9005052E+02, 0.1801010E+03, 0.0000000E+00, 0.1559721E+03, 0.0000000E+00, 0.0000000E+00
 0.2417813E+01, 0.0000000E+00, 0.0000000E+00, 0.0000000E+00, 0.7089063E-03, 0.0000000E+00, 0.7089063E-03, 0.0000000E+00, 0.0000000E+00, 0.0000000E+00,-0.7089063E-03, 0.0000000E+00,-0.7089063E-03, 0.9688386E+02, 0.1937677E+03, 0.0000000E+00, 0.1678078E+03, 0.0000000E+00, 0.0000000E+00
 0.2517813E+01, 0.0000000E+00, 0.0000000E+00, 0.0000000E+00, 0.7589062E-03, 0.0000000E+00, 0.7589062E-03, 0.0000000E+00, 0.0000000E+00, 0.0000000E+00,-0.7589062E-03, 0.0000000E+00,-0.7589062E-03, 0.1037172E+03, 0.2074344E+03, 0.0000000E+00, 0.1796434E+03, 0.0000000E+00, 0.0000000E+00
 0.2617813E+01, 0.0000000E+00, 0.0000000E+00, 0.0000000E+00, 0.8089063E-03, 0.0000000E+00, 0.8089063E-03, 0.0000000E+00, 0.0000000E+00, 0.0000000E+00,-0.8089063E-03, 0.0000000E+00,-0.8089063E-03, 0.1105505E+03, 0.2211010E+03, 0.0000000E+00, 0.1914791E+03, 0.0000000E+00, 0.0000000E+00
 0.2717813E+01, 0.0000000E+00, 0.0000000E+00, 0.0000000E+00, 0.8589062E-03, 0.0000000E+00, 0.8589062E-03, 0.0000000E+00, 0.0000000E+00, 0.0000000E+00,-0.8589062E-03, 0.0000000E+00,-0.8589062E-03, 0.1173839E+03, 0.2347677E+03, 0.0000000E+00, 0.2033148E+03, 0.0000000E+00, 0.0000000E+00
 0.2817813E+01, 0.0000000E+00, 0.0000000E+00, 0.0000000E+00, 0.9089062E-03, 0.0000000E+00, 0.9089062E-03, 0.0000000E+00, 0.0000000E+00, 0.0000000E+00,-0.9089062E-03, 0.0000000E+00,-0.9089062E-03, 0.1242172E+03, 0.2484344E+03, 0.0000000E+00, 0.2151505E+03, 0.0000000E+00, 0.0000000E+00
 0.2917813E+01, 0.0000000E+00, 0.0000000E+00, 0.0000000E+00, 0.9589063E-03, 0.0000000E+00, 0.9589063E-03, 0.0000000E+00, 0.0000000E+00, 0.0000000E+00,-0.9589063E-03, 0.0000000E+00,-0.9589063E-03, 0.1310505E+03, 0.2621010E+03, 0.0000000E+00, 0.2269862E+03, 0.0000000E+00, 0.0000000E+00
 0.3000000E+01, 0.0000000E+00, 0.0000000E+00, 0.0000000E+00, 0.1000000E-02, 0.0000000E+00, 0.1000000E-02, 0.0000000E+00, 0.0000000E+00, 0.0000000E+00,-0.1000000E-02, 0.0000000E+00,-0.1000000E-02, 0.1366667E+03, 0.2733333E+03, 0.0000000E+00, 0.2367136E+03, 0.0000000E+00, 0.0000000E+00
 0.3010000E+01, 0.0000000E+00, 0.0000000E+00, 0.0000000E+00, 0.1004000E-02, 0.0000000E+00, 0.1004000E-02, 0.0000000E+00, 0.0000000E+00, 0.0000000E+00,-0.1004000E-02, 0.0000000E+00,-0.1004000E-02, 0.1372133E+03, 0.2744267E+03, 0.0000000E+00, 0.2376605E+03, 0.0000000E+00, 0.0000000E+00
 0.3020000E+01, 0.0000000E+00, 0.0000000E+00, 0.0000000E+00, 0.1008000E-02, 0.0000000E+00, 0.1008000E-02, 0.0000000E+00, 0.0000000E+00, 0.0000000E+00,-0.1008000E-02, 0.0000000E+00,-0.1008000E-02, 0.1377600E+03, 0.2755200E+03, 0.0000000E+00, 0.2386073E+03, 0.0000000E+00, 0.0000000E+00
 0.3035000E+01, 0.0000000E+00, 0.0000000E+00, 0.0000000E+00, 0.1014000E-02, 0.0000000E+00, 0.1014000E-02, 0.0000000E+00, 0.0000000E+00, 0.0000000E+00,-0.1014000E-02, 0.0000000E+00,-0.1014000E-02, 0.1385800E+03, 0.2771600E+03, 0.0000000E+00, 0.2400276E+03, 0.0000000E+00, 0.0000000E+00
 0.3057500E+01, 0.0000000E+00, 0.0000000E+00, 0.0000000E+00, 0.1023000E-02, 0.0000000E+00, 0.1023000E-02, 0.0000000E+00, 0.0000000E+00, 0.0000000E+00,-0.1023000E-02, 0.0000000E+00,-0.1023000E-02, 0.1398100E+03, 0.2796200E+03, 0.0000000E+00, 0.2421580E+03, 0.0000000E+00, 0.0000000E+00
 0.3091250E+01, 0.0000000E+00, 0.0000000E+00, 0.0000000E+00, 0.1036500E-02, 0.0000000E+00, 0.1036500E-02, 0.0000000E+00, 0.0000000E+00, 0.0000000E+00,-0.1036500E-02, 0.0000000E+00,-0.1036500E-02, 0.1416550E+03, 0.2833100E+03, 0.0000000E+00, 0.2453537E+03, 0.0000000E+00, 0.0000000E+00
 0.3141875E+01, 0.0000000E+00, 0.0000000E+00, 0.0000000E+00, 0.1056750E-02, 0.0000000E+00, 0.1056750E-02, 0.0000000E+00, 0.0000000E+00, 0.0000000E+00,-0.1056750E-02, 0.0000000E+00,-0.1056750E-02, 0.1444225E+03, 0.2888450E+03, 0.0000000E+00, 0.2501471E+03, 0.0000000E+00, 0.0000000E+00
 0.3217812E+01, 0.0000000E+00, 0.0000000E+00, 0.0000000E+00, 0.1087125E-02, 0.0000000E+00, 0.1087125E-02, 0.0000000E+00, 0.0000000E+00, 0.0000000E+00,-0.1087125E-02, 0.0000000E+00,-0.1087125E-02, 0.1485737E+03, 0.2971475E+03, 0.0000000E+00, 0.2573373E+03, 0.0000000E+00, 0.0000000E+00
 0.3317813E+01, 0.0000000E+00, 0.0000000E+00, 0.0000000E+00, 0.1127125E-02, 0.0000000E+00, 0.1127125E-02, 0.0000000E+00, 0.0000000E+00, 0.0000000E+00,-0.1127125E-02, 0.0000000E+00,-0.1127125E-02, 0.1540404E+03, 0.3080808E+03, 0.0000000E+00, 0.2668058E+03, 0.0000000E+00, 0.0000000E+00
 0.3417813E+01, 0.0000000E+00, 0.0000000E+00, 0.0000000E+00, 0.1167125E-02, 0.0000000E+00, 0.1167125E-02, 0.0000000E+00, 0.0000000E+00, 0.0000000E+00,-0.1167125E-02, 0.0000000E+00,-0.1167125E-02, 0.1595071E+03, 0.3190142E+03, 0.0000000E+00, 0.2762744E+03, 0.0000000E+00, 0.0000000E+00
 0.3517813E+01, 0.0000000E+00, 0.0000000E+00, 0.0000000E+00, 0.1207125E-02, 0.0000000E+00, 0.1207125E-02, 0.0000000E+00, 0.0000000E+00, 0.0000000E+00,-0.1207125E-02, 0.0000000E+00,-0.1207125E-02, 0.1649738E+03, 0.3299475E+03, 0.0000000E+00, 0.2857429E+03, 0.0000000E+00, 0.0000000E+00
 0.3617813E+01, 0.0000000E+00, 0.0000000E+00, 0.0000000E+00, 0.1247125E-02, 0.0000000E+00, 0.1247125E-02, 0.0000000E+00, 0.0000000E+00, 0.0000000E+00,-0.1247125E-02, 0.0000000E+00,-0.1247125E-02, 0.1704404E+03, 0.3408808E+03, 0.0000000E+00, 0.2952115E+03, 0.0000000E+00, 0.0000000E+00
 0.3717813E+01, 0.0000000E+00, 0.0000000E+00, 0.0000000E+00, 0.1287125E-02, 0.0000000E+00, 0.1287125E-02, 0.0000000E+00, 0.0000000E+00, 0.0000000E+00,-0.1287125E-02, 0.0000000E+00,-0.1287125E-02, 0.1759071E+03, 0.3518142E+03, 0.0000000E+00, 0.3046800E+03, 0.0000000E+00, 0.0000000E+00
 0.3817813E+01, 0.0000000E+00, 0.0000000E+00, 0.0000000E+00, 0.1327125E-02, 0.0000000E+00, 0.1327125E-02, 0.0000000E+00, 0.0000000E+00, 0.0000000E+00,-0.1327125E-02, 0.0000000E+00,-0.1327125E-02, 0.1813737E+03, 0.3627475E+03, 0.0000000E+00, 0.3141485E+03, 0.0000000E+00, 0.0000000E+00
 0.3917813E+01, 0.0000000E+00, 0.0000000E+00, 0.0000000E+00, 0.1367125E-02, 0.0000000E+00, 0.1367125E-02, 0.0000000E+00, 0.0000000E+00, 0.0000000E+00,-0.1367125E-02, 0.0000000E+00,-0.1367125E-02, 0.1868404E+03, 0.3736808E+03, 0.0000000E+00, 0.3236171E+03, 0.0000000E+00, 0.0000000E+00
 0.4000000E+01, 0.0000000E+00, 0.0000000E+00, 0.0000000E+00, 0.1400000E-02, 0.0000000E+00, 0.1400000E-02, 0.0000000E+00, 0.0000000E+00, 0.0000000E+00,-0.1400000E-02, 0.0000000E+00,-0.1400000E-02, 0.1913333E+03, 0.3826667E+03, 0.0000000E+00, 0.3313990E+03, 0.0000000E+00, 0.0000000E+00
 0.4010000E+01, 0.0000000E+00, 0.0000000E+00, 0.0000000E+00, 0.1403000E-02, 0.0000000E+00, 0.1403000E-02, 0.0000000E+00, 0.0000000E+00, 0.0000000E+00,-0.1403000E-02, 0.0000000E+00,-0.1403000E-02, 0.1917433E+03, 0.3834867E+03, 0.0000000E+00, 0.3321092E+03, 0.0000000E+00, 0.0000000E+00
 0.4020000E+01, 0.0000000E+00, 0.0000000E+00, 0.0000000E+00, 0.1406000E-02, 0.0000000E+00, 0.1406000E-02, 0.0000000E+00, 0.0000000E+00, 0.0000000E+00,-0.1406000E-02, 0.0000000E+00,-0.1406000E-02, 0.1921533E+03, 0.3843067E+03, 0.0000000E+00, 0.3328193E+03, 0.0000000E+00, 0.0000000E+00
 0.4035000E+01, 0.0000000E+00, 0.0000000E+00, 0.0000000E+00, 0.1410500E-02, 0.0000000E+00, 0.1410500E-02, 0.0000000E+00, 0.0000000E+00, 0.0000000E+00,-0.1410500E-02, 0.0000000E+00,-0.1410500E-02, 0.1927683E+03, 0.3855367E+03, 0.0000000E+00, 0.3338845E+03, 0.0000000E+00, 0.0000000E+00
 0.4057500E+01, 0.0000000E+00, 0.0000000E+00, 0.0000000E+00, 0.1417250E-02, 0.0000000E+00, 0.1417250E-02, 0.0000000E+00, 0.0000000E+00, 0.0000000E+00,-0.1417250E-02, 0.0000000E+00,-0.1417250E-02, 0.1936908E+03, 0.3873817E+03, 0.0000000E+00, 0.3354824E+03, 0.0000000E+00, 0.0000000E+00
 0.4091250E+01, 0.0000000E+00, 0.0000000E+00, 0.0000000E+00, 0.1427375E-02, 0.0000000E+00, 0.1427375E-02, 0.0000000E+00, 0.0000000E+00, 0.0000000E+00,-0.1427375E-02, 0.0000000E+00,-0.1427375E-02, 0.1950746E+03, 0.3901492E+03, 0.0000000E+00, 0.3378791E+03, 0.0000000E+00, 0.0000000E+00
 0.4141875E+01, 0.0000000E+00, 0.0000000E+00, 0.0000000E+00, 0.1442563E-02, 0.0000000E+00, 0.1442563E-02, 0.0000000E+00, 0.0000000E+00, 0.0000000E+00,-0.1442563E-02, 0.0000000E+00,-0.1442563E-02, 0.1971502E+03, 0.3943004E+03, 0.0000000E+00, 0.3414742E+03, 0.0000000E+00, 0.0000000E+00
 0.4217812E+01, 0.0000000E+00, 0.0000000E+00, 0.0000000E+00, 0.1465344E-02, 0.0000000E+00, 0.1465344E-02, 0.0000000E+00, 0.0000000E+00, 0.0000000E+00,-0.1465344E-02, 0.0000000E+00,-0.1465344E-02, 0.2002636E+03, 0.4005273E+03, 0.0000000E+00, 0.3468668E+03, 0.0000000E+00, 0.0000000E+00
 0.4317812E+01, 0.0000000E+00, 0.0000000E+00, 0.0000000E+00, 0.1495344E-02, 0.0000000E+00, 0.1495344E-02, 0.0000000E+00, 0.0000000E+00, 0.0000000E+00,-0.1495344E-02, 0.0000000E+00,-0.1495344E-02, 0.2043636E+03, 0.4087273E+03, 0.0000000E+00, 0.3539682E+03, 0.0000000E+00, 0.0000000E+00
 0.4417812E+01, 0.5715397E-17,-0.5715397E-17, 0.0000000E+00, 0.1521046E-02, 0.4298204E-05, 0.1525344E-02, 0.0000000E+00, 0.0000000E+00, 0.0000000E+00,-0.1521045E-02,-0.4298204E-05,-0.1525344E-02, 0.2078762E+03, 0.4157524E+03, 0.0000000E+00, 0.3600522E+03, 0.4963138E-05, 0.4949192E-05
 0.4517812E+01, 0.4296381E-16,-0.4296381E-16, 0.0000000E+00, 0.1522508E-02, 0.3283538E-04, 0.1555344E-02, 0.0000000E+00, 0.0000000E+00, 0.0000000E+00,-0.1522508E-02,-0.3283538E-04,-0.1555344E-02, 0.2080761E+03, 0.4161523E+03, 0.0000000E+00, 0.3603984E+03, 0.3791503E-04, 0.3790088E-04
 0.4617812E+01, 0.7952311E-16,-0.7952311E-16, 0.0000000E+00, 0.1523972E-02, 0.6137197E-04, 0.1585344E-02, 0.0000000E+00, 0.0000000E+00, 0.0000000E+00,-0.1523972E-02,-0.6137197E-04,-0.1585344E-02, 0.2082761E+03, 0.4165523E+03, 0.0000000E+00, 0.3607449E+03, 0.7086625E-04, 0.7085190E-04
 0.4717812E+01, 0.1154146E-15,-0.1154146E-15, 0.0000000E+00, 0.1525435E-02, 0.8990856E-04, 0.1615344E-02, 0.0000000E+00, 0.0000000E+00, 0.0000000E+00,-0.1525435E-02,-0.8990856E-04,-0.1615344E-02, 0.2084761E+03, 0.4169523E+03, 0.0000000E+00, 0.3610913E+03, 0.1038175E-03, 0.1038029E-03
 0.4817812E+01, 0.1506423E-15,-0.1506423E-15, 0.0000000E+00, 0.1526899E-02, 0.1184452E-03, 0.1645344E-02, 0.0000000E+00, 0.0000000E+00, 0.0000000E+00,-0.1526899E-02,-0.1184452E-03,-0.1645344E-02, 0.2086761E+03, 0.4173523E+03, 0.0000000E+00, 0.3614377E+03, 0.1367687E-03, 0.1367540E-03
 0.4917812E+01, 0.1852405E-15,-0.1852405E-15, 0.0000000E+00, 0.1528362E-02, 0.1469818E-03, 0.1675344E-02, 0.0000000E+00, 0.0000000E+00, 0.0000000E+00,-0.1528362E-02,-0.1469818E-03,-0.1675344E-02, 0.2088761E+03, 0.4177523E+03, 0.0000000E+00, 0.3617841E+03, 0.1697199E-03, 0.1697050E-03
 0.5000000E+01, 0.2132342E-15,-0.2132342E-15, 0.0000000E+00, 0.1529565E-02, 0.1704353E-03, 0.1700000E-02, 0.0000000E+00, 0.0000000E+00, 0.0000000E+00,-0.1529565E-02,-0.1704353E-03,-0.1700000E-02, 0.2090405E+03, 0.4180810E+03, 0.0000000E+00, 0.3620688E+03, 0.1968017E-03, 0.1967867E-03
 0.5010000E+01, 0.2166347E-15,-0.2166347E-15, 0.0000000E+00, 0.1529711E-02, 0.1732889E-03, 0.1703000E-02, 0.0000000E+00, 0.0000000E+00, 0.0000000E+00,-0.1529711E-02,-0.1732889E-03,-0.1703000E-02, 0.2090605E+03, 0.4181210E+03, 0.0000000E+00, 0.3621034E+03, 0.2000968E-03, 0.2000757E-03
 0.5020000E+01, 0.2200292E-15,-0.2200292E-15, 0.0000000E+00, 0.1529857E-02, 0.1761428E-03, 0.1706000E-02, 0.0000000E+00, 0.0000000E+00, 0.0000000E+00,-0.1529857E-02,-0.1761428E-03,-0.1706000E-02, 0.2090805E+03, 0.4181609E+03, 0.0000000E+00, 0.3621380E+03, 0.2033922E-03, 0.2033650E-03
 0.5035000E+01, 0.2251069E-15,-0.2251069E-15, 0.0000000E+00, 0.1530076E-02, 0.1804236E-03, 0.1710500E-02, 0.0000000E+00, 0.0000000E+00, 0.0000000E+00,-0.1530076E-02,-0.1804236E-03,-0.1710500E-02, 0.2091104E+03, 0.4182209E+03, 0.0000000E+00, 0.3621899E+03, 0.2083352E-03, 0.2082942E-03
 0.5057500E+01, 0.2326918E-15,-0.2326918E-15, 0.0000000E+00, 0.1530405E-02, 0.1868449E-03, 0.1717250E-02, 0.0000000E+00, 0.0000000E+00, 0.0000000E+00,-0.1530405E-02,-0.1868449E-03,-0.1717250E-02, 0.2091553E+03, 0.4183107E+03, 0.0000000E+00, 0.3622677E+03, 0.2157499E-03, 0.2157089E-03
 0.5091250E+01, 0.2439996E-15,-0.2439996E-15, 0.0000000E+00, 0.1530899E-02, 0.1964760E-03, 0.1727375E-02, 0.0000000E+00, 0.0000000E+00, 0.0000000E+00,-0.1530899E-02,-0.1964760E-03,-0.1727375E-02, 0.2092229E+03, 0.4184457E+03, 0.0000000E+00, 0.3623846E+03, 0.2268710E-03, 0.2268299E-03
 0.5141875E+01, 0.2608019E-15,-0.2608019E-15, 0.0000000E+00, 0.1531640E-02, 0.2109226E-03, 0.1742562E-02, 0.0000000E+00, 0.0000000E+00, 0.0000000E+00,-0.1531640E-02,-0.2109226E-03,-0.1742562E-02, 0.2093241E+03, 0.4186482E+03, 0.0000000E+00, 0.3625600E+03, 0.2435525E-03, 0.2435115E-03
 0.5217812E+01, 0.2856650E-15,-0.2856650E-15, 0.0000000E+00, 0.1532751E-02, 0.2325926E-03, 0.1765344E-02, 0.0000000E+00, 0.0000000E+00, 0.0000000E+00,-0.1532751E-02,-0.2325926E-03,-0.1765344E-02, 0.2094760E+03, 0.4189520E+03, 0.0000000E+00, 0.3628230E+03, 0.2685748E-03, 0.2685337E-03
 0.5317812E+01, 0.3178090E-15,-0.3178090E-15, 0.0000000E+00, 0.1534215E-02, 0.2611292E-03, 0.1795344E-02, 0.0000000E+00, 0.0000000E+00, 0.0000000E+00,-0.1534214E-02,-0.2611292E-03,-0.1795344E-02, 0.2096760E+03, 0.4193520E+03, 0.0000000E+00, 0.3631694E+03, 0.3015260E-03, 0.3014847E-03
 0.5417812E+01, 0.3493623E-15,-0.3493623E-15, 0.0000000E+00, 0.1535678E-02, 0.2896658E-03, 0.1825344E-02, 0.0000000E+00, 0.0000000E+00, 0.0000000E+00,-0.1535678E-02,-0.2896658E-03,-0.1825344E-02, 0.2098760E+03, 0.4197520E+03, 0.0000000E+00, 0.3635159E+03, 0.3344773E-03, 0.3344358E-03
 0.5517812E+01, 0.3803558E-15,-0.3803558E-15, 0.0000000E+00, 0.1537141E-02, 0.3182024E-03, 0.1855344E-02, 0.0000000E+00, 0.0000000E+00, 0.0000000E+00,-0.1537141E-02,-0.3182024E-03,-0.1855344E-02, 0.2100760E+03, 0.4201519E+03, 0.0000000E+00, 0.3638623E+03, 0.3674285E-03, 0.3673868E-03
 0.5617812E+01, 0.4107935E-15,-0.4107935E-15, 0.0000000E+00, 0.1538605E-02, 0.3467390E-03, 0.1885344E-02, 0.0000000E+00, 0.0000000E+00, 0.0000000E+00,-0.1538605E-02,-0.3467390E-03,-0.1885344E-02, 0.2102760E+03, 0.4205519E+03, 0.0000000E+00, 0.3642087E+03, 0.4003797E-03, 0.4003378E-03
 0.5717812E+01, 0.4406764E-15,-0.4406764E-15, 0.0000000E+00, 0.1540068E-02, 0.3752756E-03, 0.1915344E-02, 0.0000000E+00, 0.0000000E+00, 0.0000000E+00,-0.1540068E-02,-0.3752756E-03,-0.1915344E-02, 0.2104760E+03, 0.4209520E+03, 0.0000000E+00, 0.3645551E+03, 0.4333309E-03, 0.4332888E-03
 0.5817812E+01, 0.4700246E-15,-0.4700246E-15, 0.0000000E+00, 0.1541532E-02, 0.4038122E-03, 0.1945344E-02, 0.0000000E+00, 0.0000000E+00, 0.0000000E+00,-0.1541532E-02,-0.4038122E-03,-0.1945344E-02, 0.2106760E+03, 0.4213520E+03, 0.0000000E+00, 0.3649015E+03, 0.4662821E-03, 0.4662399E-03
 0.5917812E+01, 0.4988418E-15,-0.4988418E-15, 0.0000000E+00, 0.1542995E-02, 0.4323488E-03, 0.1975344E-02, 0.0000000E+00, 0.0000000E+00, 0.0000000E+00,-0.1542995E-02,-0.4323488E-03,-0.1975344E-02, 0.2108760E+03, 0.4217520E+03, 0.0000000E+00, 0.3652479E+03, 0.4992334E-03, 0.4991909E-03
 0.6000000E+01, 0.5221837E-15,-0.5221837E-15, 0.0000000E+00, 0.1544198E-02, 0.4558023E-03, 0.2000000E-02, 0.0000000E+00, 0.0000000E+00, 0.0000000E+00,-0.1544198E-02,-0.4558023E-03,-0.2000000E-02, 0.2110403E+03, 0.4220807E+03, 0.0000000E+00, 0.3655326E+03, 0.5263151E-03, 0.5262726E-03
 0.6010000E+01, 0.5259609E-15,-0.5259609E-15, 0.0000000E+00, 0.1544393E-02, 0.4596072E-03, 0.2004000E-02, 0.0000000E+00, 0.0000000E+00, 0.0000000E+00,-0.1544393E-02,-0.4596072E-03,-0.2004000E-02, 0.2110670E+03, 0.4221340E+03, 0.0000000E+00, 0.3655788E+03, 0.5307086E-03, 0.5306553E-03
 0.6020000E+01, 0.5297305E-15,-0.5297305E-15, 0.0000000E+00, 0.1544588E-02, 0.4634125E-03, 0.2008000E-02, 0.0000000E+00, 0.0000000E+00, 0.0000000E+00,-0.1544587E-02,-0.4634125E-03,-0.2008000E-02, 0.2110936E+03, 0.4221872E+03, 0.0000000E+00, 0.3656249E+03, 0.5351027E-03, 0.5350386E-03
 0.6035000E+01, 0.5353630E-15,-0.5353630E-15, 0.0000000E+00, 0.1544880E-02, 0.4691203E-03, 0.2014000E-02, 0.0000000E+00, 0.0000000E+00, 0.0000000E+00,-0.1544880E-02,-0.4691203E-03,-0.2014000E-02, 0.2111336E+03, 0.4222671E+03, 0.0000000E+00, 0.3656941E+03, 0.5416934E-03, 0.5416293E-03
 0.6057500E+01, 0.5437646E-15,-0.5437646E-15, 0.0000000E+00, 0.1545319E-02, 0.4776813E-03, 0.2023000E-02, 0.0000000E+00, 0.0000000E+00, 0.0000000E+00,-0.1545319E-02,-0.4776813E-03,-0.2023000E-02, 0.2111936E+03, 0.4223871E+03, 0.0000000E+00, 0.3657980E+03, 0.5515788E-03, 0.5515147E-03
 0.6091250E+01, 0.5562640E-15,-0.5562640E-15, 0.0000000E+00, 0.1545977E-02, 0.4905227E-03, 0.2036500E-02, 0.0000000E+00, 0.0000000E+00, 0.0000000E+00,-0.1545977E-02,-0.4905227E-03,-0.2036500E-02, 0.2112836E+03, 0.4225671E+03, 0.0000000E+00, 0.3659539E+03, 0.5664068E-03, 0.5663427E-03
 0.6141875E+01, 0.5747886E-15,-0.5747886E-15, 0.0000000E+00, 0.1546965E-02, 0.5097849E-03, 0.2056750E-02, 0.0000000E+00, 0.0000000E+00, 0.0000000E+00,-0.1546965E-02,-0.5097849E-03,-0.2056750E-02, 0.2114185E+03, 0.4228371E+03, 0.0000000E+00, 0.3661877E+03, 0.5886489E-03, 0.5885847E-03
 0.6217812E+01, 0.6020797E-15,-0.6020797E-15, 0.0000000E+00, 0.1548447E-02, 0.5386782E-03, 0.2087125E-02, 0.0000000E+00, 0.0000000E+00, 0.0000000E+00,-0.1548447E-02,-0.5386782E-03,-0.2087125E-02, 0.2116210E+03, 0.4232421E+03, 0.0000000E+00, 0.3665384E+03, 0.6220120E-03, 0.6219476E-03
 0.6317812E+01, 0.6371687E-15,-0.6371687E-15, 0.0000000E+00, 0.1550398E-02, 0.5767270E-03, 0.2127125E-02, 0.0000000E+00, 0.0000000E+00, 0.0000000E+00,-0.1550398E-02,-0.5767270E-03,-0.2127125E-02, 0.2118877E+03, 0.4237755E+03, 0.0000000E+00, 0.3670003E+03, 0.6659470E-03, 0.6658820E-03
 0.6417812E+01, 0.6714422E-15,-0.6714422E-15, 0.0000000E+00, 0.1552349E-02, 0.6147758E-03, 0.2167125E-02, 0.0000000E+00, 0.0000000E+00, 0.0000000E+00,-0.1552349E-02,-0.6147758E-03,-0.2167125E-02, 0.2121544E+03, 0.4243088E+03, 0.0000000E+00, 0.3674622E+03, 0.7098819E-03, 0.7098164E-03
 0.6517812E+01, 0.7049096E-15,-0.7049096E-15, 0.0000000E+00, 0.1554300E-02, 0.6528246E-03, 0.2207125E-02, 0.0000000E+00, 0.0000000E+00, 0.0000000E+00,-0.1554300E-02,-0.6528246E-03,-0.2207125E-02, 0.2124211E+03, 0.4248421E+03, 0.0000000E+00, 0.3679241E+03, 0.7538169E-03, 0.7537508E-03
 0.6617812E+01, 0.7376051E-15,-0.7376051E-15, 0.0000000E+00, 0.1556252E-02, 0.6908734E-03, 0.2247125E-02, 0.0000000E+00, 0.0000000E+00, 0.0000000E+00,-0.1556252E-02,-0.6908734E-03,-0.2247125E-02, 0.2126877E+03, 0.4253754E+03, 0.0000000E+00, 0.3683859E+03, 0.7977519E-03, 0.7976852E-03
 0.6717812E+01, 0.7695416E-15,-0.7695416E-15, 0.0000000E+00, 0.1558203E-02, 0.7289222E-03, 0.2287125E-02, 0.0000000E+00, 0.0000000E+00, 0.0000000E+00,-0.1558203E-02,-0.7289222E-03,-0.2287125E-02, 0.2129544E+03, 0.4259088E+03, 0.0000000E+00, 0.3688478E+03, 0.8416869E-03, 0.8416196E-03
 0.6817812E+01, 0.8007424E-15,-0.8007424E-15, 0.0000000E+00, 0.1560154E-02, 0.7669710E-03, 0.2327125E-02, 0.0000000E+00, 0.0000000E+00, 0.0000000E+00,-0.1560154E-02,-0.7669710E-03,-0.2327125E-02, 0.2132210E+03, 0.4264421E+03, 0.0000000E+00, 0.3693097E+03, 0.8856218E-03, 0.8855540E-03
 0.6917812E+01, 0.8312165E-15,-0.8312165E-15, 0.0000000E+00, 0.1562105E-02, 0.8050198E-03, 0.2367125E-02, 0.0000000E+00, 0.0000000E+00, 0.0000000E+00,-0.1562105E-02,-0.8050198E-03,-0.2367125E-02, 0.2134877E+03, 0.4269754E+03, 0.0000000E+00, 0.3697715E+03, 0.9295568E-03, 0.9294884E-03
 0.7000000E+01, 0.8558015E-15,-0.8558015E-15, 0.0000000E+00, 0.1563709E-02, 0.8362912E-03, 0.2400000E-02, 0.0000000E+00, 0.0000000E+00, 0.0000000E+00,-0.1563709E-02,-0.8362912E-03,-0.2400000E-02, 0.2137069E+03, 0.4274137E+03, 0.0000000E+00, 0.3701511E+03, 0.9656659E-03, 0.9655972E-03
 0.7010000E+01, 0.8602726E-15,-0.8602726E-15, 0.0000000E+00, 0.1564001E-02, 0.8419985E-03, 0.2406000E-02, 0.0000000E+00, 0.0000000E+00, 0.0000000E+00,-0.1564001E-02,-0.8419985E-03,-0.2406000E-02, 0.2137469E+03, 0.4274937E+03, 0.0000000E+00, 0.3702204E+03, 0.9722561E-03, 0.9721874E-03
 0.7020000E+01, 0.8647284E-15,-0.8647284E-15, 0.0000000E+00, 0.1564294E-02, 0.8477058E-03, 0.2412000E-02, 0.0000000E+00, 0.0000000E+00, 0.0000000E+00,-0.1564294E-02,-0.8477058E-03,-0.2412000E-02, 0.2137869E+03, 0.4275737E+03, 0.0000000E+00, 0.3702897E+03, 0.9788463E-03, 0.9787777E-03
 0.7035000E+01, 0.8713756E-15,-0.8713756E-15, 0.0000000E+00, 0.1564733E-02, 0.8562668E-03, 0.2421000E-02, 0.0000000E+00, 0.0000000E+00, 0.0000000E+00,-0.1564733E-02,-0.8562668E-03,-0.2421000E-02, 0.2138469E+03, 0.4276937E+03, 0.0000000E+00, 0.3703936E+03, 0.9887317E-03, 0.9886631E-03
 0.7057500E+01, 0.8812687E-15,-0.8812687E-15, 0.0000000E+00, 0.1565392E-02, 0.8691082E-03, 0.2434500E-02, 0.0000000E+00, 0.0000000E+00, 0.0000000E+00,-0.1565392E-02,-0.8691082E-03,-0.2434500E-02, 0.2139369E+03, 0.4278737E+03, 0.0000000E+00, 0.3705495E+03, 0.1003560E-02, 0.1003491E-02
 0.7091250E+01, 0.8959344E-15,-0.8959344E-15, 0.0000000E+00, 0.1566380E-02, 0.8883704E-03, 0.2454750E-02, 0.0000000E+00, 0.0000000E+00, 0.0000000E+00,-0.1566379E-02,-0.8883704E-03,-0.2454750E-02, 0.2140719E+03, 0.4281437E+03, 0.0000000E+00, 0.3707834E+03, 0.1025802E-02, 0.1025733E-02
 0.7141875E+01, 0.9175463E-15,-0.9175463E-15, 0.0000000E+00, 0.1567861E-02, 0.9172637E-03, 0.2485125E-02, 0.0000000E+00, 0.0000000E+00, 0.0000000E+00,-0.1567861E-02,-0.9172637E-03,-0.2485125E-02, 0.2142744E+03, 0.4285487E+03, 0.0000000E+00, 0.3711341E+03, 0.1059165E-02, 0.1059096E-02
 0.7217812E+01, 0.9491267E-15,-0.9491267E-15, 0.0000000E+00, 0.1570084E-02, 0.9606037E-03, 0.2530687E-02, 0.0000000E+00, 0.0000000E+00, 0.0000000E+00,-0.1570084E-02,-0.9606037E-03,-0.2530687E-02, 0.2145781E+03, 0.4291562E+03, 0.0000000E+00, 0.3716602E+03, 0.1109210E-02, 0.1109140E-02
 0.7317812E+01, 0.9893348E-15,-0.9893348E-15, 0.0000000E+00, 0.1573011E-02, 0.1017677E-02, 0.2590687E-02, 0.0000000E+00, 0.0000000E+00, 0.0000000E+00,-0.1573011E-02,-0.1017677E-02,-0.2590687E-02, 0.2149781E+03, 0.4299562E+03, 0.0000000E+00, 0.3723530E+03, 0.1175112E-02, 0.1175039E-02
 0.7417812E+01, 0.1028201E-14,-0.1028201E-14, 0.0000000E+00, 0.1575937E-02, 0.1074750E-02, 0.2650687E-02, 0.0000000E+00, 0.0000000E+00, 0.0000000E+00,-0.1575937E-02,-0.1074750E-02,-0.2650687E-02, 0.2153781E+03, 0.4307562E+03, 0.0000000E+00, 0.3730458E+03, 0.1241015E-02, 0.1240939E-02
 0.7517812E+01, 0.1065778E-14,-0.1065778E-14, 0.0000000E+00, 0.1578864E-02, 0.1131824E-02, 0.2710688E-02, 0.0000000E+00, 0.0000000E+00, 0.0000000E+00,-0.1578864E-02,-0.1131824E-02,-0.2710687E-02, 0.2157781E+03, 0.4315562E+03, 0.0000000E+00, 0.3737386E+03, 0.1306917E-02, 0.1306839E-02
 0.7617812E+01, 0.1102123E-14,-0.1102123E-14, 0.0000000E+00, 0.1581791E-02, 0.1188897E-02, 0.2770687E-02, 0.0000000E+00, 0.0000000E+00, 0.0000000E+00,-0.1581791E-02,-0.1188897E-02,-0.2770687E-02, 0.2161781E+03, 0.4323561E+03, 0.0000000E+00, 0.3744314E+03, 0.1372820E-02, 0.1372739E-02
 0.7717812E+01, 0.1137262E-14,-0.1137262E-14, 0.0000000E+00, 0.1584717E-02, 0.1245970E-02, 0.2830687E-02, 0.0000000E+00, 0.0000000E+00, 0.0000000E+00,-0.1584717E-02,-0.1245970E-02,-0.2830687E-02, 0.2165780E+03, 0.4331561E+03, 0.0000000E+00, 0.3751242E+03, 0.1438722E-02, 0.1438639E-02
 0.7817812E+01, 0.1171253E-14,-0.1171253E-14, 0.0000000E+00, 0.1587644E-02, 0.1303043E-02, 0.2890688E-02, 0.0000000E+00, 0.0000000E+00, 0.0000000E+00,-0.1587644E-02,-0.1303043E-02,-0.2890687E-02, 0.2169780E+03, 0.4339561E+03, 0.0000000E+00, 0.3758170E+03, 0.1504625E-02, 0.1504539E-02
 0.7917812E+01, 0.1204147E-14,-0.1204147E-14, 0.0000000E+00, 0.1590571E-02, 0.1360117E-02, 0.2950688E-02, 0.0000000E+00, 0.0000000E+00, 0.0000000E+00,-0.1590571E-02,-0.1360117E-02,-0.2950687E-02, 0.2173780E+03, 0.4347560E+03, 0.0000000E+00, 0.3765098E+03, 0.1570527E-02, 0.1570439E-02
 0.8000000E+01, 0.1230462E-14,-0.1230462E-14, 0.0000000E+00, 0.1592976E-02, 0.1407024E-02, 0.3000000E-02, 0.0000000E+00, 0.0000000E+00, 0.0000000E+00,-0.1592976E-02,-0.1407024E-02,-0.3000000E-02, 0.2177067E+03, 0.4354135E+03, 0.0000000E+00, 0.3770791E+03, 0.1624691E-02, 0.1624601E-02
 0.8010000E+01, 0.1233652E-14,-0.1233652E-14, 0.0000000E+00, 0.1593269E-02, 0.1412731E-02, 0.3006000E-02, 0.0000000E+00, 0.0000000E+00, 0.0000000E+00,-0.1593269E-02,-0.1412731E-02,-0.3006000E-02, 0.2177467E+03, 0.4354935E+03, 0.0000000E+00, 0.3771484E+03, 0.1631281E-02, 0.1631191E-02
 0.8020000E+01, 0.1236833E-14,-0.1236833E-14, 0.0000000E+00, 0.1593562E-02, 0.1418438E-02, 0.3012000E-02, 0.0000000E+00, 0.0000000E+00, 0.0000000E+00,-0.1593561E-02,-0.1418438E-02,-0.3012000E-02, 0.2177867E+03, 0.4355735E+03, 0.0000000E+00, 0.3772177E+03, 0.1637872E-02, 0.1637782E-02
 0.8035000E+01, 0.1241580E-14,-0.1241580E-14, 0.0000000E+00, 0.1594001E-02, 0.1426999E-02, 0.3021000E-02, 0.0000000E+00, 0.0000000E+00, 0.0000000E+00,-0.1594000E-02,-0.1426999E-02,-0.3021000E-02, 0.2178467E+03, 0.4356935E+03, 0.0000000E+00, 0.3773216E+03, 0.1647757E-02, 0.1647667E-02
 0.8057500E+01, 0.1248647E-14,-0.1248647E-14, 0.0000000E+00, 0.1594659E-02, 0.1439841E-02, 0.3034500E-02, 0.0000000E+00, 0.0000000E+00, 0.0000000E+00,-0.1594659E-02,-0.1439841E-02,-0.3034500E-02, 0.2179367E+03, 0.4358735E+03, 0.0000000E+00, 0.3774775E+03, 0.1662585E-02, 0.1662495E-02
 0.8091250E+01, 0.1259130E-14,-0.1259130E-14, 0.0000000E+00, 0.1595647E-02, 0.1459103E-02, 0.3054750E-02, 0.0000000E+00, 0.0000000E+00, 0.0000000E+00,-0.1595647E-02,-0.1459103E-02,-0.3054750E-02, 0.2180717E+03, 0.4361435E+03, 0.0000000E+00, 0.3777113E+03, 0.1684827E-02, 0.1684737E-02
 0.8141875E+01, 0.1274597E-14,-0.1274597E-14, 0.0000000E+00, 0.1597129E-02, 0.1487996E-02, 0.3085125E-02, 0.0000000E+00, 0.0000000E+00, 0.0000000E+00,-0.1597129E-02,-0.1487996E-02,-0.3085125E-02, 0.2182742E+03, 0.4365485E+03, 0.0000000E+00, 0.3780621E+03, 0.1718190E-02, 0.1718100E-02
 0.8217813E+01, 0.1297231E-14,-0.1297231E-14, 0.0000000E+00, 0.1599351E-02, 0.1531336E-02, 0.3130688E-02, 0.0000000E+00, 0.0000000E+00, 0.0000000E+00,-0.1599351E-02,-0.1531336E-02,-0.3130688E-02, 0.2185780E+03, 0.4371560E+03, 0.0000000E+00, 0.3785882E+03, 0.1768235E-02, 0.1768144E-02
 0.8317813E+01, 0.1326082E-14,-0.1326082E-14, 0.0000000E+00, 0.1602278E-02, 0.1588410E-02, 0.3190688E-02, 0.0000000E+00, 0.0000000E+00, 0.0000000E+00,-0.1602278E-02,-0.1588410E-02,-0.3190688E-02, 0.2189780E+03, 0.4379560E+03, 0.0000000E+00, 0.3792810E+03, 0.1834137E-02, 0.1834044E-02
 0.8417813E+01, 0.1354044E-14,-0.1354044E-14, 0.0000000E+00, 0.1605205E-02, 0.1645483E-02, 0.3250687E-02, 0.0000000E+00, 0.0000000E+00, 0.0000000E+00,-0.1605205E-02,-0.1645483E-02,-0.3250687E-02, 0.2193780E+03, 0.4387560E+03, 0.0000000E+00, 0.3799738E+03, 0.1900040E-02, 0.1899944E-02
 0.8517812E+01, 0.1381120E-14,-0.1381120E-14, 0.0000000E+00, 0.1608131E-02, 0.1702556E-02, 0.3310687E-02, 0.0000000E+00, 0.0000000E+00, 0.0000000E+00,-0.1608131E-02,-0.1702556E-02,-0.3310687E-02, 0.2197780E+03, 0.4395559E+03, 0.0000000E+00, 0.3806666E+03, 0.1965942E-02, 0.1965844E-02
 0.8617812E+01, 0.1407360E-14,-0.1407360E-14, 0.0000000E+00, 0.1611058E-02, 0.1759629E-02, 0.3370687E-02, 0.0000000E+00, 0.0000000E+00, 0.0000000E+00,-0.1611058E-02,-0.1759629E-02,-0.3370687E-02, 0.2201779E+03, 0.4403559E+03, 0.0000000E+00, 0.3813594E+03, 0.2031845E-02, 0.2031744E-02
 0.8717812E+01, 0.1432778E-14,-0.1432778E-14, 0.0000000E+00, 0.1613985E-02, 0.1816703E-02, 0.3430687E-02, 0.0000000E+00, 0.0000000E+00, 0.0000000E+00,-0.1613985E-02,-0.1816703E-02,-0.3430687E-02, 0.2205779E+03, 0.4411559E+03, 0.0000000E+00, 0.3820522E+03, 0.2097748E-02, 0.2097644E-02
 0.8817812E+01, 0.1457423E-14,-0.1457423E-14, 0.0000000E+00, 0.1616912E-02, 0.1873776E-02, 0.3490687E-02, 0.0000000E+00, 0.0000000E+00, 0.0000000E+00,-0.1616911E-02,-0.1873776E-02,-0.3490687E-02, 0.2209779E+03, 0.4419558E+03, 0.0000000E+00, 0.3827450E+03, 0.2163650E-02, 0.2163544E-02
 0.8917812E+01, 0.1481334E-14,-0.1481334E-14, 0.0000000E+00, 0.1619838E-02, 0.1930849E-02, 0.3550687E-02, 0.0000000E+00, 0.0000000E+00, 0.0000000E+00,-0.1619838E-02,-0.1930849E-02,-0.3550687E-02, 0.2213779E+03, 0.4427558E+03, 0.0000000E+00, 0.3834378E+03, 0.2229552E-02, 0.2229444E-02
 0.9000000E+01, 0.1500490E-14,-0.1500490E-14, 0.0000000E+00, 0.1622244E-02, 0.1977756E-02, 0.3600000E-02, 0.0000000E+00, 0.0000000E+00, 0.0000000E+00,-0.1622244E-02,-0.1977756E-02,-0.3600000E-02, 0.2217066E+03, 0.4434133E+03, 0.0000000E+00, 0.3840072E+03, 0.2283716E-02, 0.2283606E-02
 0.9010000E+01, 0.1503584E-14,-0.1503584E-14, 0.0000000E+00, 0.1622634E-02, 0.1985366E-02, 0.3608000E-02, 0.0000000E+00, 0.0000000E+00, 0.0000000E+00,-0.1622634E-02,-0.1985366E-02,-0.3608000E-02, 0.2217600E+03, 0.4435199E+03, 0.0000000E+00, 0.3840995E+03, 0.2292503E-02, 0.2292393E-02
 0.9020000E+01, 0.1506665E-14,-0.1506665E-14, 0.0000000E+00, 0.1623024E-02, 0.1992976E-02, 0.3616000E-02, 0.0000000E+00, 0.0000000E+00, 0.0000000E+00,-0.1623024E-02,-0.1992976E-02,-0.3616000E-02, 0.2218133E+03, 0.4436266E+03, 0.0000000E+00, 0.3841919E+03, 0.2301290E-02, 0.2301180E-02
 0.9035000E+01, 0.1511258E-14,-0.1511258E-14, 0.0000000E+00, 0.1623609E-02, 0.2004391E-02, 0.3628000E-02, 0.0000000E+00, 0.0000000E+00, 0.0000000E+00,-0.1623609E-02,-0.2004391E-02,-0.3628000E-02, 0.2218933E+03, 0.4437866E+03, 0.0000000E+00, 0.3843305E+03, 0.2314471E-02, 0.2314361E-02
 0.9057500E+01, 0.1518090E-14,-0.1518090E-14, 0.0000000E+00, 0.1624488E-02, 0.2021512E-02, 0.3646000E-02, 0.0000000E+00, 0.0000000E+00, 0.0000000E+00,-0.1624487E-02,-0.2021512E-02,-0.3646000E-02, 0.2220133E+03, 0.4440266E+03, 0.0000000E+00, 0.3845383E+03, 0.2334242E-02, 0.2334132E-02
 0.9091250E+01, 0.1528190E-14,-0.1528190E-14, 0.0000000E+00, 0.1625805E-02, 0.2047195E-02, 0.3673000E-02, 0.0000000E+00, 0.0000000E+00, 0.0000000E+00,-0.1625805E-02,-0.2047195E-02,-0.3673000E-02, 0.2221933E+03, 0.4443866E+03, 0.0000000E+00, 0.3848501E+03, 0.2363898E-02, 0.2363787E-02
 0.9141875E+01, 0.1543047E-14,-0.1543047E-14, 0.0000000E+00, 0.1627780E-02, 0.2085720E-02, 0.3713500E-02, 0.0000000E+00, 0.0000000E+00, 0.0000000E+00,-0.1627780E-02,-0.2085720E-02,-0.3713500E-02, 0.2224633E+03, 0.4449266E+03, 0.0000000E+00, 0.3853177E+03, 0.2408382E-02, 0.2408271E-02
 0.9217813E+01, 0.1564652E-14,-0.1564652E-14, 0.0000000E+00, 0.1630744E-02, 0.2143506E-02, 0.3774250E-02, 0.0000000E+00, 0.0000000E+00, 0.0000000E+00,-0.1630744E-02,-0.2143506E-02,-0.3774250E-02, 0.2228683E+03, 0.4457366E+03, 0.0000000E+00, 0.3860192E+03, 0.2475108E-02, 0.2474995E-02
 0.9317813E+01, 0.1592000E-14,-0.1592000E-14, 0.0000000E+00, 0.1634646E-02, 0.2219604E-02, 0.3854250E-02, 0.0000000E+00, 0.0000000E+00, 0.0000000E+00,-0.1634646E-02,-0.2219604E-02,-0.3854250E-02, 0.2234016E+03, 0.4468032E+03, 0.0000000E+00, 0.3869429E+03, 0.2562978E-02, 0.2562857E-02
 0.9417813E+01, 0.1618301E-14,-0.1618301E-14, 0.0000000E+00, 0.1638548E-02, 0.2295702E-02, 0.3934250E-02, 0.0000000E+00, 0.0000000E+00, 0.0000000E+00,-0.1638548E-02,-0.2295702E-02,-0.3934250E-02, 0.2239349E+03, 0.4478698E+03, 0.0000000E+00, 0.3878666E+03, 0.2650848E-02, 0.2650720E-02
 0.9517812E+01, 0.1643605E-14,-0.1643605E-14, 0.0000000E+00, 0.1642450E-02, 0.2371800E-02, 0.4014250E-02, 0.0000000E+00, 0.0000000E+00, 0.0000000E+00,-0.1642450E-02,-0.2371800E-02,-0.4014250E-02, 0.2244682E+03, 0.4489364E+03, 0.0000000E+00, 0.3887903E+03, 0.2738718E-02, 0.2738583E-02
 0.9617812E+01, 0.1667966E-14,-0.1667966E-14, 0.0000000E+00, 0.1646352E-02, 0.2447898E-02, 0.4094250E-02, 0.0000000E+00, 0.0000000E+00, 0.0000000E+00,-0.1646352E-02,-0.2447898E-02,-0.4094250E-02, 0.2250015E+03, 0.4500030E+03, 0.0000000E+00, 0.3897140E+03, 0.2826589E-02, 0.2826446E-02
 0.9717812E+01, 0.1691442E-14,-0.1691442E-14, 0.0000000E+00, 0.1650254E-02, 0.2523995E-02, 0.4174250E-02, 0.0000000E+00, 0.0000000E+00, 0.0000000E+00,-0.1650254E-02,-0.2523995E-02,-0.4174250E-02, 0.2255348E+03, 0.4510695E+03, 0.0000000E+00, 0.3906377E+03, 0.2914459E-02, 0.2914309E-02
 0.9817812E+01, 0.1714050E-14,-0.1714050E-14, 0.0000000E+00, 0.1654157E-02, 0.2600093E-02, 0.4254250E-02, 0.0000000E+00, 0.0000000E+00, 0.0000000E+00,-0.1654157E-02,-0.2600093E-02,-0.4254250E-02, 0.2260681E+03, 0.4521361E+03, 0.0000000E+00, 0.3915614E+03, 0.3002329E-02, 0.3002172E-02
 0.9917812E+01, 0.1735836E-14,-0.1735836E-14, 0.0000000E+00, 0.1658059E-02, 0.2676191E-02, 0.4334250E-02, 0.0000000E+00, 0.0000000E+00, 0.0000000E+00,-0.1658059E-02,-0.2676191E-02,-0.4334250E-02, 0.2266013E+03, 0.4532027E+03, 0.0000000E+00, 0.3924850E+03, 0.3090200E-02, 0.3090036E-02
 0.1000000E+02, 0.1753226E-14,-0.1753226E-14, 0.0000000E+00, 0.1661266E-02, 0.2738734E-02, 0.4400000E-02, 0.0000000E+00, 0.0000000E+00, 0.0000000E+00,-0.1661266E-02,-0.2738734E-02,-0.4400000E-02, 0.2270396E+03, 0.4540793E+03, 0.0000000E+00, 0.3932442E+03, 0.3162418E-02, 0.3162251E-02
 0.1001000E+02, 0.1754808E-14,-0.1754808E-14, 0.0000000E+00, 0.1661558E-02, 0.2744442E-02, 0.4406000E-02, 0.0000000E+00, 0.0000000E+00, 0.0000000E+00,-0.1661558E-02,-0.2744442E-02,-0.4406000E-02, 0.2270796E+03, 0.4541592E+03, 0.0000000E+00, 0.3933134E+03, 0.3169008E-02, 0.3168841E-02
 0.1002000E+02, 0.1756386E-14,-0.1756386E-14, 0.0000000E+00, 0.1661851E-02, 0.2750149E-02, 0.4412000E-02, 0.0000000E+00, 0.0000000E+00, 0.0000000E+00,-0.1661851E-02,-0.2750149E-02,-0.4412000E-02, 0.2271196E+03, 0.4542393E+03, 0.0000000E+00, 0.3933827E+03, 0.3175599E-02, 0.3175431E-02
 0.1003500E+02, 0.1758744E-14,-0.1758744E-14, 0.0000000E+00, 0.1662290E-02, 0.2758710E-02, 0.4421000E-02, 0.0000000E+00, 0.0000000E+00, 0.0000000E+00,-0.1662290E-02,-0.2758710E-02,-0.4421000E-02, 0.2271796E+03, 0.4543593E+03, 0.0000000E+00, 0.3934867E+03, 0.3185484E-02, 0.3185317E-02
 0.1005750E+02, 0.1762255E-14,-0.1762255E-14, 0.0000000E+00, 0.1662949E-02, 0.2771551E-02, 0.4434500E-02, 0.0000000E+00, 0.0000000E+00, 0.0000000E+00,-0.1662949E-02,-0.2771551E-02,-0.4434500E-02, 0.2272696E+03, 0.4545392E+03, 0.0000000E+00, 0.3936425E+03, 0.3200312E-02, 0.3200145E-02
 0.1009125E+02, 0.1767476E-14,-0.1767476E-14, 0.0000000E+00, 0.1663936E-02, 0.2790814E-02, 0.4454750E-02, 0.0000000E+00, 0.0000000E+00, 0.0000000E+00,-0.1663936E-02,-0.2790814E-02,-0.4454750E-02, 0.2274046E+03, 0.4548093E+03, 0.0000000E+00, 0.3938764E+03, 0.3222554E-02, 0.3222387E-02
 0.1014188E+02, 0.1775209E-14,-0.1775209E-14, 0.0000000E+00, 0.1665418E-02, 0.2819707E-02, 0.4485125E-02, 0.0000000E+00, 0.0000000E+00, 0.0000000E+00,-0.1665418E-02,-0.2819707E-02,-0.4485125E-02, 0.2276071E+03, 0.4552143E+03, 0.0000000E+00, 0.3942271E+03, 0.3255917E-02, 0.3255750E-02
 0.1021781E+02, 0.1786560E-14,-0.1786560E-14, 0.0000000E+00, 0.1667641E-02, 0.2863047E-02, 0.4530688E-02, 0.0000000E+00, 0.0000000E+00, 0.0000000E+00,-0.1667641E-02,-0.2863047E-02,-0.4530687E-02, 0.2279109E+03, 0.4558217E+03, 0.0000000E+00, 0.3947532E+03, 0.3305962E-02, 0.3305794E-02
 0.1031781E+02, 0.1801109E-14,-0.1801109E-14, 0.0000000E+00, 0.1670567E-02, 0.2920120E-02, 0.4590687E-02, 0.0000000E+00, 0.0000000E+00, 0.0000000E+00,-0.1670567E-02,-0.2920120E-02,-0.4590687E-02, 0.2283109E+03, 0.4566217E+03, 0.0000000E+00, 0.3954460E+03, 0.3371864E-02, 0.3371694E-02
 0.1041781E+02, 0.1815286E-14,-0.1815286E-14, 0.0000000E+00, 0.1673494E-02, 0.2977193E-02, 0.4650687E-02, 0.0000000E+00, 0.0000000E+00, 0.0000000E+00,-0.1673494E-02,-0.2977193E-02,-0.4650687E-02, 0.2287109E+03, 0.4574217E+03, 0.0000000E+00, 0.3961388E+03, 0.3437767E-02, 0.3437594E-02
 0.1051781E+02, 0.1829109E-14,-0.1829109E-14, 0.0000000E+00, 0.1676421E-02, 0.3034267E-02, 0.4710688E-02, 0.0000000E+00, 0.0000000E+00, 0.0000000E+00,-0.1676421E-02,-0.3034267E-02,-0.4710687E-02, 0.2291108E+03, 0.4582217E+03, 0.0000000E+00, 0.3968316E+03, 0.3503669E-02, 0.3503494E-02
 0.1061781E+02, 0.1842583E-14,-0.1842583E-14, 0.0000000E+00, 0.1679348E-02, 0.3091340E-02, 0.4770688E-02, 0.0000000E+00, 0.0000000E+00, 0.0000000E+00,-0.1679348E-02,-0.3091340E-02,-0.4770688E-02, 0.2295108E+03, 0.4590217E+03, 0.0000000E+00, 0.3975244E+03, 0.3569572E-02, 0.3569395E-02
 0.1071781E+02, 0.1855724E-14,-0.1855724E-14, 0.0000000E+00, 0.1682274E-02, 0.3148413E-02, 0.4830688E-02, 0.0000000E+00, 0.0000000E+00, 0.0000000E+00,-0.1682274E-02,-0.3148413E-02,-0.4830688E-02, 0.2299108E+03, 0.4598216E+03, 0.0000000E+00, 0.3982172E+03, 0.3635474E-02, 0.3635295E-02
 0.1081781E+02, 0.1868538E-14,-0.1868538E-14, 0.0000000E+00, 0.1685201E-02, 0.3205486E-02, 0.4890687E-02, 0.0000000E+00, 0.0000000E+00, 0.0000000E+00,-0.1685201E-02,-0.3205486E-02,-0.4890687E-02, 0.2303108E+03, 0.4606216E+03, 0.0000000E+00, 0.3989100E+03, 0.3701377E-02, 0.3701195E-02
 0.1091781E+02, 0.1881041E-14,-0.1881041E-14, 0.0000000E+00, 0.1688128E-02, 0.3262560E-02, 0.4950687E-02, 0.0000000E+00, 0.0000000E+00, 0.0000000E+00,-0.1688128E-02,-0.3262560E-02,-0.4950687E-02, 0.2307108E+03, 0.4614216E+03, 0.0000000E+00, 0.3996028E+03, 0.3767279E-02, 0.3767096E-02
 0.1100000E+02, 0.1891116E-14,-0.1891116E-14, 0.0000000E+00, 0.1690533E-02, 0.3309467E-02, 0.5000000E-02, 0.0000000E+00, 0.0000000E+00, 0.0000000E+00,-0.1690533E-02,-0.3309467E-02,-0.5000000E-02, 0.2310395E+03, 0.4620791E+03, 0.0000000E+00, 0.4001722E+03, 0.3821443E-02, 0.3821258E-02
 0.1101000E+02, 0.1892947E-14,-0.1892947E-14, 0.0000000E+00, 0.1690972E-02, 0.3318028E-02, 0.5009000E-02, 0.0000000E+00, 0.0000000E+00, 0.0000000E+00,-0.1690972E-02,-0.3318028E-02,-0.5009000E-02, 0.2310995E+03, 0.4621990E+03, 0.0000000E+00, 0.4002761E+03, 0.3831329E-02, 0.3831143E-02
 0.1102000E+02, 0.1894771E-14,-0.1894771E-14, 0.0000000E+00, 0.1691411E-02, 0.3326589E-02, 0.5018000E-02, 0.0000000E+00, 0.0000000E+00, 0.0000000E+00,-0.1691411E-02,-0.3326589E-02,-0.5018000E-02, 0.2311595E+03, 0.4623191E+03, 0.0000000E+00, 0.4003801E+03, 0.3841214E-02, 0.3841029E-02
 0.1103500E+02, 0.1897493E-14,-0.1897493E-14, 0.0000000E+00, 0.1692070E-02, 0.3339430E-02, 0.5031500E-02, 0.0000000E+00, 0.0000000E+00, 0.0000000E+00,-0.1692070E-02,-0.3339430E-02,-0.5031500E-02, 0.2312495E+03, 0.4624991E+03, 0.0000000E+00, 0.4005359E+03, 0.3856042E-02, 0.3855857E-02
 0.1105750E+02, 0.1901538E-14,-0.1901538E-14, 0.0000000E+00, 0.1693058E-02, 0.3358692E-02, 0.5051750E-02, 0.0000000E+00, 0.0000000E+00, 0.0000000E+00,-0.1693057E-02,-0.3358692E-02,-0.5051750E-02, 0.2313845E+03, 0.4627690E+03, 0.0000000E+00, 0.4007697E+03, 0.3878284E-02, 0.3878099E-02
 0.1109125E+02, 0.1907536E-14,-0.1907536E-14, 0.0000000E+00, 0.1694539E-02, 0.3387586E-02, 0.5082125E-02, 0.0000000E+00, 0.0000000E+00, 0.0000000E+00,-0.1694539E-02,-0.3387586E-02,-0.5082125E-02, 0.2315870E+03, 0.4631740E+03, 0.0000000E+00, 0.4011205E+03, 0.3911647E-02, 0.3911462E-02
 0.1114188E+02, 0.1916370E-14,-0.1916370E-14, 0.0000000E+00, 0.1696762E-02, 0.3430926E-02, 0.5127688E-02, 0.0000000E+00, 0.0000000E+00, 0.0000000E+00,-0.1696762E-02,-0.3430926E-02,-0.5127687E-02, 0.2318908E+03, 0.4637816E+03, 0.0000000E+00, 0.4016466E+03, 0.3961692E-02, 0.3961506E-02
 0.1121781E+02, 0.1929281E-14,-0.1929281E-14, 0.0000000E+00, 0.1700096E-02, 0.3495936E-02, 0.5196031E-02, 0.0000000E+00, 0.0000000E+00, 0.0000000E+00,-0.1700096E-02,-0.3495936E-02,-0.5196031E-02, 0.2323464E+03, 0.4646928E+03, 0.0000000E+00, 0.4024358E+03, 0.4036759E-02, 0.4036569E-02
 0.1131781E+02, 0.1945700E-14,-0.1945700E-14, 0.0000000E+00, 0.1704486E-02, 0.3581546E-02, 0.5286031E-02, 0.0000000E+00, 0.0000000E+00, 0.0000000E+00,-0.1704486E-02,-0.3581546E-02,-0.5286031E-02, 0.2329464E+03, 0.4658927E+03, 0.0000000E+00, 0.4034749E+03, 0.4135612E-02, 0.4135413E-02
 0.1141781E+02, 0.1961583E-14,-0.1961583E-14, 0.0000000E+00, 0.1708876E-02, 0.3667156E-02, 0.5376031E-02, 0.0000000E+00, 0.0000000E+00, 0.0000000E+00,-0.1708875E-02,-0.3667156E-02,-0.5376031E-02, 0.2335463E+03, 0.4670926E+03, 0.0000000E+00, 0.4045141E+03, 0.4234467E-02, 0.4234257E-02
 0.1151781E+02, 0.1976955E-14,-0.1976955E-14, 0.0000000E+00, 0.1713265E-02, 0.3752766E-02, 0.5466031E-02, 0.0000000E+00, 0.0000000E+00, 0.0000000E+00,-0.1713265E-02,-0.3752766E-02,-0.5466031E-02, 0.2341463E+03, 0.4682925E+03, 0.0000000E+00, 0.4055532E+03, 0.4333321E-02, 0.4333101E-02
 0.1161781E+02, 0.1991811E-14,-0.1991811E-14, 0.0000000E+00, 0.1717655E-02, 0.3838376E-02, 0.5556031E-02, 0.0000000E+00, 0.0000000E+00, 0.0000000E+00,-0.1717655E-02,-0.3838376E-02,-0.5556031E-02, 0.2347462E+03, 0.4694924E+03, 0.0000000E+00, 0.4065923E+03, 0.4432175E-02, 0.4431945E-02
 0.1171781E+02, 0.2006213E-14,-0.2006213E-14, 0.0000000E+00, 0.1722045E-02, 0.3923986E-02, 0.5646031E-02, 0.0000000E+00, 0.0000000E+00, 0.0000000E+00,-0.1722045E-02,-0.3923986E-02,-0.5646031E-02, 0.2353461E+03, 0.4706923E+03, 0.0000000E+00, 0.4076315E+03, 0.4531029E-02, 0.4530789E-02
 0.1181781E+02, 0.2020199E-14,-0.2020199E-14, 0.0000000E+00, 0.1726435E-02, 0.4009597E-02, 0.5736031E-02, 0.0000000E+00, 0.0000000E+00, 0.0000000E+00,-0.1726435E-02,-0.4009597E-02,-0.5736031E-02, 0.2359461E+03, 0.4718922E+03, 0.0000000E+00, 0.4086706E+03, 0.4629883E-02, 0.4629633E-02
 0.1191781E+02, 0.2033750E-14,-0.2033750E-14, 0.0000000E+00, 0.1730825E-02, 0.4095207E-02, 0.5826031E-02, 0.0000000E+00, 0.0000000E+00, 0.0000000E+00,-0.1730825E-02,-0.4095207E-02,-0.5826031E-02, 0.2365460E+03, 0.4730920E+03, 0.0000000E+00, 0.4097097E+03, 0.4728737E-02, 0.4728477E-02
 0.1200000E+02, 0.2044625E-14,-0.2044625E-14, 0.0000000E+00, 0.1734432E-02, 0.4165567E-02, 0.5900000E-02, 0.0000000E+00, 0.0000000E+00, 0.0000000E+00,-0.1734432E-02,-0.4165567E-02,-0.5900000E-02, 0.2370391E+03, 0.4740782E+03, 0.0000000E+00, 0.4105638E+03, 0.4809983E-02, 0.4809719E-02
 0.1201000E+02, 0.2045800E-14,-0.2045800E-14, 0.0000000E+00, 0.1734823E-02, 0.4173177E-02, 0.5908000E-02, 0.0000000E+00, 0.0000000E+00, 0.0000000E+00,-0.1734822E-02,-0.4173177E-02,-0.5908000E-02, 0.2370924E+03, 0.4741848E+03, 0.0000000E+00, 0.4106561E+03, 0.4818770E-02, 0.4818506E-02
 0.1202000E+02, 0.2046968E-14,-0.2046968E-14, 0.0000000E+00, 0.1735213E-02, 0.4180787E-02, 0.5916000E-02, 0.0000000E+00, 0.0000000E+00, 0.0000000E+00,-0.1735213E-02,-0.4180787E-02,-0.5916000E-02, 0.2371457E+03, 0.4742915E+03, 0.0000000E+00, 0.4107485E+03, 0.4827557E-02, 0.4827293E-02
 0.1203500E+02, 0.2048714E-14,-0.2048714E-14, 0.0000000E+00, 0.1735798E-02, 0.4192202E-02, 0.5928000E-02, 0.0000000E+00, 0.0000000E+00, 0.0000000E+00,-0.1735798E-02,-0.4192202E-02,-0.5928000E-02, 0.2372257E+03, 0.4744514E+03, 0.0000000E+00, 0.4108870E+03, 0.4840738E-02, 0.4840473E-02
 0.1205750E+02, 0.2051320E-14,-0.2051320E-14, 0.0000000E+00, 0.1736676E-02, 0.4209324E-02, 0.5946000E-02, 0.0000000E+00, 0.0000000E+00, 0.0000000E+00,-0.1736676E-02,-0.4209324E-02,-0.5946000E-02, 0.2373457E+03, 0.4746915E+03, 0.0000000E+00, 0.4110949E+03, 0.4860509E-02, 0.4860244E-02
 0.1209125E+02, 0.2055195E-14,-0.2055195E-14, 0.0000000E+00, 0.1737993E-02, 0.4235007E-02, 0.5973000E-02, 0.0000000E+00, 0.0000000E+00, 0.0000000E+00,-0.1737993E-02,-0.4235007E-02,-0.5973000E-02, 0.2375257E+03, 0.4750515E+03, 0.0000000E+00, 0.4114066E+03, 0.4890165E-02, 0.4889900E-02
 0.1214188E+02, 0.2060929E-14,-0.2060929E-14, 0.0000000E+00, 0.1739969E-02, 0.4273531E-02, 0.6013500E-02, 0.0000000E+00, 0.0000000E+00, 0.0000000E+00,-0.1739969E-02,-0.4273531E-02,-0.6013500E-02, 0.2377957E+03, 0.4755915E+03, 0.0000000E+00, 0.4118743E+03, 0.4934649E-02, 0.4934384E-02
 0.1221781E+02, 0.2069363E-14,-0.2069363E-14, 0.0000000E+00, 0.1742932E-02, 0.4331318E-02, 0.6074250E-02, 0.0000000E+00, 0.0000000E+00, 0.0000000E+00,-0.1742932E-02,-0.4331318E-02,-0.6074250E-02, 0.2382007E+03, 0.4764015E+03, 0.0000000E+00, 0.4125758E+03, 0.5001375E-02, 0.5001108E-02
 0.1231781E+02, 0.2080215E-14,-0.2080215E-14, 0.0000000E+00, 0.1746835E-02, 0.4407416E-02, 0.6154250E-02, 0.0000000E+00, 0.0000000E+00, 0.0000000E+00,-0.1746834E-02,-0.4407416E-02,-0.6154250E-02, 0.2387341E+03, 0.4774681E+03, 0.0000000E+00, 0.4134995E+03, 0.5089245E-02, 0.5088971E-02
 0.1241781E+02, 0.2090800E-14,-0.2090800E-14, 0.0000000E+00, 0.1750737E-02, 0.4483513E-02, 0.6234250E-02, 0.0000000E+00, 0.0000000E+00, 0.0000000E+00,-0.1750737E-02,-0.4483513E-02,-0.6234250E-02, 0.2392673E+03, 0.4785347E+03, 0.0000000E+00, 0.4144232E+03, 0.5177115E-02, 0.5176836E-02
 0.1251781E+02, 0.2101125E-14,-0.2101125E-14, 0.0000000E+00, 0.1754639E-02, 0.4559611E-02, 0.6314250E-02, 0.0000000E+00, 0.0000000E+00, 0.0000000E+00,-0.1754639E-02,-0.4559611E-02,-0.6314250E-02, 0.2398006E+03, 0.4796013E+03, 0.0000000E+00, 0.4153469E+03, 0.5264985E-02, 0.5264700E-02
 0.1261781E+02, 0.2111237E-14,-0.2111237E-14, 0.0000000E+00, 0.1758541E-02, 0.4635709E-02, 0.6394250E-02, 0.0000000E+00, 0.0000000E+00, 0.0000000E+00,-0.1758541E-02,-0.4635709E-02,-0.6394250E-02, 0.2403339E+03, 0.4806679E+03, 0.0000000E+00, 0.4162706E+03, 0.5352856E-02, 0.5352564E-02
 0.1271781E+02, 0.2121129E-14,-0.2121129E-14, 0.0000000E+00, 0.1762443E-02, 0.4711807E-02, 0.6474250E-02, 0.0000000E+00, 0.0000000E+00, 0.0000000E+00,-0.1762443E-02,-0.4711807E-02,-0.6474250E-02, 0.2408672E+03, 0.4817345E+03, 0.0000000E+00, 0.4171943E+03, 0.5440726E-02, 0.5440428E-02
 0.1281781E+02, 0.2130809E-14,-0.2130809E-14, 0.0000000E+00, 0.1766345E-02, 0.4787905E-02, 0.6554250E-02, 0.0000000E+00, 0.0000000E+00, 0.0000000E+00,-0.1766345E-02,-0.4787905E-02,-0.6554250E-02, 0.2414005E+03, 0.4828011E+03, 0.0000000E+00, 0.4181180E+03, 0.5528596E-02, 0.5528292E-02
 0.1291781E+02, 0.2140260E-14,-0.2140260E-14, 0.0000000E+00, 0.1770248E-02, 0.4864002E-02, 0.6634250E-02, 0.0000000E+00, 0.0000000E+00, 0.0000000E+00,-0.1770248E-02,-0.4864002E-02,-0.6634250E-02, 0.2419338E+03, 0.4838677E+03, 0.0000000E+00, 0.4190417E+03, 0.5616466E-02, 0.5616157E-02
 0.1300000E+02, 0.2147904E-14,-0.2147904E-14, 0.0000000E+00, 0.1773455E-02, 0.4926545E-02, 0.6700000E-02, 0.0000000E+00, 0.0000000E+00, 0.0000000E+00,-0.1773455E-02,-0.4926545E-02,-0.6700000E-02, 0.2423721E+03, 0.4847443E+03, 0.0000000E+00, 0.4198008E+03, 0.5688685E-02, 0.5688372E-02
 0.1301000E+02, 0.2148833E-14,-0.2148833E-14, 0.0000000E+00, 0.1773845E-02, 0.4934155E-02, 0.6708000E-02, 0.0000000E+00, 0.0000000E+00, 0.0000000E+00,-0.1773845E-02,-0.4934155E-02,-0.6708000E-02, 0.2424255E+03, 0.4848509E+03, 0.0000000E+00, 0.4198932E+03, 0.5697472E-02, 0.5697160E-02
 0.1302000E+02, 0.2149759E-14,-0.2149759E-14, 0.0000000E+00, 0.1774235E-02, 0.4941765E-02, 0.6716000E-02, 0.0000000E+00, 0.0000000E+00, 0.0000000E+00,-0.1774235E-02,-0.4941765E-02,-0.6716000E-02, 0.2424788E+03, 0.4849576E+03, 0.0000000E+00, 0.4199856E+03, 0.5706259E-02, 0.5705947E-02
 0.1303500E+02, 0.2151144E-14,-0.2151144E-14, 0.0000000E+00, 0.1774820E-02, 0.4953180E-02, 0.6728000E-02, 0.0000000E+00, 0.0000000E+00, 0.0000000E+00,-0.1774820E-02,-0.4953180E-02,-0.6728000E-02, 0.2425588E+03, 0.4851176E+03, 0.0000000E+00, 0.4201242E+03, 0.5719439E-02, 0.5719127E-02
 0.1305750E+02, 0.2153211E-14,-0.2153211E-14, 0.0000000E+00, 0.1775699E-02, 0.4970301E-02, 0.6746000E-02, 0.0000000E+00, 0.0000000E+00, 0.0000000E+00,-0.1775699E-02,-0.4970301E-02,-0.6746000E-02, 0.2426788E+03, 0.4853576E+03, 0.0000000E+00, 0.4203320E+03, 0.5739210E-02, 0.5738898E-02
 0.1309125E+02, 0.2156293E-14,-0.2156293E-14, 0.0000000E+00, 0.1777016E-02, 0.4995984E-02, 0.6773000E-02, 0.0000000E+00, 0.0000000E+00, 0.0000000E+00,-0.1777016E-02,-0.4995984E-02,-0.6773000E-02, 0.2428588E+03, 0.4857176E+03, 0.0000000E+00, 0.4206438E+03, 0.5768866E-02, 0.5768553E-02
 0.1314188E+02, 0.2160859E-14,-0.2160859E-14, 0.0000000E+00, 0.1778991E-02, 0.5034509E-02, 0.6813500E-02, 0.0000000E+00, 0.0000000E+00, 0.0000000E+00,-0.1778991E-02,-0.5034509E-02,-0.6813500E-02, 0.2431288E+03, 0.4862576E+03, 0.0000000E+00, 0.4211114E+03, 0.5813350E-02, 0.5813038E-02
 0.1321781E+02, 0.2167607E-14,-0.2167607E-14, 0.0000000E+00, 0.1781955E-02, 0.5092295E-02, 0.6874250E-02, 0.0000000E+00, 0.0000000E+00, 0.0000000E+00,-0.1781955E-02,-0.5092295E-02,-0.6874250E-02, 0.2435338E+03, 0.4870676E+03, 0.0000000E+00, 0.4218129E+03, 0.5880076E-02, 0.5879762E-02
 0.1331781E+02, 0.2176330E-14,-0.2176330E-14, 0.0000000E+00, 0.1785857E-02, 0.5168393E-02, 0.6954250E-02, 0.0000000E+00, 0.0000000E+00, 0.0000000E+00,-0.1785857E-02,-0.5168393E-02,-0.6954250E-02, 0.2440671E+03, 0.4881342E+03, 0.0000000E+00, 0.4227366E+03, 0.5967946E-02, 0.5967626E-02
 0.1341781E+02, 0.2184877E-14,-0.2184877E-14, 0.0000000E+00, 0.1789759E-02, 0.5244491E-02, 0.7034250E-02, 0.0000000E+00, 0.0000000E+00, 0.0000000E+00,-0.1789759E-02,-0.5244491E-02,-0.7034250E-02, 0.2446004E+03, 0.4892008E+03, 0.0000000E+00, 0.4236603E+03, 0.6055817E-02, 0.6055490E-02
 0.1351781E+02, 0.2193280E-14,-0.2193280E-14, 0.0000000E+00, 0.1793661E-02, 0.5320589E-02, 0.7114250E-02, 0.0000000E+00, 0.0000000E+00, 0.0000000E+00,-0.1793661E-02,-0.5320589E-02,-0.7114250E-02, 0.2451337E+03, 0.4902674E+03, 0.0000000E+00, 0.4245840E+03, 0.6143686E-02, 0.6143355E-02
 0.1361781E+02, 0.2201541E-14,-0.2201541E-14, 0.0000000E+00, 0.1797564E-02, 0.5396686E-02, 0.7194250E-02, 0.0000000E+00, 0.0000000E+00, 0.0000000E+00,-0.1797564E-02,-0.5396686E-02,-0.7194250E-02, 0.2456670E+03, 0.4913340E+03, 0.0000000E+00, 0.4255077E+03, 0.6231557E-02, 0.6231219E-02
 0.1371781E+02, 0.2209666E-14,-0.2209666E-14, 0.0000000E+00, 0.1801466E-02, 0.5472784E-02, 0.7274250E-02, 0.0000000E+00, 0.0000000E+00, 0.0000000E+00,-0.1801466E-02,-0.5472784E-02,-0.7274250E-02, 0.2462003E+03, 0.4924006E+03, 0.0000000E+00, 0.4264315E+03, 0.6319427E-02, 0.6319084E-02
 0.1381781E+02, 0.2217650E-14,-0.2217650E-14, 0.0000000E+00, 0.1805368E-02, 0.5548882E-02, 0.7354250E-02, 0.0000000E+00, 0.0000000E+00, 0.0000000E+00,-0.1805368E-02,-0.5548882E-02,-0.7354250E-02, 0.2467336E+03, 0.4934672E+03, 0.0000000E+00, 0.4273552E+03, 0.6407297E-02, 0.6406948E-02
 0.1391781E+02, 0.2225517E-14,-0.2225517E-14, 0.0000000E+00, 0.1809270E-02, 0.5624980E-02, 0.7434250E-02, 0.0000000E+00, 0.0000000E+00, 0.0000000E+00,-0.1809270E-02,-0.5624980E-02,-0.7434250E-02, 0.2472669E+03, 0.4945338E+03, 0.0000000E+00, 0.4282788E+03, 0.6495167E-02, 0.6494813E-02
 0.1400000E+02, 0.2231881E-14,-0.2231881E-14, 0.0000000E+00, 0.1812477E-02, 0.5687523E-02, 0.7500000E-02, 0.0000000E+00, 0.0000000E+00, 0.0000000E+00,-0.1812477E-02,-0.5687523E-02,-0.7500000E-02, 0.2477052E+03, 0.4954104E+03, 0.0000000E+00, 0.4290380E+03, 0.6567386E-02, 0.6567029E-02
 0.1401000E+02, 0.5493492E-05, 0.6508075E-08, 0.5500000E-05, 0.1809833E-02, 0.5689667E-02, 0.7499500E-02, 0.3995267E-05, 0.4733148E-08, 0.4000000E-05,-0.1815327E-02,-0.5689674E-02,-0.7505000E-02, 0.2488454E+03, 0.4954385E+03, 0.2730099E+00, 0.4290640E+03, 0.6569865E-02, 0.6569505E-02
 0.1402000E+02, 0.1098040E-04, 0.1960028E-07, 0.1100000E-04, 0.1807178E-02, 0.5691822E-02, 0.7499000E-02, 0.7985745E-05, 0.1425475E-07, 0.8000000E-05,-0.1818159E-02,-0.5691841E-02,-0.7510000E-02, 0.2499823E+03, 0.4954627E+03, 0.5456926E+00, 0.4290903E+03, 0.6572361E-02, 0.6571998E-02
 0.1403500E+02, 0.1919580E-04, 0.5420424E-07, 0.1925000E-04, 0.1803178E-02, 0.5695072E-02, 0.7498250E-02, 0.1396058E-04, 0.3942127E-07, 0.1400000E-04,-0.1822374E-02,-0.5695126E-02,-0.7517500E-02, 0.2516812E+03, 0.4954920E+03, 0.9539729E+00, 0.4291299E+03, 0.6576134E-02, 0.6575765E-02
 0.1405750E+02, 0.3148465E-04, 0.1403445E-06, 0.3162500E-04, 0.1797136E-02, 0.5699989E-02, 0.7497125E-02, 0.2289793E-04, 0.1020688E-06, 0.2300000E-04,-0.1828621E-02,-0.5700130E-02,-0.7528750E-02, 0.2542144E+03, 0.4955201E+03, 0.1564692E+01, 0.4291900E+03, 0.6581862E-02, 0.6581477E-02
 0.1409125E+02, 0.4983907E-04, 0.3484331E-06, 0.5018750E-04, 0.1787983E-02, 0.5707454E-02, 0.7495438E-02, 0.3624659E-04, 0.2534059E-06, 0.3650000E-04,-0.1837822E-02,-0.5707803E-02,-0.7545625E-02, 0.2579804E+03, 0.4955268E+03, 0.2476851E+01, 0.4292818E+03, 0.6590602E-02, 0.6590221E-02
 0.1414188E+02, 0.7718723E-04, 0.8440203E-06, 0.7803125E-04, 0.1774061E-02, 0.5718845E-02, 0.7492906E-02, 0.5613617E-04, 0.6138330E-06, 0.5675000E-04,-0.1851249E-02,-0.5719689E-02,-0.7570937E-02, 0.2635529E+03, 0.4954590E+03, 0.3835971E+01, 0.4294232E+03, 0.6604041E-02, 0.6603670E-02
 0.1421781E+02, 0.1177773E-03, 0.2019547E-05, 0.1197969E-03, 0.1752770E-02, 0.5736339E-02, 0.7489109E-02, 0.8565624E-04, 0.1468761E-05, 0.8712500E-04,-0.1870548E-02,-0.5738358E-02,-0.7608906E-02, 0.2717377E+03, 0.4951868E+03, 0.5853176E+01, 0.4296431E+03, 0.6624920E-02, 0.6624588E-02
 0.1431781E+02, 0.1704307E-03, 0.4366178E-05, 0.1747969E-03, 0.1724032E-02, 0.5760077E-02, 0.7484109E-02, 0.1239496E-03, 0.3175402E-05, 0.1271250E-03,-0.1894463E-02,-0.5764443E-02,-0.7658906E-02, 0.2822021E+03, 0.4945277E+03, 0.8469890E+01, 0.4299467E+03, 0.6653687E-02, 0.6653465E-02
 0.1441781E+02, 0.2222177E-03, 0.7579221E-05, 0.2297969E-03, 0.1694531E-02, 0.5784578E-02, 0.7479109E-02, 0.1616128E-03, 0.5512161E-05, 0.1671250E-03,-0.1916749E-02,-0.5792157E-02,-0.7708906E-02, 0.2923254E+03, 0.4935416E+03, 0.1104354E+02, 0.4302657E+03, 0.6683836E-02, 0.6683813E-02
 0.1451781E+02, 0.2730869E-03, 0.1170995E-04, 0.2847969E-03, 0.1664356E-02, 0.5809753E-02, 0.7474109E-02, 0.1986087E-03, 0.8516330E-05, 0.2071250E-03,-0.1937443E-02,-0.5821463E-02,-0.7758906E-02, 0.3021057E+03, 0.4922458E+03, 0.1357159E+02, 0.4305997E+03, 0.6715298E-02, 0.6715585E-02
 0.1461781E+02, 0.3229934E-03, 0.1680349E-04, 0.3397969E-03, 0.1633595E-02, 0.5835515E-02, 0.7469109E-02, 0.2349043E-03, 0.1222072E-04, 0.2471250E-03,-0.1956588E-02,-0.5852318E-02,-0.7808906E-02, 0.3115428E+03, 0.4906583E+03, 0.1605179E+02, 0.4309482E+03, 0.6747998E-02, 0.6748736E-02
 0.1471781E+02, 0.3718980E-03, 0.2289890E-04, 0.3947969E-03, 0.1602332E-02, 0.5861777E-02, 0.7464109E-02, 0.2704712E-03, 0.1665375E-04, 0.2871250E-03,-0.1974230E-02,-0.5884676E-02,-0.7858906E-02, 0.3206375E+03, 0.4887969E+03, 0.1848220E+02, 0.4313108E+03, 0.6781863E-02, 0.6783220E-02
 0.1481781E+02, 0.4197675E-03, 0.3002936E-04, 0.4497969E-03, 0.1570652E-02, 0.5888457E-02, 0.7459109E-02, 0.3052855E-03, 0.2183954E-04, 0.3271250E-03,-0.1990420E-02,-0.5918487E-02,-0.7908906E-02, 0.3293922E+03, 0.4866798E+03, 0.2086117E+02, 0.4316868E+03, 0.6816820E-02, 0.6818990E-02
 0.1491781E+02, 0.4665745E-03, 0.3822235E-04, 0.5047969E-03, 0.1538634E-02, 0.5915476E-02, 0.7454109E-02, 0.3393269E-03, 0.2779807E-04, 0.3671250E-03,-0.2005209E-02,-0.5953698E-02,-0.7958906E-02, 0.3378103E+03, 0.4843251E+03, 0.2318734E+02, 0.4320759E+03, 0.6852796E-02, 0.6856000E-02
 0.1500000E+02, 0.5042910E-03, 0.4570904E-04, 0.5500000E-03, 0.1512076E-02, 0.5937924E-02, 0.7450000E-02, 0.3667571E-03, 0.3324294E-04, 0.4000000E-03,-0.2016367E-02,-0.5983633E-02,-0.8000000E-02, 0.3444900E+03, 0.4822206E+03, 0.2506173E+02, 0.4324051E+03, 0.6883092E-02, 0.6887314E-02
 0.1501000E+02, 0.5064621E-03, 0.4603791E-04, 0.5525000E-03, 0.1510496E-02, 0.5938904E-02, 0.7449400E-02, 0.3685178E-03, 0.3348224E-04, 0.4020000E-03,-0.2016958E-02,-0.5984942E-02,-0.8001900E-02, 0.3448673E+03, 0.4820852E+03, 0.2518205E+02, 0.4324195E+03, 0.6884417E-02, 0.6888683E-02
 0.1502000E+02, 0.5086312E-03, 0.4636885E-04, 0.5550000E-03, 0.1508914E-02, 0.5939886E-02, 0.7448800E-02, 0.3702768E-03, 0.3372316E-04, 0.4040000E-03,-0.2017545E-02,-0.5986255E-02,-0.8003800E-02, 0.3452440E+03, 0.4819493E+03, 0.2530225E+02, 0.4324339E+03, 0.6885745E-02, 0.6890055E-02
 0.1503500E+02, 0.5118804E-03, 0.4686963E-04, 0.5587500E-03, 0.1506540E-02, 0.5941360E-02, 0.7447900E-02, 0.3729120E-03, 0.3408799E-04, 0.4070000E-03,-0.2018420E-02,-0.5988230E-02,-0.8006650E-02, 0.3458077E+03, 0.4817445E+03, 0.2548232E+02, 0.4324556E+03, 0.6887740E-02, 0.6892117E-02
 0.1505750E+02, 0.5167443E-03, 0.4763072E-04, 0.5643750E-03, 0.1502976E-02, 0.5943574E-02, 0.7446550E-02, 0.3768570E-03, 0.3464304E-04, 0.4115000E-03,-0.2019720E-02,-0.5991205E-02,-0.8010925E-02, 0.3466502E+03, 0.4814352E+03, 0.2575189E+02, 0.4324883E+03, 0.6890741E-02, 0.6895219E-02
 0.1509125E+02, 0.5240178E-03, 0.4879470E-04, 0.5728125E-03, 0.1497625E-02, 0.5946900E-02, 0.7444525E-02, 0.3827568E-03, 0.3549324E-04, 0.4182500E-03,-0.2021642E-02,-0.5995695E-02,-0.8017337E-02, 0.3479069E+03, 0.4809665E+03, 0.2615504E+02, 0.4325375E+03, 0.6895264E-02, 0.6899896E-02
 0.1514188E+02, 0.5348775E-03, 0.5059121E-04, 0.5854687E-03, 0.1489584E-02, 0.5951903E-02, 0.7441487E-02, 0.3915666E-03, 0.3680841E-04, 0.4283750E-03,-0.2024462E-02,-0.6002495E-02,-0.8026956E-02, 0.3497763E+03, 0.4802529E+03, 0.2675705E+02, 0.4326119E+03, 0.6902093E-02, 0.6906960E-02
 0.1521781E+02, 0.5510527E-03, 0.5340045E-04, 0.6044531E-03, 0.1477496E-02, 0.5959436E-02, 0.7436931E-02, 0.4046910E-03, 0.3887150E-04, 0.4435625E-03,-0.2028548E-02,-0.6012836E-02,-0.8041384E-02, 0.3525454E+03, 0.4791593E+03, 0.2765388E+02, 0.4327247E+03, 0.6912437E-02, 0.6917721E-02
 0.1531781E+02, 0.5721503E-03, 0.5730281E-04, 0.6294531E-03, 0.1461527E-02, 0.5969404E-02, 0.7430931E-02, 0.4218140E-03, 0.4174849E-04, 0.4635625E-03,-0.2033677E-02,-0.6026707E-02,-0.8060384E-02, 0.3561298E+03, 0.4776779E+03, 0.2882396E+02, 0.4328762E+03, 0.6926237E-02, 0.6932123E-02
 0.1541781E+02, 0.5930337E-03, 0.6141942E-04, 0.6544531E-03, 0.1445493E-02, 0.5979438E-02, 0.7424931E-02, 0.4387682E-03, 0.4479425E-04, 0.4835625E-03,-0.2038527E-02,-0.6040858E-02,-0.8079384E-02, 0.3596466E+03, 0.4761494E+03, 0.2998250E+02, 0.4330303E+03, 0.6940241E-02, 0.6946786E-02
 0.1551781E+02, 0.6137005E-03, 0.6575262E-04, 0.6794531E-03, 0.1429401E-02, 0.5989531E-02, 0.7418931E-02, 0.4555517E-03, 0.4801080E-04, 0.5035625E-03,-0.2043101E-02,-0.6055283E-02,-0.8098384E-02, 0.3630962E+03, 0.4745752E+03, 0.3112937E+02, 0.4331872E+03, 0.6954443E-02, 0.6961707E-02
 0.1561781E+02, 0.6341487E-03, 0.7030449E-04, 0.7044532E-03, 0.1413256E-02, 0.5999675E-02, 0.7412931E-02, 0.4721626E-03, 0.5139994E-04, 0.5235625E-03,-0.2047405E-02,-0.6069980E-02,-0.8117385E-02, 0.3664790E+03, 0.4729570E+03, 0.3226444E+02, 0.4333467E+03, 0.6968836E-02, 0.6976880E-02
 0.1571781E+02, 0.6543762E-03, 0.7507695E-04, 0.7294531E-03, 0.1397067E-02, 0.6009864E-02, 0.7406931E-02, 0.4885991E-03, 0.5496337E-04, 0.5435625E-03,-0.2051443E-02,-0.6084941E-02,-0.8136384E-02, 0.3697953E+03, 0.4712964E+03, 0.3338761E+02, 0.4335088E+03, 0.6983415E-02, 0.6992302E-02
 0.1581781E+02, 0.6743814E-03, 0.8007167E-04, 0.7544531E-03, 0.1380840E-02, 0.6020091E-02, 0.7400931E-02, 0.5048600E-03, 0.5870255E-04, 0.5635625E-03,-0.2055222E-02,-0.6100163E-02,-0.8155385E-02, 0.3730457E+03, 0.4695951E+03, 0.3449876E+02, 0.4336735E+03, 0.6998172E-02, 0.7007970E-02
 0.1591781E+02, 0.6941630E-03, 0.8529014E-04, 0.7794531E-03, 0.1364582E-02, 0.6030350E-02, 0.7394931E-02, 0.5209437E-03, 0.6261881E-04, 0.5835625E-03,-0.2058745E-02,-0.6115640E-02,-0.8174384E-02, 0.3762307E+03, 0.4678546E+03, 0.3559782E+02, 0.4338408E+03, 0.7013102E-02, 0.7023880E-02
 0.1600000E+02, 0.7102631E-03, 0.8973688E-04, 0.8000000E-03, 0.1351191E-02, 0.6038809E-02, 0.7390000E-02, 0.5340377E-03, 0.6596227E-04, 0.6000000E-03,-0.2061454E-02,-0.6128546E-02,-0.8190000E-02, 0.3788014E+03, 0.4663948E+03, 0.3649258E+02, 0.4339801E+03, 0.7025502E-02, 0.7037134E-02
 0.1601000E+02, 0.7119681E-03, 0.9003196E-04, 0.8020000E-03, 0.1349732E-02, 0.6039368E-02, 0.7389100E-02, 0.5355158E-03, 0.6618422E-04, 0.6017000E-03,-0.2061700E-02,-0.6129400E-02,-0.8191100E-02, 0.3790679E+03, 0.4662289E+03, 0.3659358E+02, 0.4339893E+03, 0.7026323E-02, 0.7038011E-02
 0.1602000E+02, 0.7136716E-03, 0.9032837E-04, 0.8040000E-03, 0.1348272E-02, 0.6039928E-02, 0.7388200E-02, 0.5369927E-03, 0.6640725E-04, 0.6034000E-03,-0.2061943E-02,-0.6130257E-02,-0.8192200E-02, 0.3793340E+03, 0.4660627E+03, 0.3669450E+02, 0.4339986E+03, 0.7027145E-02, 0.7038890E-02
 0.1603500E+02, 0.7162243E-03, 0.9077573E-04, 0.8070000E-03, 0.1346081E-02, 0.6040769E-02, 0.7386850E-02, 0.5392060E-03, 0.6674405E-04, 0.6059500E-03,-0.2062305E-02,-0.6131545E-02,-0.8193850E-02, 0.3797324E+03, 0.4658127E+03, 0.3684574E+02, 0.4340125E+03, 0.7028380E-02, 0.7040211E-02
 0.1605750E+02, 0.7200470E-03, 0.9145299E-04, 0.8115000E-03, 0.1342793E-02, 0.6042032E-02, 0.7384825E-02, 0.5425207E-03, 0.6725432E-04, 0.6097750E-03,-0.2062840E-02,-0.6133485E-02,-0.8196325E-02, 0.3803279E+03, 0.4654365E+03, 0.3707225E+02, 0.4340334E+03, 0.7030240E-02, 0.7042201E-02
 0.1609125E+02, 0.7257671E-03, 0.9248286E-04, 0.8182500E-03, 0.1337857E-02, 0.6043931E-02, 0.7381788E-02, 0.5474813E-03, 0.6803121E-04, 0.6155125E-03,-0.2063624E-02,-0.6136413E-02,-0.8200037E-02, 0.3812168E+03, 0.4648691E+03, 0.3741122E+02, 0.4340650E+03, 0.7033043E-02, 0.7045201E-02
 0.1614188E+02, 0.7343157E-03, 0.9405933E-04, 0.8283750E-03, 0.1330444E-02, 0.6046787E-02, 0.7377231E-02, 0.5548963E-03, 0.6922249E-04, 0.6241187E-03,-0.2064760E-02,-0.6140846E-02,-0.8205606E-02, 0.3825403E+03, 0.4640113E+03, 0.3791791E+02, 0.4341127E+03, 0.7037275E-02, 0.7049738E-02
 0.1621781E+02, 0.7470667E-03, 0.9649573E-04, 0.8435625E-03, 0.1319307E-02, 0.6051090E-02, 0.7370397E-02, 0.5659599E-03, 0.7106824E-04, 0.6370281E-03,-0.2066374E-02,-0.6147585E-02,-0.8213959E-02, 0.3845036E+03, 0.4627098E+03, 0.3867392E+02, 0.4341852E+03, 0.7043689E-02, 0.7056623E-02
 0.1631781E+02, 0.7637299E-03, 0.9983267E-04, 0.8635625E-03, 0.1304607E-02, 0.6056790E-02, 0.7361397E-02, 0.5804239E-03, 0.7360427E-04, 0.6540281E-03,-0.2068337E-02,-0.6156622E-02,-0.8224959E-02, 0.3870491E+03, 0.4609691E+03, 0.3966230E+02, 0.4342823E+03, 0.7052251E-02, 0.7065879E-02
 0.1641781E+02, 0.7802557E-03, 0.1033068E-03, 0.8835625E-03, 0.1289864E-02, 0.6062533E-02, 0.7352397E-02, 0.5947756E-03, 0.7625255E-04, 0.6710282E-03,-0.2070120E-02,-0.6165840E-02,-0.8235959E-02, 0.3895513E+03, 0.4591978E+03, 0.4064300E+02, 0.4343815E+03, 0.7060947E-02, 0.7075313E-02
 0.1651781E+02, 0.7966425E-03, 0.1069200E-03, 0.9035625E-03, 0.1275081E-02, 0.6068316E-02, 0.7343397E-02, 0.6090134E-03, 0.7901475E-04, 0.6880281E-03,-0.2071723E-02,-0.6175236E-02,-0.8246959E-02, 0.3920100E+03, 0.4573966E+03, 0.4161591E+02, 0.4344825E+03, 0.7069774E-02, 0.7084926E-02
 0.1661781E+02, 0.8128889E-03, 0.1106736E-03, 0.9235625E-03, 0.1260262E-02, 0.6074135E-02, 0.7334397E-02, 0.6231360E-03, 0.8189215E-04, 0.7050281E-03,-0.2073150E-02,-0.6184809E-02,-0.8257959E-02, 0.3944254E+03, 0.4555663E+03, 0.4258096E+02, 0.4345855E+03, 0.7078728E-02, 0.7094715E-02
 0.1671781E+02, 0.8289936E-03, 0.1145689E-03, 0.9435625E-03, 0.1245410E-02, 0.6079987E-02, 0.7325397E-02, 0.6371422E-03, 0.8488595E-04, 0.7220281E-03,-0.2074403E-02,-0.6194556E-02,-0.8268959E-02, 0.3967975E+03, 0.4537077E+03, 0.4353805E+02, 0.4346902E+03, 0.7087806E-02, 0.7104679E-02
 0.1681781E+02, 0.8449555E-03, 0.1186070E-03, 0.9635625E-03, 0.1230529E-02, 0.6085868E-02, 0.7316397E-02, 0.6510309E-03, 0.8799729E-04, 0.7390281E-03,-0.2075484E-02,-0.6204475E-02,-0.8279959E-02, 0.3991267E+03, 0.4518218E+03, 0.4448711E+02, 0.4347968E+03, 0.7097006E-02, 0.7114815E-02
 0.1691781E+02, 0.8607734E-03, 0.1227891E-03, 0.9835625E-03, 0.1215623E-02, 0.6091774E-02, 0.7307397E-02, 0.6648009E-03, 0.9122723E-04, 0.7560281E-03,-0.2076396E-02,-0.6214563E-02,-0.8290959E-02, 0.4014131E+03, 0.4499092E+03, 0.4542806E+02, 0.4349051E+03, 0.7106323E-02, 0.7125122E-02
 0.1700000E+02, 0.8736708E-03, 0.1263292E-03, 0.1000000E-02, 0.1203350E-02, 0.6096650E-02, 0.7300000E-02, 0.6760335E-03, 0.9396653E-04, 0.7700000E-03,-0.2077020E-02,-0.6222980E-02,-0.8300000E-02, 0.4032611E+03, 0.4483173E+03, 0.4619562E+02, 0.4349955E+03, 0.7114070E-02, 0.7133720E-02
 0.1701000E+02, 0.8762160E-03, 0.1269840E-03, 0.1003200E-02, 0.1200952E-02, 0.6097548E-02, 0.7298500E-02, 0.6778269E-03, 0.9447305E-04, 0.7723000E-03,-0.2077168E-02,-0.6224532E-02,-0.8301700E-02, 0.4036292E+03, 0.4480098E+03, 0.4631818E+02, 0.4350122E+03, 0.7115498E-02, 0.7135305E-02
 0.1702000E+02, 0.8787576E-03, 0.1276424E-03, 0.1006400E-02, 0.1198554E-02, 0.6098446E-02, 0.7297000E-02, 0.6796177E-03, 0.9498223E-04, 0.7746000E-03,-0.2077312E-02,-0.6226088E-02,-0.8303400E-02, 0.4039962E+03, 0.4477017E+03, 0.4644055E+02, 0.4350289E+03, 0.7116929E-02, 0.7136893E-02
 0.1703500E+02, 0.8825627E-03, 0.1286374E-03, 0.1011200E-02, 0.1194957E-02, 0.6099793E-02, 0.7294750E-02, 0.6822986E-03, 0.9575146E-04, 0.7780500E-03,-0.2077520E-02,-0.6228430E-02,-0.8305950E-02, 0.4045446E+03, 0.4472385E+03, 0.4662373E+02, 0.4350540E+03, 0.7119080E-02, 0.7139284E-02
 0.1705750E+02, 0.8882533E-03, 0.1301467E-03, 0.1018400E-02, 0.1189561E-02, 0.6101814E-02, 0.7291375E-02, 0.6863074E-03, 0.9691760E-04, 0.7832250E-03,-0.2077814E-02,-0.6231961E-02,-0.8309775E-02, 0.4053625E+03, 0.4465413E+03, 0.4689767E+02, 0.4350919E+03, 0.7122317E-02, 0.7142884E-02
 0.1709125E+02, 0.8967516E-03, 0.1324484E-03, 0.1029200E-02, 0.1181466E-02, 0.6104846E-02, 0.7286312E-02, 0.6922929E-03, 0.9869457E-04, 0.7909875E-03,-0.2078217E-02,-0.6237295E-02,-0.8315512E-02, 0.4065791E+03, 0.4454901E+03, 0.4730668E+02, 0.4351491E+03, 0.7127197E-02, 0.7148318E-02
 0.1714188E+02, 0.9094135E-03, 0.1359865E-03, 0.1045400E-02, 0.1169323E-02, 0.6109396E-02, 0.7278719E-02, 0.7012087E-03, 0.1014226E-03, 0.8026313E-03,-0.2078736E-02,-0.6245383E-02,-0.8324119E-02, 0.4083805E+03, 0.4439014E+03, 0.4791592E+02, 0.4352358E+03, 0.7134571E-02, 0.7156578E-02
 0.1721781E+02, 0.9282141E-03, 0.1414860E-03, 0.1069700E-02, 0.1151112E-02, 0.6116216E-02, 0.7267328E-02, 0.7144414E-03, 0.1056555E-03, 0.8200969E-03,-0.2079326E-02,-0.6257702E-02,-0.8337028E-02, 0.4110305E+03, 0.4414932E+03, 0.4882016E+02, 0.4353681E+03, 0.7145746E-02, 0.7169161E-02
 0.1731781E+02, 0.9526275E-03, 0.1490725E-03, 0.1101700E-02, 0.1127136E-02, 0.6125192E-02, 0.7252328E-02, 0.7316149E-03, 0.1114820E-03, 0.8430969E-03,-0.2079763E-02,-0.6274265E-02,-0.8354028E-02, 0.4144268E+03, 0.4382762E+03, 0.4999369E+02, 0.4355460E+03, 0.7160671E-02, 0.7186081E-02
 0.1741781E+02, 0.9766729E-03, 0.1570271E-03, 0.1133700E-02, 0.1103151E-02, 0.6134177E-02, 0.7237328E-02, 0.7485185E-03, 0.1175784E-03, 0.8660969E-03,-0.2079824E-02,-0.6291204E-02,-0.8371028E-02, 0.4177212E+03, 0.4350066E+03, 0.5114877E+02, 0.4357280E+03, 0.7175837E-02, 0.7203392E-02
 0.1751781E+02, 0.1000348E-02, 0.1653521E-03, 0.1165700E-02, 0.1079170E-02, 0.6143158E-02, 0.7222328E-02, 0.7651509E-03, 0.1239460E-03, 0.8890969E-03,-0.2079518E-02,-0.6308510E-02,-0.8388028E-02, 0.4209150E+03, 0.4316874E+03, 0.5228531E+02, 0.4359140E+03, 0.7191231E-02, 0.7221088E-02
 0.1761781E+02, 0.1023651E-02, 0.1740490E-03, 0.1197700E-02, 0.1055205E-02, 0.6152123E-02, 0.7207328E-02, 0.7815111E-03, 0.1305857E-03, 0.9120968E-03,-0.2078856E-02,-0.6326172E-02,-0.8405028E-02, 0.4240093E+03, 0.4283217E+03, 0.5340326E+02, 0.4361040E+03, 0.7206843E-02, 0.7239162E-02
 0.1771781E+02, 0.1046581E-02, 0.1831192E-03, 0.1229700E-02, 0.1031268E-02, 0.6161061E-02, 0.7192328E-02, 0.7975987E-03, 0.1374981E-03, 0.9350969E-03,-0.2077848E-02,-0.6344180E-02,-0.8422028E-02, 0.4270053E+03, 0.4249125E+03, 0.5450258E+02, 0.4362979E+03, 0.7222662E-02, 0.7257607E-02
 0.1781781E+02, 0.1069136E-02, 0.1925636E-03, 0.1261700E-02, 0.1007369E-02, 0.6169959E-02, 0.7177328E-02, 0.8134134E-03, 0.1446835E-03, 0.9580969E-03,-0.2076505E-02,-0.6362523E-02,-0.8439028E-02, 0.4299044E+03, 0.4214628E+03, 0.5558325E+02, 0.4364956E+03, 0.7238676E-02, 0.7276416E-02
 0.1791781E+02, 0.1091318E-02, 0.2023824E-03, 0.1293700E-02, 0.9835199E-03, 0.6178808E-02, 0.7162328E-02, 0.8289551E-03, 0.1521418E-03, 0.9810969E-03,-0.2074837E-02,-0.6381190E-02,-0.8456028E-02, 0.4327079E+03, 0.4179755E+03, 0.5664526E+02, 0.4366971E+03, 0.7254874E-02, 0.7295582E-02
 0.1800000E+02, 0.1109281E-02, 0.2107187E-03, 0.1320000E-02, 0.9639478E-03, 0.6186052E-02, 0.7150000E-02, 0.8415341E-03, 0.1584659E-03, 0.1000000E-02,-0.2073229E-02,-0.6396771E-02,-0.8470000E-02, 0.4349431E+03, 0.4150808E+03, 0.5750483E+02, 0.4368655E+03, 0.7268327E-02, 0.7311597E-02
 0.1801000E+02, 0.1111274E-02, 0.2115258E-03, 0.1322800E-02, 0.9617493E-03, 0.6186751E-02, 0.7148500E-02, 0.8429218E-03, 0.1590782E-03, 0.1002000E-02,-0.2073023E-02,-0.6398276E-02,-0.8471300E-02, 0.4351873E+03, 0.4147523E+03, 0.5759966E+02, 0.4368818E+03, 0.7269627E-02, 0.7313144E-02
 0.1802000E+02, 0.1113264E-02, 0.2123359E-03, 0.1325600E-02, 0.9595510E-03, 0.6187449E-02, 0.7147000E-02, 0.8443074E-03, 0.1596926E-03, 0.1004000E-02,-0.2072815E-02,-0.6399785E-02,-0.8472600E-02, 0.4354308E+03, 0.4144233E+03, 0.5769434E+02, 0.4368981E+03, 0.7270929E-02, 0.7314694E-02
 0.1803500E+02, 0.1116243E-02, 0.2135571E-03, 0.1329800E-02, 0.9562548E-03, 0.6188495E-02, 0.7144750E-02, 0.8463815E-03, 0.1606185E-03, 0.1007000E-02,-0.2072498E-02,-0.6402052E-02,-0.8474550E-02, 0.4357945E+03, 0.4139295E+03, 0.5783607E+02, 0.4369226E+03, 0.7272883E-02, 0.7317023E-02
 0.1805750E+02, 0.1120697E-02, 0.2154025E-03, 0.1336100E-02, 0.9513134E-03, 0.6190062E-02, 0.7141375E-02, 0.8494827E-03, 0.1620173E-03, 0.1011500E-02,-0.2072011E-02,-0.6405464E-02,-0.8477475E-02, 0.4363368E+03, 0.4131876E+03, 0.5804798E+02, 0.4369594E+03, 0.7275821E-02, 0.7320527E-02
 0.1809125E+02, 0.1127349E-02, 0.2182013E-03, 0.1345550E-02, 0.9439075E-03, 0.6192405E-02, 0.7136312E-02, 0.8541123E-03, 0.1641377E-03, 0.1018250E-02,-0.2071256E-02,-0.6410606E-02,-0.8481862E-02, 0.4371427E+03, 0.4120724E+03, 0.5836434E+02, 0.4370150E+03, 0.7280240E-02, 0.7325806E-02
 0.1814188E+02, 0.1137257E-02, 0.2224683E-03, 0.1359725E-02, 0.9328138E-03, 0.6195905E-02, 0.7128719E-02, 0.8610067E-03, 0.1673683E-03, 0.1028375E-02,-0.2070070E-02,-0.6418373E-02,-0.8488444E-02, 0.4383347E+03, 0.4103942E+03, 0.5883546E+02, 0.4370990E+03, 0.7286895E-02, 0.7333806E-02
 0.1821781E+02, 0.1151964E-02, 0.2290231E-03, 0.1380988E-02, 0.9162099E-03, 0.6201118E-02, 0.7117328E-02, 0.8712368E-03, 0.1723257E-03, 0.1043562E-02,-0.2068174E-02,-0.6430141E-02,-0.8498315E-02, 0.4400856E+03, 0.4078658E+03, 0.5953452E+02, 0.4372266E+03, 0.7296935E-02, 0.7345942E-02
 0.1831781E+02, 0.1171057E-02, 0.2379302E-03, 0.1408988E-02, 0.8944070E-03, 0.6207921E-02, 0.7102328E-02, 0.8845092E-03, 0.1790533E-03, 0.1063562E-02,-0.2065464E-02,-0.6445851E-02,-0.8511315E-02, 0.4423246E+03, 0.4045157E+03, 0.6044146E+02, 0.4373972E+03, 0.7310263E-02, 0.7362171E-02
 0.1841781E+02, 0.1189857E-02, 0.2471308E-03, 0.1436987E-02, 0.8726591E-03, 0.6214669E-02, 0.7087328E-02, 0.8975687E-03, 0.1859938E-03, 0.1083562E-02,-0.2062516E-02,-0.6461800E-02,-0.8524315E-02, 0.4444909E+03, 0.4011406E+03, 0.6133386E+02, 0.4375707E+03, 0.7323721E-02, 0.7378676E-02
 0.1851781E+02, 0.1208363E-02, 0.2566247E-03, 0.1464988E-02, 0.8509732E-03, 0.6221355E-02, 0.7072328E-02, 0.9104158E-03, 0.1931467E-03, 0.1103563E-02,-0.2059336E-02,-0.6477979E-02,-0.8537316E-02, 0.4465855E+03, 0.3977422E+03, 0.6221174E+02, 0.4377471E+03, 0.7337302E-02, 0.7395453E-02
 0.1861781E+02, 0.1226576E-02, 0.2664112E-03, 0.1492987E-02, 0.8293560E-03, 0.6227972E-02, 0.7057328E-02, 0.9230510E-03, 0.2005115E-03, 0.1123562E-02,-0.2055932E-02,-0.6494383E-02,-0.8550316E-02, 0.4486095E+03, 0.3943227E+03, 0.6307515E+02, 0.4379262E+03, 0.7350997E-02, 0.7412497E-02
 0.1871781E+02, 0.1244498E-02, 0.2764896E-03, 0.1520987E-02, 0.8078140E-03, 0.6234514E-02, 0.7042328E-02, 0.9354751E-03, 0.2080874E-03, 0.1143562E-02,-0.2052312E-02,-0.6511004E-02,-0.8563315E-02, 0.4505640E+03, 0.3908839E+03, 0.6392413E+02, 0.4381082E+03, 0.7364801E-02, 0.7429804E-02
 0.1881781E+02, 0.1262128E-02, 0.2868590E-03, 0.1548987E-02, 0.7863535E-03, 0.6240975E-02, 0.7027328E-02, 0.9476891E-03, 0.2158734E-03, 0.1163562E-02,-0.2048482E-02,-0.6527834E-02,-0.8576316E-02, 0.4524501E+03, 0.3874275E+03, 0.6475876E+02, 0.4382929E+03, 0.7378707E-02, 0.7447370E-02
 0.1891781E+02, 0.1279469E-02, 0.2975182E-03, 0.1576988E-02, 0.7649804E-03, 0.6247348E-02, 0.7012328E-02, 0.9596940E-03, 0.2238685E-03, 0.1183563E-02,-0.2044450E-02,-0.6544866E-02,-0.8589315E-02, 0.4542689E+03, 0.3839554E+03, 0.6557909E+02, 0.4384802E+03, 0.7392708E-02, 0.7465189E-02
 0.1900000E+02, 0.1293515E-02, 0.3064846E-03, 0.1600000E-02, 0.7474710E-03, 0.6252529E-02, 0.7000000E-02, 0.9694116E-03, 0.2305883E-03, 0.1200000E-02,-0.2040986E-02,-0.6559014E-02,-0.8600000E-02, 0.4557152E+03, 0.3810892E+03, 0.6624313E+02, 0.4386361E+03, 0.7404292E-02, 0.7480021E-02
 0.1901000E+02, 0.1295743E-02, 0.3078569E-03, 0.1603600E-02, 0.7446823E-03, 0.6253317E-02, 0.6998000E-02, 0.9708835E-03, 0.2316165E-03, 0.1202500E-02,-0.2040426E-02,-0.6561175E-02,-0.8601600E-02, 0.4559430E+03, 0.3806314E+03, 0.6634370E+02, 0.4386599E+03, 0.7406060E-02, 0.7482285E-02
 0.1902000E+02, 0.1297966E-02, 0.3092340E-03, 0.1607200E-02, 0.7418952E-03, 0.6254105E-02, 0.6996000E-02, 0.9723518E-03, 0.2326482E-03, 0.1205000E-02,-0.2039861E-02,-0.6563339E-02,-0.8603200E-02, 0.4561697E+03, 0.3801734E+03, 0.6644404E+02, 0.4386838E+03, 0.7407831E-02, 0.7484552E-02
 0.1903500E+02, 0.1301291E-02, 0.3113095E-03, 0.1612600E-02, 0.7377186E-03, 0.6255282E-02, 0.6993000E-02, 0.9745475E-03, 0.2342025E-03, 0.1208750E-02,-0.2039009E-02,-0.6566591E-02,-0.8605600E-02, 0.4565076E+03, 0.3794861E+03, 0.6659408E+02, 0.4387196E+03, 0.7410488E-02, 0.7487961E-02
 0.1905750E+02, 0.1306255E-02, 0.3144450E-03, 0.1620700E-02, 0.7314628E-03, 0.6257037E-02, 0.6988500E-02, 0.9778254E-03, 0.2365497E-03, 0.1214375E-02,-0.2037718E-02,-0.6571482E-02,-0.8609200E-02, 0.4570096E+03, 0.3784547E+03, 0.6681806E+02, 0.4387736E+03, 0.7414479E-02, 0.7493086E-02
 0.1909125E+02, 0.1313652E-02, 0.3191982E-03, 0.1632850E-02, 0.7221000E-03, 0.6259650E-02, 0.6981750E-02, 0.9827071E-03, 0.2401054E-03, 0.1222813E-02,-0.2035752E-02,-0.6578848E-02,-0.8614600E-02, 0.4577518E+03, 0.3769064E+03, 0.6715165E+02, 0.4388549E+03, 0.7420475E-02, 0.7500832E-02
 0.1914188E+02, 0.1324636E-02, 0.3264390E-03, 0.1651075E-02, 0.7081043E-03, 0.6263521E-02, 0.6971625E-02, 0.9899520E-03, 0.2455168E-03, 0.1235469E-02,-0.2032740E-02,-0.6589960E-02,-0.8622700E-02, 0.4588414E+03, 0.3745821E+03, 0.6764671E+02, 0.4389779E+03, 0.7429489E-02, 0.7512537E-02
 0.1921781E+02, 0.1340862E-02, 0.3375502E-03, 0.1678413E-02, 0.6872221E-03, 0.6269216E-02, 0.6956438E-02, 0.1000644E-02, 0.2538087E-03, 0.1254453E-02,-0.2028084E-02,-0.6606766E-02,-0.8634850E-02, 0.4604227E+03, 0.3710919E+03, 0.6837737E+02, 0.4391646E+03, 0.7443053E-02, 0.7530289E-02
 0.1931781E+02, 0.1361789E-02, 0.3526234E-03, 0.1714413E-02, 0.6599177E-03, 0.6276520E-02, 0.6936438E-02, 0.1014416E-02, 0.2650370E-03, 0.1279453E-02,-0.2021707E-02,-0.6629143E-02,-0.8650850E-02, 0.4624111E+03, 0.3664886E+03, 0.6931844E+02, 0.4394140E+03, 0.7460997E-02, 0.7554015E-02
 0.1941781E+02, 0.1382249E-02, 0.3681639E-03, 0.1750412E-02, 0.6328031E-03, 0.6283634E-02, 0.6916437E-02, 0.1027860E-02, 0.2765931E-03, 0.1304453E-02,-0.2015052E-02,-0.6651798E-02,-0.8666850E-02, 0.4642977E+03, 0.3618735E+03, 0.7023710E+02, 0.4396675E+03, 0.7479050E-02, 0.7578128E-02
 0.1951781E+02, 0.1402246E-02, 0.3841669E-03, 0.1786412E-02, 0.6058885E-03, 0.6290549E-02, 0.6896437E-02, 0.1040980E-02, 0.2884732E-03, 0.1329453E-02,-0.2008134E-02,-0.6674716E-02,-0.8682850E-02, 0.4660852E+03, 0.3572498E+03, 0.7113363E+02, 0.4399249E+03, 0.7497201E-02, 0.7602618E-02
 0.1961781E+02, 0.1421785E-02, 0.4006274E-03, 0.1822412E-02, 0.5791831E-03, 0.6297254E-02, 0.6876438E-02, 0.1053780E-02, 0.3006732E-03, 0.1354453E-02,-0.2000968E-02,-0.6697882E-02,-0.8698850E-02, 0.4677763E+03, 0.3526207E+03, 0.7200830E+02, 0.4401863E+03, 0.7515439E-02, 0.7627478E-02
 0.1971781E+02, 0.1440872E-02, 0.4175401E-03, 0.1858413E-02, 0.5526957E-03, 0.6303742E-02, 0.6856438E-02, 0.1066264E-02, 0.3131888E-03, 0.1379453E-02,-0.1993568E-02,-0.6721282E-02,-0.8714850E-02, 0.4693735E+03, 0.3479893E+03, 0.7286140E+02, 0.4404514E+03, 0.7533754E-02, 0.7652697E-02
 0.1981781E+02, 0.1459513E-02, 0.4348992E-03, 0.1894413E-02, 0.5264343E-03, 0.6310003E-02, 0.6836438E-02, 0.1078438E-02, 0.3260155E-03, 0.1404453E-02,-0.1985948E-02,-0.6744903E-02,-0.8730850E-02, 0.4708796E+03, 0.3433589E+03, 0.7369324E+02, 0.4407202E+03, 0.7552136E-02, 0.7678267E-02
 0.1991781E+02, 0.1477714E-02, 0.4526988E-03, 0.1930413E-02, 0.5004067E-03, 0.6316031E-02, 0.6816438E-02, 0.1090304E-02, 0.3391486E-03, 0.1429453E-02,-0.1978120E-02,-0.6768730E-02,-0.8746850E-02, 0.4722973E+03, 0.3387320E+03, 0.7450414E+02, 0.4409926E+03, 0.7570574E-02, 0.7704178E-02
 0.2000000E+02, 0.1492361E-02, 0.4676386E-03, 0.1960000E-02, 0.4791724E-03, 0.6320828E-02, 0.6800000E-02, 0.1099841E-02, 0.3501589E-03, 0.1450000E-02,-0.1971534E-02,-0.6788466E-02,-0.8760000E-02, 0.4733990E+03, 0.3349298E+03, 0.7515581E+02, 0.4412191E+03, 0.7585782E-02, 0.7725724E-02
 0.2001000E+02, 0.1494152E-02, 0.4692484E-03, 0.1963400E-02, 0.4766588E-03, 0.6321341E-02, 0.6798000E-02, 0.1100455E-02, 0.3513446E-03, 0.1451800E-02,-0.1970810E-02,-0.6790590E-02,-0.8761400E-02, 0.4735448E+03, 0.3344875E+03, 0.7519778E+02, 0.4412435E+03, 0.7587418E-02, 0.7728041E-02
 0.2002000E+02, 0.1495938E-02, 0.4708622E-03, 0.1966800E-02, 0.4741473E-03, 0.6321853E-02, 0.6796000E-02, 0.1101068E-02, 0.3525324E-03, 0.1453600E-02,-0.1970085E-02,-0.6792715E-02,-0.8762800E-02, 0.4736898E+03, 0.3340451E+03, 0.7523962E+02, 0.4412679E+03, 0.7589056E-02, 0.7730361E-02
 0.2003500E+02, 0.1498609E-02, 0.4732910E-03, 0.1971900E-02, 0.4703849E-03, 0.6322615E-02, 0.6793000E-02, 0.1101982E-02, 0.3543184E-03, 0.1456300E-02,-0.1968994E-02,-0.6795906E-02,-0.8764900E-02, 0.4739057E+03, 0.3333818E+03, 0.7530208E+02, 0.4413046E+03, 0.7591512E-02, 0.7733844E-02
 0.2005750E+02, 0.1502598E-02, 0.4769522E-03, 0.1979550E-02, 0.4647525E-03, 0.6323747E-02, 0.6788500E-02, 0.1103343E-02, 0.3570067E-03, 0.1460350E-02,-0.1967350E-02,-0.6800700E-02,-0.8768050E-02, 0.4742262E+03, 0.3323874E+03, 0.7539512E+02, 0.4413597E+03, 0.7595196E-02, 0.7739077E-02
 0.2009125E+02, 0.1508540E-02, 0.4824846E-03, 0.1991025E-02, 0.4563290E-03, 0.6325421E-02, 0.6781750E-02, 0.1105364E-02, 0.3610605E-03, 0.1466425E-02,-0.1964869E-02,-0.6807906E-02,-0.8772775E-02, 0.4746993E+03, 0.3308971E+03, 0.7553324E+02, 0.4414425E+03, 0.7600724E-02, 0.7746974E-02
 0.2014188E+02, 0.1517365E-02, 0.4908729E-03, 0.2008237E-02, 0.4437508E-03, 0.6327874E-02, 0.6771625E-02, 0.1108350E-02, 0.3671878E-03, 0.1475538E-02,-0.1961115E-02,-0.6818747E-02,-0.8779862E-02, 0.4753922E+03, 0.3286650E+03, 0.7573723E+02, 0.4415677E+03, 0.7609015E-02, 0.7758882E-02
 0.2021781E+02, 0.1530399E-02, 0.5036573E-03, 0.2034056E-02, 0.4250130E-03, 0.6331425E-02, 0.6756438E-02, 0.1112723E-02, 0.3764830E-03, 0.1489206E-02,-0.1955412E-02,-0.6835082E-02,-0.8790493E-02, 0.4763941E+03, 0.3253247E+03, 0.7603609E+02, 0.4417570E+03, 0.7621453E-02, 0.7776883E-02
 0.2031781E+02, 0.1547209E-02, 0.5208475E-03, 0.2068056E-02, 0.4005625E-03, 0.6335875E-02, 0.6736438E-02, 0.1118298E-02, 0.3889079E-03, 0.1507206E-02,-0.1947771E-02,-0.6856722E-02,-0.8804493E-02, 0.4776472E+03, 0.3209389E+03, 0.7641706E+02, 0.4420088E+03, 0.7637838E-02, 0.7800839E-02
 0.2041781E+02, 0.1563644E-02, 0.5384121E-03, 0.2102056E-02, 0.3763351E-03, 0.6340102E-02, 0.6716437E-02, 0.1123676E-02, 0.4015302E-03, 0.1525206E-02,-0.1939979E-02,-0.6878514E-02,-0.8818494E-02, 0.4788285E+03, 0.3165630E+03, 0.7678453E+02, 0.4422636E+03, 0.7654252E-02, 0.7825073E-02
 0.2051781E+02, 0.1579711E-02, 0.5563456E-03, 0.2136056E-02, 0.3523352E-03, 0.6344102E-02, 0.6696438E-02, 0.1128861E-02, 0.4143455E-03, 0.1543206E-02,-0.1932046E-02,-0.6900448E-02,-0.8832494E-02, 0.4799401E+03, 0.3121988E+03, 0.7713882E+02, 0.4425212E+03, 0.7670688E-02, 0.7849579E-02
 0.2061781E+02, 0.1595414E-02, 0.5746425E-03, 0.2170056E-02, 0.3285671E-03, 0.6347870E-02, 0.6676438E-02, 0.1133857E-02, 0.4273491E-03, 0.1561206E-02,-0.1923981E-02,-0.6922513E-02,-0.8846494E-02, 0.4809839E+03, 0.3078482E+03, 0.7748024E+02, 0.4427816E+03, 0.7687140E-02, 0.7874350E-02
 0.2071781E+02, 0.1610759E-02, 0.5932973E-03, 0.2204056E-02, 0.3050344E-03, 0.6351403E-02, 0.6656437E-02, 0.1138670E-02, 0.4405364E-03, 0.1579206E-02,-0.1915793E-02,-0.6944701E-02,-0.8860494E-02, 0.4819621E+03, 0.3035131E+03, 0.7780910E+02, 0.4430447E+03, 0.7703602E-02, 0.7899379E-02
 0.2081781E+02, 0.1625752E-02, 0.6123041E-03, 0.2238056E-02, 0.2817405E-03, 0.6354697E-02, 0.6636438E-02, 0.1143303E-02, 0.4539029E-03, 0.1597206E-02,-0.1907493E-02,-0.6967001E-02,-0.8874494E-02, 0.4828768E+03, 0.2991952E+03, 0.7812573E+02, 0.4433105E+03, 0.7720069E-02, 0.7924661E-02
 0.2091781E+02, 0.1640399E-02, 0.6316570E-03, 0.2272056E-02, 0.2586886E-03, 0.6357749E-02, 0.6616438E-02, 0.1147762E-02, 0.4674438E-03, 0.1615206E-02,-0.1899088E-02,-0.6989406E-02,-0.8888494E-02, 0.4837299E+03, 0.2948961E+03, 0.7843043E+02, 0.4435789E+03, 0.7736537E-02, 0.7950189E-02
 0.2100000E+02, 0.1652194E-02, 0.6478064E-03, 0.2300000E-02, 0.2399061E-03, 0.6360094E-02, 0.6600000E-02, 0.1151303E-02, 0.4786972E-03, 0.1630000E-02,-0.1892100E-02,-0.7007900E-02,-0.8900000E-02, 0.4843867E+03, 0.2913741E+03, 0.7867236E+02, 0.4438014E+03, 0.7750083E-02, 0.7971349E-02
 0.2101000E+02, 0.1653652E-02, 0.6498477E-03, 0.2303500E-02, 0.2376128E-03, 0.6360387E-02, 0.6598000E-02, 0.1151581E-02, 0.4801188E-03, 0.1631700E-02,-0.1891265E-02,-0.7010235E-02,-0.8901500E-02, 0.4844720E+03, 0.2909467E+03, 0.7869138E+02, 0.4438294E+03, 0.7751795E-02, 0.7974019E-02
 0.2102000E+02, 0.1655107E-02, 0.6518926E-03, 0.2307000E-02, 0.2353221E-03, 0.6360678E-02, 0.6596000E-02, 0.1151858E-02, 0.4815419E-03, 0.1633400E-02,-0.1890429E-02,-0.7012571E-02,-0.8903000E-02, 0.4845567E+03, 0.2905194E+03, 0.7871030E+02, 0.4438576E+03, 0.7753506E-02, 0.7976690E-02
 0.2103500E+02, 0.1657283E-02, 0.6549670E-03, 0.2312250E-02, 0.2318919E-03, 0.6361108E-02, 0.6593000E-02, 0.1152270E-02, 0.4836795E-03, 0.1635950E-02,-0.1889175E-02,-0.7016075E-02,-0.8905250E-02, 0.4846826E+03, 0.2898791E+03, 0.7873849E+02, 0.4438997E+03, 0.7756071E-02, 0.7980701E-02
 0.2105750E+02, 0.1660530E-02, 0.6595947E-03, 0.2320125E-02, 0.2267599E-03, 0.6361740E-02, 0.6588500E-02, 0.1152883E-02, 0.4868924E-03, 0.1639775E-02,-0.1887290E-02,-0.7021335E-02,-0.8908625E-02, 0.4848688E+03, 0.2889202E+03, 0.7878031E+02, 0.4439631E+03, 0.7759918E-02, 0.7986719E-02
 0.2109125E+02, 0.1665365E-02, 0.6665722E-03, 0.2331938E-02, 0.2190920E-03, 0.6362658E-02, 0.6581750E-02, 0.1153786E-02, 0.4917266E-03, 0.1645513E-02,-0.1884457E-02,-0.7029230E-02,-0.8913687E-02, 0.4851424E+03, 0.2874850E+03, 0.7884204E+02, 0.4440583E+03, 0.7765681E-02, 0.7995795E-02
 0.2114188E+02, 0.1672539E-02, 0.6771173E-03, 0.2349656E-02, 0.2076577E-03, 0.6363967E-02, 0.6571625E-02, 0.1155109E-02, 0.4990093E-03, 0.1654119E-02,-0.1880197E-02,-0.7041085E-02,-0.8921281E-02, 0.4855405E+03, 0.2853401E+03, 0.7893248E+02, 0.4442020E+03, 0.7774314E-02, 0.8009456E-02
 0.2121781E+02, 0.1683122E-02, 0.6931122E-03, 0.2376234E-02, 0.1906584E-03, 0.6365779E-02, 0.6556438E-02, 0.1157023E-02, 0.5100046E-03, 0.1667028E-02,-0.1873781E-02,-0.7058891E-02,-0.8932672E-02, 0.4861100E+03, 0.2821400E+03, 0.7906327E+02, 0.4444186E+03, 0.7787235E-02, 0.8030058E-02
 0.2131781E+02, 0.1696749E-02, 0.7144855E-03, 0.2411234E-02, 0.1685354E-03, 0.6367902E-02, 0.6536438E-02, 0.1159419E-02, 0.5246093E-03, 0.1684028E-02,-0.1865284E-02,-0.7082387E-02,-0.8947672E-02, 0.4868112E+03, 0.2779554E+03, 0.7922695E+02, 0.4447058E+03, 0.7804208E-02, 0.8057384E-02
 0.2141781E+02, 0.1710051E-02, 0.7361831E-03, 0.2446234E-02, 0.1466744E-03, 0.6369763E-02, 0.6516437E-02, 0.1161679E-02, 0.5393491E-03, 0.1701028E-02,-0.1856726E-02,-0.7105946E-02,-0.8962672E-02, 0.4874595E+03, 0.2737980E+03, 0.7938140E+02, 0.4449954E+03, 0.7821158E-02, 0.8084926E-02
 0.2151781E+02, 0.1723036E-02, 0.7581987E-03, 0.2481234E-02, 0.1250763E-03, 0.6371361E-02, 0.6496437E-02, 0.1163809E-02, 0.5542194E-03, 0.1718028E-02,-0.1848112E-02,-0.7129560E-02,-0.8977672E-02, 0.4880568E+03, 0.2696690E+03, 0.7952693E+02, 0.4452871E+03, 0.7838082E-02, 0.8112680E-02
 0.2161781E+02, 0.1735709E-02, 0.7805256E-03, 0.2516234E-02, 0.1037418E-03, 0.6372696E-02, 0.6476438E-02, 0.1165813E-02, 0.5692155E-03, 0.1735028E-02,-0.1839451E-02,-0.7153221E-02,-0.8992672E-02, 0.4886051E+03, 0.2655696E+03, 0.7966386E+02, 0.4455811E+03, 0.7854979E-02, 0.8140639E-02
 0.2171781E+02, 0.1748077E-02, 0.8031572E-03, 0.2551234E-02, 0.8267148E-04, 0.6373766E-02, 0.6456437E-02, 0.1167695E-02, 0.5843331E-03, 0.1752028E-02,-0.1830749E-02,-0.7176923E-02,-0.9007672E-02, 0.4891062E+03, 0.2615007E+03, 0.7979249E+02, 0.4458771E+03, 0.7871845E-02, 0.8168798E-02
 0.2181781E+02, 0.1760147E-02, 0.8260870E-03, 0.2586234E-02, 0.6186555E-04, 0.6374572E-02, 0.6436437E-02, 0.1169460E-02, 0.5995680E-03, 0.1769028E-02,-0.1822013E-02,-0.7200659E-02,-0.9022672E-02, 0.4895619E+03, 0.2574634E+03, 0.7991311E+02, 0.4461752E+03, 0.7888677E-02, 0.8197151E-02
 0.2191781E+02, 0.1771926E-02, 0.8493086E-03, 0.2621234E-02, 0.4132398E-04, 0.6375114E-02, 0.6416437E-02, 0.1171112E-02, 0.6149157E-03, 0.1786028E-02,-0.1813250E-02,-0.7224422E-02,-0.9037672E-02, 0.4899740E+03, 0.2534584E+03, 0.8002602E+02, 0.4464752E+03, 0.7905472E-02, 0.8225693E-02
 0.2200000E+02, 0.1781402E-02, 0.8685978E-03, 0.2650000E-02, 0.2461989E-04, 0.6375380E-02, 0.6400000E-02, 0.1172389E-02, 0.6276105E-03, 0.1800000E-02,-0.1806022E-02,-0.7243978E-02,-0.9050000E-02, 0.4902813E+03, 0.2501877E+03, 0.8011328E+02, 0.4467233E+03, 0.7919263E-02, 0.8249289E-02
 0.2201000E+02, 0.1782587E-02, 0.8707125E-03, 0.2653300E-02, 0.2259309E-04, 0.6375407E-02, 0.6398000E-02, 0.1172199E-02, 0.6290011E-03, 0.1801200E-02,-0.1805181E-02,-0.7246119E-02,-0.9051300E-02, 0.4903283E+03, 0.2497957E+03, 0.8010027E+02, 0.4467505E+03, 0.7920776E-02, 0.8251872E-02
 0.2202000E+02, 0.1783770E-02, 0.8728300E-03, 0.2656600E-02, 0.2056868E-04, 0.6375432E-02, 0.6396000E-02, 0.1172008E-02, 0.6303923E-03, 0.1802400E-02,-0.1804339E-02,-0.7248261E-02,-0.9052600E-02, 0.4903748E+03, 0.2494040E+03, 0.8008719E+02, 0.4467776E+03, 0.7922287E-02, 0.8254455E-02
 0.2203500E+02, 0.1785538E-02, 0.8760119E-03, 0.2661550E-02, 0.1753742E-04, 0.6375463E-02, 0.6393000E-02, 0.1171720E-02, 0.6324804E-03, 0.1804200E-02,-0.1803075E-02,-0.7251475E-02,-0.9054550E-02, 0.4904438E+03, 0.2488171E+03, 0.8006750E+02, 0.4468184E+03, 0.7924553E-02, 0.8258332E-02
 0.2205750E+02, 0.1788178E-02, 0.8807974E-03, 0.2668975E-02, 0.1300263E-04, 0.6375497E-02, 0.6388500E-02, 0.1171285E-02, 0.6356150E-03, 0.1806900E-02,-0.1801180E-02,-0.7256295E-02,-0.9057475E-02, 0.4905456E+03, 0.2479383E+03, 0.8003781E+02, 0.4468797E+03, 0.7927950E-02, 0.8264151E-02
 0.2209125E+02, 0.1792108E-02, 0.8880041E-03, 0.2680112E-02, 0.6227583E-05, 0.6375522E-02, 0.6381750E-02, 0.1170628E-02, 0.6403225E-03, 0.1810950E-02,-0.1798336E-02,-0.7263526E-02,-0.9061862E-02, 0.4906941E+03, 0.2466237E+03, 0.7999288E+02, 0.4469717E+03, 0.7933039E-02, 0.8272919E-02
 0.2214188E+02, 0.1797943E-02, 0.8988760E-03, 0.2696819E-02,-0.3873992E-05, 0.6375499E-02, 0.6371625E-02, 0.1169630E-02, 0.6473950E-03, 0.1817025E-02,-0.1794069E-02,-0.7274375E-02,-0.9068444E-02, 0.4909082E+03, 0.2446599E+03, 0.7992471E+02, 0.4471103E+03, 0.7940657E-02, 0.8286107E-02
 0.2221781E+02, 0.1806555E-02, 0.9153236E-03, 0.2721878E-02,-0.1888952E-04, 0.6375327E-02, 0.6356438E-02, 0.1168108E-02, 0.6580299E-03, 0.1826138E-02,-0.1787665E-02,-0.7290651E-02,-0.9078316E-02, 0.4912100E+03, 0.2417327E+03, 0.7982069E+02, 0.4473192E+03, 0.7952052E-02, 0.8305973E-02
 0.2231781E+02, 0.1817651E-02, 0.9372270E-03, 0.2754878E-02,-0.3842646E-04, 0.6374864E-02, 0.6336437E-02, 0.1166056E-02, 0.6720814E-03, 0.1838137E-02,-0.1779224E-02,-0.7312091E-02,-0.9091316E-02, 0.4915730E+03, 0.2379091E+03, 0.7968050E+02, 0.4475958E+03, 0.7967007E-02, 0.8332284E-02
 0.2241781E+02, 0.1828492E-02, 0.9593865E-03, 0.2787878E-02,-0.5772687E-04, 0.6374164E-02, 0.6316438E-02, 0.1163950E-02, 0.6861873E-03, 0.1850137E-02,-0.1770765E-02,-0.7333551E-02,-0.9104316E-02, 0.4918984E+03, 0.2341152E+03, 0.7953660E+02, 0.4478742E+03, 0.7981929E-02, 0.8358762E-02
 0.2251781E+02, 0.1839082E-02, 0.9817964E-03, 0.2820878E-02,-0.7679114E-04, 0.6373229E-02, 0.6296437E-02, 0.1161793E-02, 0.7003442E-03, 0.1862137E-02,-0.1762290E-02,-0.7355025E-02,-0.9117316E-02, 0.4921875E+03, 0.2303516E+03, 0.7938921E+02, 0.4481542E+03, 0.7996816E-02, 0.8385400E-02
 0.2261781E+02, 0.1849427E-02, 0.1004451E-02, 0.2853878E-02,-0.9561982E-04, 0.6372057E-02, 0.6276438E-02, 0.1159589E-02, 0.7145489E-03, 0.1874137E-02,-0.1753807E-02,-0.7376509E-02,-0.9130316E-02, 0.4924419E+03, 0.2266189E+03, 0.7923856E+02, 0.4484359E+03, 0.8011667E-02, 0.8412196E-02
 0.2271781E+02, 0.1859532E-02, 0.1027346E-02, 0.2886878E-02,-0.1142136E-03, 0.6370651E-02, 0.6256437E-02, 0.1157339E-02, 0.7287983E-03, 0.1886137E-02,-0.1745318E-02,-0.7397997E-02,-0.9143315E-02, 0.4926628E+03, 0.2229176E+03, 0.7908485E+02, 0.4487192E+03, 0.8026480E-02, 0.8439146E-02
 0.2281781E+02, 0.1869402E-02, 0.1050476E-02, 0.2919878E-02,-0.1325733E-03, 0.6369011E-02, 0.6236438E-02, 0.1155048E-02, 0.7430892E-03, 0.1898138E-02,-0.1736829E-02,-0.7419487E-02,-0.9156316E-02, 0.4928516E+03, 0.2192483E+03, 0.7892830E+02, 0.4490041E+03, 0.8041255E-02, 0.8466245E-02
 0.2291781E+02, 0.1879044E-02, 0.1073834E-02, 0.2952878E-02,-0.1507000E-03, 0.6367138E-02, 0.6216438E-02, 0.1152719E-02, 0.7574189E-03, 0.1910138E-02,-0.1728344E-02,-0.7440972E-02,-0.9169315E-02, 0.4930096E+03, 0.2156113E+03, 0.7876910E+02, 0.4492905E+03, 0.8055990E-02, 0.8493490E-02
 0.2300000E+02, 0.1886807E-02, 0.1093193E-02, 0.2980000E-02,-0.1654400E-03, 0.6365440E-02, 0.6200000E-02, 0.1150774E-02, 0.7692258E-03, 0.1920000E-02,-0.1721367E-02,-0.7458633E-02,-0.9180000E-02, 0.4931171E+03, 0.2126433E+03, 0.7863624E+02, 0.4495270E+03, 0.8068084E-02, 0.8515988E-02
 0.2301000E+02, 0.1888243E-02, 0.1096157E-02, 0.2984400E-02,-0.1681760E-03, 0.6365176E-02, 0.6197000E-02, 0.1150169E-02, 0.7710314E-03, 0.1921200E-02,-0.1720067E-02,-0.7461333E-02,-0.9181400E-02, 0.4931356E+03, 0.2120917E+03, 0.7859486E+02, 0.4495632E+03, 0.8069934E-02, 0.8519425E-02
 0.2302000E+02, 0.1889673E-02, 0.1099127E-02, 0.2988800E-02,-0.1709075E-03, 0.6364908E-02, 0.6194000E-02, 0.1149562E-02, 0.7728377E-03, 0.1922400E-02,-0.1718766E-02,-0.7464034E-02,-0.9182800E-02, 0.4931534E+03, 0.2115406E+03, 0.7855342E+02, 0.4495994E+03, 0.8071785E-02, 0.8522866E-02
 0.2303500E+02, 0.1891810E-02, 0.1103590E-02, 0.2995400E-02,-0.1749946E-03, 0.6364495E-02, 0.6189500E-02, 0.1148652E-02, 0.7755479E-03, 0.1924200E-02,-0.1716815E-02,-0.7468085E-02,-0.9184900E-02, 0.4931787E+03, 0.2107155E+03, 0.7849123E+02, 0.4496538E+03, 0.8074558E-02, 0.8528030E-02
 0.2305750E+02, 0.1894992E-02, 0.1110308E-02, 0.3005300E-02,-0.1811026E-03, 0.6363852E-02, 0.6182750E-02, 0.1147285E-02, 0.7796149E-03, 0.1926900E-02,-0.1713890E-02,-0.7474160E-02,-0.9188050E-02, 0.4932139E+03, 0.2094809E+03, 0.7839782E+02, 0.4497354E+03, 0.8078712E-02, 0.8535806E-02
 0.2309125E+02, 0.1899718E-02, 0.1120432E-02, 0.3020150E-02,-0.1902139E-03, 0.6362839E-02, 0.6172625E-02, 0.1145232E-02, 0.7857183E-03, 0.1930950E-02,-0.1709504E-02,-0.7483271E-02,-0.9192775E-02, 0.4932603E+03, 0.2076363E+03, 0.7825750E+02, 0.4498583E+03, 0.8084929E-02, 0.8547502E-02
 0.2314188E+02, 0.1906698E-02, 0.1135727E-02, 0.3042425E-02,-0.2037668E-03, 0.6361204E-02, 0.6157437E-02, 0.1142145E-02, 0.7948804E-03, 0.1937025E-02,-0.1702931E-02,-0.7496932E-02,-0.9199862E-02, 0.4933159E+03, 0.2048858E+03, 0.7804655E+02, 0.4500435E+03, 0.8094224E-02, 0.8565112E-02
 0.2321781E+02, 0.1916928E-02, 0.1158910E-02, 0.3075837E-02,-0.2238410E-03, 0.6358497E-02, 0.6134656E-02, 0.1137501E-02, 0.8086368E-03, 0.1946137E-02,-0.1693087E-02,-0.7517407E-02,-0.9210494E-02, 0.4933686E+03, 0.2007969E+03, 0.7772921E+02, 0.4503228E+03, 0.8108099E-02, 0.8591678E-02
 0.2331781E+02, 0.1929982E-02, 0.1189855E-02, 0.3119837E-02,-0.2498351E-03, 0.6354491E-02, 0.6104656E-02, 0.1131360E-02, 0.8267772E-03, 0.1958137E-02,-0.1680147E-02,-0.7544347E-02,-0.9224494E-02, 0.4933843E+03, 0.1954760E+03, 0.7730962E+02, 0.4506933E+03, 0.8126264E-02, 0.8626929E-02
 0.2341781E+02, 0.1942601E-02, 0.1221237E-02, 0.3163838E-02,-0.2753864E-03, 0.6350043E-02, 0.6074656E-02, 0.1125184E-02, 0.8449538E-03, 0.1970138E-02,-0.1667214E-02,-0.7571280E-02,-0.9238494E-02, 0.4933414E+03, 0.1902165E+03, 0.7688756E+02, 0.4510670E+03, 0.8144352E-02, 0.8662473E-02
 0.2351781E+02, 0.1954797E-02, 0.1253041E-02, 0.3207837E-02,-0.3004974E-03, 0.6345154E-02, 0.6044656E-02, 0.1118978E-02, 0.8631592E-03, 0.1982137E-02,-0.1654299E-02,-0.7598194E-02,-0.9252494E-02, 0.4932431E+03, 0.1850196E+03, 0.7646352E+02, 0.4514437E+03, 0.8162360E-02, 0.8698301E-02
 0.2361781E+02, 0.1966583E-02, 0.1285254E-02, 0.3251837E-02,-0.3251710E-03, 0.6339827E-02, 0.6014656E-02, 0.1112751E-02, 0.8813865E-03, 0.1994137E-02,-0.1641412E-02,-0.7625082E-02,-0.9266494E-02, 0.4930927E+03, 0.1798863E+03, 0.7603799E+02, 0.4518232E+03, 0.8180284E-02, 0.8734404E-02
 0.2371781E+02, 0.1977973E-02, 0.1317864E-02, 0.3295837E-02,-0.3494104E-03, 0.6334067E-02, 0.5984656E-02, 0.1106509E-02, 0.8996290E-03, 0.2006138E-02,-0.1628563E-02,-0.7651931E-02,-0.9280494E-02, 0.4928933E+03, 0.1748175E+03, 0.7561141E+02, 0.4522055E+03, 0.8198125E-02, 0.8770771E-02
 0.2381781E+02, 0.1988980E-02, 0.1350858E-02, 0.3339838E-02,-0.3732194E-03, 0.6327875E-02, 0.5954656E-02, 0.1100257E-02, 0.9178803E-03, 0.2018138E-02,-0.1615760E-02,-0.7678733E-02,-0.9294494E-02, 0.4926478E+03, 0.1698139E+03, 0.7518424E+02, 0.4525905E+03, 0.8215880E-02, 0.8807394E-02
 0.2391781E+02, 0.1999615E-02, 0.1384222E-02, 0.3383838E-02,-0.3966019E-03, 0.6321258E-02, 0.5924656E-02, 0.1094003E-02, 0.9361344E-03, 0.2030137E-02,-0.1603013E-02,-0.7705480E-02,-0.9308494E-02, 0.4923592E+03, 0.1648762E+03, 0.7475688E+02, 0.4529781E+03, 0.8233548E-02, 0.8844263E-02
 0.2400000E+02, 0.2008097E-02, 0.1411903E-02, 0.3420000E-02,-0.4155302E-03, 0.6315530E-02, 0.5900000E-02, 0.1088856E-02, 0.9511437E-03, 0.2040000E-02,-0.1592567E-02,-0.7727433E-02,-0.9320000E-02, 0.4920907E+03, 0.1608617E+03, 0.7440518E+02, 0.4532986E+03, 0.8248028E-02, 0.8874743E-02
 0.2401000E+02, 0.2009184E-02, 0.1414916E-02, 0.3424100E-02,-0.4179036E-03, 0.6314903E-02, 0.5897000E-02, 0.1087825E-02, 0.9527749E-03, 0.2040600E-02,-0.1591281E-02,-0.7729820E-02,-0.9321100E-02, 0.4920635E+03, 0.1603615E+03, 0.7433471E+02, 0.4533334E+03, 0.8249606E-02, 0.8878055E-02
 0.2402000E+02, 0.2010267E-02, 0.1417933E-02, 0.3428200E-02,-0.4202729E-03, 0.6314273E-02, 0.5894000E-02, 0.1086794E-02, 0.9544059E-03, 0.2041200E-02,-0.1589994E-02,-0.7732206E-02,-0.9322200E-02, 0.4920358E+03, 0.1598620E+03, 0.7426427E+02, 0.4533683E+03, 0.8251183E-02, 0.8881369E-02
 0.2403500E+02, 0.2011885E-02, 0.1422465E-02, 0.3434350E-02,-0.4238181E-03, 0.6313318E-02, 0.5889500E-02, 0.1085249E-02, 0.9568508E-03, 0.2042100E-02,-0.1588067E-02,-0.7735783E-02,-0.9323850E-02, 0.4919934E+03, 0.1591140E+03, 0.7415869E+02, 0.4534206E+03, 0.8253546E-02, 0.8886340E-02
 0.2405750E+02, 0.2014294E-02, 0.1429281E-02, 0.3443575E-02,-0.4291161E-03, 0.6311866E-02, 0.5882750E-02, 0.1082935E-02, 0.9605151E-03, 0.2043450E-02,-0.1585178E-02,-0.7741147E-02,-0.9326325E-02, 0.4919279E+03, 0.1579951E+03, 0.7400055E+02, 0.4534992E+03, 0.8257084E-02, 0.8893800E-02
 0.2409125E+02, 0.2017870E-02, 0.1439542E-02, 0.3457412E-02,-0.4370188E-03, 0.6309644E-02, 0.5872625E-02, 0.1079471E-02, 0.9660044E-03, 0.2045475E-02,-0.1580852E-02,-0.7749186E-02,-0.9330038E-02, 0.4918253E+03, 0.1563238E+03, 0.7376382E+02, 0.4536172E+03, 0.8262378E-02, 0.8905053E-02
 0.2414188E+02, 0.2023153E-02, 0.1455015E-02, 0.3478169E-02,-0.4487740E-03, 0.6306211E-02, 0.5857437E-02, 0.1074292E-02, 0.9742206E-03, 0.2048513E-02,-0.1574380E-02,-0.7761227E-02,-0.9335606E-02, 0.4916628E+03, 0.1538327E+03, 0.7340994E+02, 0.4537952E+03, 0.8270291E-02, 0.8921983E-02
 0.2421781E+02, 0.2030896E-02, 0.1478408E-02, 0.3509303E-02,-0.4661857E-03, 0.6300842E-02, 0.5834656E-02, 0.1066563E-02, 0.9865055E-03, 0.2053069E-02,-0.1564710E-02,-0.7779249E-02,-0.9343959E-02, 0.4913994E+03, 0.1501317E+03, 0.7288182E+02, 0.4540634E+03, 0.8282093E-02, 0.8947494E-02
 0.2431781E+02, 0.2040772E-02, 0.1509531E-02, 0.3550303E-02,-0.4887322E-03, 0.6293389E-02, 0.5804656E-02, 0.1056452E-02, 0.1002617E-02, 0.2059069E-02,-0.1552040E-02,-0.7802919E-02,-0.9354959E-02, 0.4910178E+03, 0.1453188E+03, 0.7219086E+02, 0.4544188E+03, 0.8297533E-02, 0.8981301E-02
 0.2441781E+02, 0.2050315E-02, 0.1540988E-02, 0.3591303E-02,-0.5108937E-03, 0.6285550E-02, 0.5774656E-02, 0.1046397E-02, 0.1018672E-02, 0.2065069E-02,-0.1539422E-02,-0.7826538E-02,-0.9365959E-02, 0.4905974E+03, 0.1405655E+03, 0.7150381E+02, 0.4547766E+03, 0.8312894E-02, 0.9015337E-02
 0.2451781E+02, 0.2059535E-02, 0.1572768E-02, 0.3632303E-02,-0.5326740E-03, 0.6277330E-02, 0.5744656E-02, 0.1036404E-02, 0.1034664E-02, 0.2071069E-02,-0.1526861E-02,-0.7850098E-02,-0.9376959E-02, 0.4901407E+03, 0.1358722E+03, 0.7082097E+02, 0.4551368E+03, 0.8328177E-02, 0.9049596E-02
 0.2461781E+02, 0.2068441E-02, 0.1604862E-02, 0.3673303E-02,-0.5540770E-03, 0.6268733E-02, 0.5714656E-02, 0.1026478E-02, 0.1050591E-02, 0.2077069E-02,-0.1514364E-02,-0.7873596E-02,-0.9387959E-02, 0.4896500E+03, 0.1312392E+03, 0.7014265E+02, 0.4554992E+03, 0.8343380E-02, 0.9084072E-02
 0.2471781E+02, 0.2077044E-02, 0.1637259E-02, 0.3714303E-02,-0.5751068E-03, 0.6259763E-02, 0.5684656E-02, 0.1016621E-02, 0.1066448E-02, 0.2083069E-02,-0.1501938E-02,-0.7897022E-02,-0.9398960E-02, 0.4891275E+03, 0.1266669E+03, 0.6946910E+02, 0.4558638E+03, 0.8358503E-02, 0.9118756E-02
 0.2481781E+02, 0.2085355E-02, 0.1669948E-02, 0.3755303E-02,-0.5957677E-03, 0.6250424E-02, 0.5654656E-02, 0.1006838E-02, 0.1082231E-02, 0.2089069E-02,-0.1489587E-02,-0.7920372E-02,-0.9409960E-02, 0.4885754E+03, 0.1221553E+03, 0.6880061E+02, 0.4562306E+03, 0.8373547E-02, 0.9153642E-02
 0.2491781E+02, 0.2093383E-02, 0.1702920E-02, 0.3796303E-02,-0.6160643E-03, 0.6240720E-02, 0.5624656E-02, 0.9971326E-03, 0.1097936E-02, 0.2095069E-02,-0.1477318E-02,-0.7943641E-02,-0.9420960E-02, 0.4879958E+03, 0.1177047E+03, 0.6813739E+02, 0.4565994E+03, 0.8388512E-02, 0.9188724E-02
 0.2500000E+02, 0.2099782E-02, 0.1730218E-02, 0.3830000E-02,-0.6324981E-03, 0.6232498E-02, 0.5600000E-02, 0.9892042E-03, 0.1110796E-02, 0.2100000E-02,-0.1467284E-02,-0.7962716E-02,-0.9430000E-02, 0.4874991E+03, 0.1140874E+03, 0.6759561E+02, 0.4569040E+03, 0.8400773E-02, 0.9217698E-02
 0.2501000E+02, 0.2100343E-02, 0.1732857E-02, 0.3833200E-02,-0.6337016E-03, 0.6231701E-02, 0.5598000E-02, 0.9881622E-03, 0.1112038E-02, 0.2100200E-02,-0.1466641E-02,-0.7964559E-02,-0.9431200E-02, 0.4874878E+03, 0.1138350E+03, 0.6752442E+02, 0.4569335E+03, 0.8401961E-02, 0.9220496E-02
 0.2502000E+02, 0.2100902E-02, 0.1735498E-02, 0.3836400E-02,-0.6349035E-03, 0.6230903E-02, 0.5596000E-02, 0.9871214E-03, 0.1113279E-02, 0.2100400E-02,-0.1465998E-02,-0.7966402E-02,-0.9432400E-02, 0.4874763E+03, 0.1135829E+03, 0.6745329E+02, 0.4569629E+03, 0.8403149E-02, 0.9223294E-02
 0.2503500E+02, 0.2101738E-02, 0.1739462E-02, 0.3841200E-02,-0.6367026E-03, 0.6229703E-02, 0.5593000E-02, 0.9855626E-03, 0.1115137E-02, 0.2100700E-02,-0.1465035E-02,-0.7969165E-02,-0.9434200E-02, 0.4874589E+03, 0.1132054E+03, 0.6734677E+02, 0.4570070E+03, 0.8404930E-02, 0.9227492E-02
 0.2505750E+02, 0.2102986E-02, 0.1745414E-02, 0.3848400E-02,-0.6393931E-03, 0.6227893E-02, 0.5588500E-02, 0.9832298E-03, 0.1117920E-02, 0.2101150E-02,-0.1463593E-02,-0.7973307E-02,-0.9436900E-02, 0.4874324E+03, 0.1126406E+03, 0.6718737E+02, 0.4570733E+03, 0.8407600E-02, 0.9233784E-02
 0.2509125E+02, 0.2104845E-02, 0.1754355E-02, 0.3859200E-02,-0.6434101E-03, 0.6225160E-02, 0.5581750E-02, 0.9797432E-03, 0.1122082E-02, 0.2101825E-02,-0.1461435E-02,-0.7979515E-02,-0.9440950E-02, 0.4873916E+03, 0.1117968E+03, 0.6694912E+02, 0.4571727E+03, 0.8411602E-02, 0.9243256E-02
 0.2514188E+02, 0.2107607E-02, 0.1767793E-02, 0.3875400E-02,-0.6493946E-03, 0.6221020E-02, 0.5571625E-02, 0.9745421E-03, 0.1128295E-02, 0.2102837E-02,-0.1458213E-02,-0.7988812E-02,-0.9447025E-02, 0.4873287E+03, 0.1105385E+03, 0.6659371E+02, 0.4573222E+03, 0.8417593E-02, 0.9257481E-02
 0.2521781E+02, 0.2111688E-02, 0.1788012E-02, 0.3899700E-02,-0.6582791E-03, 0.6214716E-02, 0.5556437E-02, 0.9668037E-03, 0.1137553E-02, 0.2104356E-02,-0.1453409E-02,-0.8002729E-02,-0.9456138E-02, 0.4872298E+03, 0.1086677E+03, 0.6606492E+02, 0.4575469E+03, 0.8426560E-02, 0.9278852E-02
 0.2531781E+02, 0.2116952E-02, 0.1814748E-02, 0.3931700E-02,-0.6698198E-03, 0.6206257E-02, 0.5536438E-02, 0.9567211E-03, 0.1149635E-02, 0.2106356E-02,-0.1447133E-02,-0.8021004E-02,-0.9468137E-02, 0.4870916E+03, 0.1062328E+03, 0.6537594E+02, 0.4578434E+03, 0.8438337E-02, 0.9307057E-02
 0.2541781E+02, 0.2122103E-02, 0.1841597E-02, 0.3963700E-02,-0.6812011E-03, 0.6197638E-02, 0.5516437E-02, 0.9467426E-03, 0.1161614E-02, 0.2108356E-02,-0.1440902E-02,-0.8039235E-02,-0.9480137E-02, 0.4869440E+03, 0.1038258E+03, 0.6469408E+02, 0.4581407E+03, 0.8450096E-02, 0.9335333E-02
 0.2551781E+02, 0.2127143E-02, 0.1868557E-02, 0.3995700E-02,-0.6924249E-03, 0.6188862E-02, 0.5496438E-02, 0.9368683E-03, 0.1173488E-02, 0.2110356E-02,-0.1434718E-02,-0.8057420E-02,-0.9492138E-02, 0.4867875E+03, 0.1014467E+03, 0.6401933E+02, 0.4584386E+03, 0.8461839E-02, 0.9363676E-02
 0.2561781E+02, 0.2132074E-02, 0.1895626E-02, 0.4027700E-02,-0.7034935E-03, 0.6179931E-02, 0.5476438E-02, 0.9270980E-03, 0.1185258E-02, 0.2112356E-02,-0.1428581E-02,-0.8075557E-02,-0.9504137E-02, 0.4866228E+03, 0.9909524E+02, 0.6335170E+02, 0.4587373E+03, 0.8473566E-02, 0.9392086E-02
 0.2571781E+02, 0.2136901E-02, 0.1922800E-02, 0.4059700E-02,-0.7144088E-03, 0.6170847E-02, 0.5456438E-02, 0.9174316E-03, 0.1196925E-02, 0.2114356E-02,-0.1422492E-02,-0.8093646E-02,-0.9516138E-02, 0.4864503E+03, 0.9677133E+02, 0.6269116E+02, 0.4590367E+03, 0.8485278E-02, 0.9420561E-02
 0.2581781E+02, 0.2141625E-02, 0.1950075E-02, 0.4091700E-02,-0.7251730E-03, 0.6161611E-02, 0.5436438E-02, 0.9078690E-03, 0.1208487E-02, 0.2116356E-02,-0.1416452E-02,-0.8111686E-02,-0.9528137E-02, 0.4862704E+03, 0.9447476E+02, 0.6203772E+02, 0.4593367E+03, 0.8496976E-02, 0.9449098E-02
 0.2591781E+02, 0.2146249E-02, 0.1977450E-02, 0.4123700E-02,-0.7357881E-03, 0.6152226E-02, 0.5416438E-02, 0.8984099E-03, 0.1219946E-02, 0.2118356E-02,-0.1410461E-02,-0.8129676E-02,-0.9540137E-02, 0.4860838E+03, 0.9220536E+02, 0.6139134E+02, 0.4596373E+03, 0.8508661E-02, 0.9477696E-02
 0.2600000E+02, 0.2149981E-02, 0.2000019E-02, 0.4150000E-02,-0.7444114E-03, 0.6144411E-02, 0.5400000E-02, 0.8907038E-03, 0.1229296E-02, 0.2120000E-02,-0.1405569E-02,-0.8144431E-02,-0.9550000E-02, 0.4859252E+03, 0.9035827E+02, 0.6086475E+02, 0.4598849E+03, 0.8518263E-02, 0.9501245E-02
 0.2601000E+02, 0.2150405E-02, 0.2002395E-02, 0.4152800E-02,-0.7455876E-03, 0.6143588E-02, 0.5398000E-02, 0.8900205E-03, 0.1230280E-02, 0.2120300E-02,-0.1404817E-02,-0.8145982E-02,-0.9550800E-02, 0.4858804E+03, 0.9009473E+02, 0.6081807E+02, 0.4599109E+03, 0.8519275E-02, 0.9503720E-02
 0.2602000E+02, 0.2150828E-02, 0.2004772E-02, 0.4155600E-02,-0.7467624E-03, 0.6142762E-02, 0.5396000E-02, 0.8893377E-03, 0.1231262E-02, 0.2120600E-02,-0.1404066E-02,-0.8147534E-02,-0.9551600E-02, 0.4858355E+03, 0.8983147E+02, 0.6077141E+02, 0.4599370E+03, 0.8520287E-02, 0.9506197E-02
 0.2603500E+02, 0.2151461E-02, 0.2008339E-02, 0.4159800E-02,-0.7485214E-03, 0.6141522E-02, 0.5393000E-02, 0.8883149E-03, 0.1232735E-02, 0.2121050E-02,-0.1402940E-02,-0.8149860E-02,-0.9552800E-02, 0.4857681E+03, 0.8943718E+02, 0.6070152E+02, 0.4599761E+03, 0.8521806E-02, 0.9509911E-02
 0.2605750E+02, 0.2152406E-02, 0.2013694E-02, 0.4166100E-02,-0.7511526E-03, 0.6139652E-02, 0.5388500E-02, 0.8867836E-03, 0.1234941E-02, 0.2121725E-02,-0.1401254E-02,-0.8153346E-02,-0.9554600E-02, 0.4856668E+03, 0.8884714E+02, 0.6059688E+02, 0.4600347E+03, 0.8524080E-02, 0.9515480E-02
 0.2609125E+02, 0.2153814E-02, 0.2021736E-02, 0.4175550E-02,-0.7550830E-03, 0.6136833E-02, 0.5381750E-02, 0.8844933E-03, 0.1238244E-02, 0.2122737E-02,-0.1398731E-02,-0.8158569E-02,-0.9557300E-02, 0.4855144E+03, 0.8796516E+02, 0.6044038E+02, 0.4601226E+03, 0.8527486E-02, 0.9523861E-02
 0.2614188E+02, 0.2155904E-02, 0.2033821E-02, 0.4189725E-02,-0.7609428E-03, 0.6132568E-02, 0.5371625E-02, 0.8810735E-03, 0.1243183E-02, 0.2124256E-02,-0.1394962E-02,-0.8166389E-02,-0.9561350E-02, 0.4852850E+03, 0.8664924E+02, 0.6020669E+02, 0.4602549E+03, 0.8532583E-02, 0.9536446E-02
 0.2621781E+02, 0.2158993E-02, 0.2051994E-02, 0.4210988E-02,-0.7696516E-03, 0.6126089E-02, 0.5356437E-02, 0.8759779E-03, 0.1250556E-02, 0.2126534E-02,-0.1389342E-02,-0.8178083E-02,-0.9567425E-02, 0.4849391E+03, 0.8469096E+02, 0.5985849E+02, 0.4604537E+03, 0.8540205E-02, 0.9555353E-02
 0.2631781E+02, 0.2162977E-02, 0.2076010E-02, 0.4238988E-02,-0.7809802E-03, 0.6117417E-02, 0.5336437E-02, 0.8693256E-03, 0.1260209E-02, 0.2129534E-02,-0.1381997E-02,-0.8193428E-02,-0.9575425E-02, 0.4844798E+03, 0.8213895E+02, 0.5940392E+02, 0.4607160E+03, 0.8550202E-02, 0.9580307E-02
 0.2641781E+02, 0.2166873E-02, 0.2100115E-02, 0.4266988E-02,-0.7921681E-03, 0.6108606E-02, 0.5316438E-02, 0.8627285E-03, 0.1269806E-02, 0.2132534E-02,-0.1374705E-02,-0.8208720E-02,-0.9583425E-02, 0.4840155E+03, 0.7961332E+02, 0.5895312E+02, 0.4609790E+03, 0.8560173E-02, 0.9605321E-02
 0.2651781E+02, 0.2170682E-02, 0.2124305E-02, 0.4294987E-02,-0.8032168E-03, 0.6099654E-02, 0.5296438E-02, 0.8561870E-03, 0.1279347E-02, 0.2135534E-02,-0.1367465E-02,-0.8223960E-02,-0.9591425E-02, 0.4835468E+03, 0.7711395E+02, 0.5850611E+02, 0.4612426E+03, 0.8570116E-02, 0.9630395E-02
 0.2661781E+02, 0.2174407E-02, 0.2148580E-02, 0.4322988E-02,-0.8141281E-03, 0.6090566E-02, 0.5276437E-02, 0.8497012E-03, 0.1288833E-02, 0.2138534E-02,-0.1360279E-02,-0.8239145E-02,-0.9599425E-02, 0.4830739E+03, 0.7464068E+02, 0.5806291E+02, 0.4615068E+03, 0.8580033E-02, 0.9655527E-02
 0.2671781E+02, 0.2178051E-02, 0.2172936E-02, 0.4350987E-02,-0.8249036E-03, 0.6081341E-02, 0.5256438E-02, 0.8432712E-03, 0.1298263E-02, 0.2141534E-02,-0.1353148E-02,-0.8254278E-02,-0.9607425E-02, 0.4825972E+03, 0.7219337E+02, 0.5762353E+02, 0.4617716E+03, 0.8589924E-02, 0.9680716E-02
 0.2681781E+02, 0.2181616E-02, 0.2197372E-02, 0.4378988E-02,-0.8355448E-03, 0.6071982E-02, 0.5236438E-02, 0.8368973E-03, 0.1307637E-02, 0.2144534E-02,-0.1346071E-02,-0.8269355E-02,-0.9615425E-02, 0.4821171E+03, 0.6977187E+02, 0.5718798E+02, 0.4620370E+03, 0.8599791E-02, 0.9705961E-02
 0.2691781E+02, 0.2185102E-02, 0.2221885E-02, 0.4406987E-02,-0.8460535E-03, 0.6062491E-02, 0.5216437E-02, 0.8305795E-03, 0.1316955E-02, 0.2147534E-02,-0.1339049E-02,-0.8284376E-02,-0.9623425E-02, 0.4816340E+03, 0.6737602E+02, 0.5675627E+02, 0.4623030E+03, 0.8609632E-02, 0.9731260E-02
 0.2700000E+02, 0.2187913E-02, 0.2242087E-02, 0.4430000E-02,-0.8546002E-03, 0.6054600E-02, 0.5200000E-02, 0.8254238E-03, 0.1324576E-02, 0.2150000E-02,-0.1333313E-02,-0.8296687E-02,-0.9630000E-02, 0.4812342E+03, 0.6542406E+02, 0.5640396E+02, 0.4625220E+03, 0.8617710E-02, 0.9752092E-02
 0.2701000E+02, 0.2188282E-02, 0.2244418E-02, 0.4432700E-02,-0.8556888E-03, 0.6053689E-02, 0.5198000E-02, 0.8245455E-03, 0.1325454E-02, 0.2150000E-02,-0.1332593E-02,-0.8298106E-02,-0.9630700E-02, 0.4811863E+03, 0.6517697E+02, 0.5634394E+02, 0.4625472E+03, 0.8618644E-02, 0.9754493E-02
 0.2702000E+02, 0.2188650E-02, 0.2246750E-02, 0.4435400E-02,-0.8567759E-03, 0.6052776E-02, 0.5196000E-02, 0.8236679E-03, 0.1326332E-02, 0.2150000E-02,-0.1331874E-02,-0.8299526E-02,-0.9631400E-02, 0.4811384E+03, 0.6493013E+02, 0.5628397E+02, 0.4625725E+03, 0.8619578E-02, 0.9756895E-02
 0.2703500E+02, 0.2189201E-02, 0.2250249E-02, 0.4439450E-02,-0.8584037E-03, 0.6051403E-02, 0.5193000E-02, 0.8223534E-03, 0.1327647E-02, 0.2150000E-02,-0.1330797E-02,-0.8301653E-02,-0.9632450E-02, 0.4810663E+03, 0.6456042E+02, 0.5619415E+02, 0.4626104E+03, 0.8620977E-02, 0.9760496E-02
 0.2705750E+02, 0.2190022E-02, 0.2255502E-02, 0.4445525E-02,-0.8608388E-03, 0.6049339E-02, 0.5188500E-02, 0.8203855E-03, 0.1329615E-02, 0.2150000E-02,-0.1329184E-02,-0.8304841E-02,-0.9634025E-02, 0.4809582E+03, 0.6400714E+02, 0.5605968E+02, 0.4626673E+03, 0.8623075E-02, 0.9765897E-02
 0.2709125E+02, 0.2191246E-02, 0.2263391E-02, 0.4454638E-02,-0.8644767E-03, 0.6046227E-02, 0.5181750E-02, 0.8174427E-03, 0.1332557E-02, 0.2150000E-02,-0.1326770E-02,-0.8309618E-02,-0.9636387E-02, 0.4807955E+03, 0.6318007E+02, 0.5585858E+02, 0.4627525E+03, 0.8626216E-02, 0.9774024E-02
 0.2714188E+02, 0.2193064E-02, 0.2275242E-02, 0.4468306E-02,-0.8699008E-03, 0.6041526E-02, 0.5171625E-02, 0.8130490E-03, 0.1336951E-02, 0.2150000E-02,-0.1323163E-02,-0.8316768E-02,-0.9639932E-02, 0.4805511E+03, 0.6194588E+02, 0.5555835E+02, 0.4628808E+03, 0.8630917E-02, 0.9786225E-02
 0.2721781E+02, 0.2195749E-02, 0.2293061E-02, 0.4488809E-02,-0.8779635E-03, 0.6034401E-02, 0.5156437E-02, 0.8065041E-03, 0.1343496E-02, 0.2150000E-02,-0.1317785E-02,-0.8327462E-02,-0.9645247E-02, 0.4801829E+03, 0.6010893E+02, 0.5511111E+02, 0.4630735E+03, 0.8637949E-02, 0.9804556E-02
 0.2731781E+02, 0.2199209E-02, 0.2316600E-02, 0.4515809E-02,-0.8884539E-03, 0.6024892E-02, 0.5136438E-02, 0.7979631E-03, 0.1352037E-02, 0.2150000E-02,-0.1310755E-02,-0.8341492E-02,-0.9652247E-02, 0.4796951E+03, 0.5771451E+02, 0.5452748E+02, 0.4633278E+03, 0.8647175E-02, 0.9828748E-02
 0.2741781E+02, 0.2202590E-02, 0.2340219E-02, 0.4542809E-02,-0.8988157E-03, 0.6015253E-02, 0.5116438E-02, 0.7894972E-03, 0.1360503E-02, 0.2150000E-02,-0.1303775E-02,-0.8355472E-02,-0.9659247E-02, 0.4792032E+03, 0.5534438E+02, 0.5394898E+02, 0.4635828E+03, 0.8656377E-02, 0.9852997E-02
 0.2751781E+02, 0.2205895E-02, 0.2363914E-02, 0.4569809E-02,-0.9090508E-03, 0.6005488E-02, 0.5096438E-02, 0.7811066E-03, 0.1368893E-02, 0.2150000E-02,-0.1296844E-02,-0.8369403E-02,-0.9666247E-02, 0.4787076E+03, 0.5299841E+02, 0.5337562E+02, 0.4638383E+03, 0.8665557E-02, 0.9877302E-02
 0.2761781E+02, 0.2209124E-02, 0.2387685E-02, 0.4596809E-02,-0.9191605E-03, 0.5995598E-02, 0.5076438E-02, 0.7727913E-03, 0.1377209E-02, 0.2150000E-02,-0.1289964E-02,-0.8383283E-02,-0.9673247E-02, 0.4782087E+03, 0.5067646E+02, 0.5280740E+02, 0.4640944E+03, 0.8674715E-02, 0.9901661E-02
 0.2771781E+02, 0.2212281E-02, 0.2411529E-02, 0.4623809E-02,-0.9291462E-03, 0.5985584E-02, 0.5056437E-02, 0.7645510E-03, 0.1385449E-02, 0.2150000E-02,-0.1283134E-02,-0.8397113E-02,-0.9680247E-02, 0.4777067E+03, 0.4837837E+02, 0.5224432E+02, 0.4643510E+03, 0.8683852E-02, 0.9926075E-02
 0.2781781E+02, 0.2215366E-02, 0.2435444E-02, 0.4650809E-02,-0.9390097E-03, 0.5975447E-02, 0.5036437E-02, 0.7563859E-03, 0.1393614E-02, 0.2150000E-02,-0.1276356E-02,-0.8410891E-02,-0.9687247E-02, 0.4772020E+03, 0.4610402E+02, 0.5168637E+02, 0.4646082E+03, 0.8692967E-02, 0.9950540E-02
 0.2791781E+02, 0.2218382E-02, 0.2459428E-02, 0.4677810E-02,-0.9487522E-03, 0.5965190E-02, 0.5016437E-02, 0.7482956E-03, 0.1401704E-02, 0.2150000E-02,-0.1269629E-02,-0.8424617E-02,-0.9694247E-02, 0.4766948E+03, 0.4385323E+02, 0.5113353E+02, 0.4648660E+03, 0.8702063E-02, 0.9975057E-02
 0.2800000E+02, 0.2220811E-02, 0.2479189E-02, 0.4700000E-02,-0.9566770E-03, 0.5956677E-02, 0.5000000E-02, 0.7416959E-03, 0.1408304E-02, 0.2150000E-02,-0.1264134E-02,-0.8435866E-02,-0.9700000E-02, 0.4762758E+03, 0.4201913E+02, 0.5068255E+02, 0.4650782E+03, 0.8709530E-02, 0.9995244E-02
 0.2801000E+02, 0.2221128E-02, 0.2481872E-02, 0.4703000E-02,-0.9575204E-03, 0.5955521E-02, 0.4998000E-02, 0.7407012E-03, 0.1409199E-02, 0.2149900E-02,-0.1263608E-02,-0.8437392E-02,-0.9701000E-02, 0.4762473E+03, 0.4183194E+02, 0.5061458E+02, 0.4651070E+03, 0.8710546E-02, 0.9997982E-02
 0.2802000E+02, 0.2221445E-02, 0.2484555E-02, 0.4706000E-02,-0.9583628E-03, 0.5954363E-02, 0.4996000E-02, 0.7397077E-03, 0.1410092E-02, 0.2149800E-02,-0.1263082E-02,-0.8438918E-02,-0.9702000E-02, 0.4762187E+03, 0.4164497E+02, 0.5054669E+02, 0.4651358E+03, 0.8711562E-02, 0.1000072E-01
 0.2803500E+02, 0.2221918E-02, 0.2488582E-02, 0.4710500E-02,-0.9596238E-03, 0.5952624E-02, 0.4993000E-02, 0.7382199E-03, 0.1411430E-02, 0.2149650E-02,-0.1262294E-02,-0.8441205E-02,-0.9703500E-02, 0.4761758E+03, 0.4136501E+02, 0.5044502E+02, 0.4651790E+03, 0.8713085E-02, 0.1000482E-01
 0.2805750E+02, 0.2222626E-02, 0.2494624E-02, 0.4717250E-02,-0.9615096E-03, 0.5950009E-02, 0.4988500E-02, 0.7359939E-03, 0.1413431E-02, 0.2149425E-02,-0.1261116E-02,-0.8444634E-02,-0.9705750E-02, 0.4761113E+03, 0.4094619E+02, 0.5029292E+02, 0.4652438E+03, 0.8715370E-02, 0.1001098E-01
 0.2809125E+02, 0.2223680E-02, 0.2503695E-02, 0.4727375E-02,-0.9643260E-03, 0.5946076E-02, 0.4981750E-02, 0.7326677E-03, 0.1416420E-02, 0.2149087E-02,-0.1259354E-02,-0.8449771E-02,-0.9709125E-02, 0.4760146E+03, 0.4032046E+02, 0.5006563E+02, 0.4653410E+03, 0.8718794E-02, 0.1002024E-01
 0.2814188E+02, 0.2225248E-02, 0.2517314E-02, 0.4742563E-02,-0.9685234E-03, 0.5940149E-02, 0.4971625E-02, 0.7277077E-03, 0.1420874E-02, 0.2148581E-02,-0.1256725E-02,-0.8457462E-02,-0.9714187E-02, 0.4758696E+03, 0.3938752E+02, 0.4972669E+02, 0.4654870E+03, 0.8723927E-02, 0.1003413E-01
 0.2821781E+02, 0.2227569E-02, 0.2537774E-02, 0.4765344E-02,-0.9747578E-03, 0.5931195E-02, 0.4956438E-02, 0.7203321E-03, 0.1427490E-02, 0.2147822E-02,-0.1252812E-02,-0.8468970E-02,-0.9721781E-02, 0.4756520E+03, 0.3800068E+02, 0.4922269E+02, 0.4657064E+03, 0.8731617E-02, 0.1005500E-01
 0.2831781E+02, 0.2230571E-02, 0.2564772E-02, 0.4795344E-02,-0.9828616E-03, 0.5919299E-02, 0.4936437E-02, 0.7107297E-03, 0.1436092E-02, 0.2146822E-02,-0.1247710E-02,-0.8484071E-02,-0.9731781E-02, 0.4753651E+03, 0.3619591E+02, 0.4856653E+02, 0.4659956E+03, 0.8741732E-02, 0.1008251E-01
 0.2841781E+02, 0.2233515E-02, 0.2591829E-02, 0.4825344E-02,-0.9908587E-03, 0.5907296E-02, 0.4916438E-02, 0.7012351E-03, 0.1444587E-02, 0.2145822E-02,-0.1242656E-02,-0.8499125E-02,-0.9741782E-02, 0.4750768E+03, 0.3441238E+02, 0.4791774E+02, 0.4662853E+03, 0.8751848E-02, 0.1011007E-01
 0.2851781E+02, 0.2236403E-02, 0.2618941E-02, 0.4855344E-02,-0.9987506E-03, 0.5895188E-02, 0.4896438E-02, 0.6918478E-03, 0.1452974E-02, 0.2144822E-02,-0.1237652E-02,-0.8514129E-02,-0.9751781E-02, 0.4747875E+03, 0.3264989E+02, 0.4727626E+02, 0.4665754E+03, 0.8761966E-02, 0.1013766E-01
 0.2861781E+02, 0.2239236E-02, 0.2646108E-02, 0.4885344E-02,-0.1006539E-02, 0.5882977E-02, 0.4876438E-02, 0.6825667E-03, 0.1461255E-02, 0.2143822E-02,-0.1232697E-02,-0.8529085E-02,-0.9761782E-02, 0.4744974E+03, 0.3090824E+02, 0.4664206E+02, 0.4668658E+03, 0.8772085E-02, 0.1016529E-01
 0.2871781E+02, 0.2242016E-02, 0.2673328E-02, 0.4915344E-02,-0.1014225E-02, 0.5870663E-02, 0.4856438E-02, 0.6733911E-03, 0.1469431E-02, 0.2142822E-02,-0.1227790E-02,-0.8543991E-02,-0.9771781E-02, 0.4742068E+03, 0.2918721E+02, 0.4601506E+02, 0.4671567E+03, 0.8782208E-02, 0.1019295E-01
 0.2881781E+02, 0.2244744E-02, 0.2700600E-02, 0.4945344E-02,-0.1021811E-02, 0.5858249E-02, 0.4836437E-02, 0.6643202E-03, 0.1477502E-02, 0.2141822E-02,-0.1222933E-02,-0.8558849E-02,-0.9781782E-02, 0.4739158E+03, 0.2748661E+02, 0.4539521E+02, 0.4674479E+03, 0.8792334E-02, 0.1022066E-01
 0.2891781E+02, 0.2247422E-02, 0.2727921E-02, 0.4975344E-02,-0.1029298E-02, 0.5845736E-02, 0.4816437E-02, 0.6553532E-03, 0.1485469E-02, 0.2140822E-02,-0.1218124E-02,-0.8573657E-02,-0.9791781E-02, 0.4736247E+03, 0.2580622E+02, 0.4478247E+02, 0.4677395E+03, 0.8802465E-02, 0.1024840E-01
 0.2900000E+02, 0.2249588E-02, 0.2750411E-02, 0.5000000E-02,-0.1035384E-02, 0.5835385E-02, 0.4800000E-02, 0.6480524E-03, 0.1491948E-02, 0.2140000E-02,-0.1214204E-02,-0.8585796E-02,-0.9800000E-02, 0.4733849E+03, 0.2443867E+02, 0.4428358E+02, 0.4679795E+03, 0.8810801E-02, 0.1027122E-01
 0.2901000E+02, 0.2249894E-02, 0.2753606E-02, 0.5003500E-02,-0.1035914E-02, 0.5833914E-02, 0.4798000E-02, 0.6468340E-03, 0.1492866E-02, 0.2139700E-02,-0.1213980E-02,-0.8587520E-02,-0.9801500E-02, 0.4733961E+03, 0.2433578E+02, 0.4420032E+02, 0.4680136E+03, 0.8811989E-02, 0.1027445E-01
 0.2902000E+02, 0.2250199E-02, 0.2756801E-02, 0.5007000E-02,-0.1036442E-02, 0.5832442E-02, 0.4796000E-02, 0.6456172E-03, 0.1493783E-02, 0.2139400E-02,-0.1213757E-02,-0.8589244E-02,-0.9803000E-02, 0.4734072E+03, 0.2423304E+02, 0.4411718E+02, 0.4680476E+03, 0.8813176E-02, 0.1027769E-01
 0.2903500E+02, 0.2250655E-02, 0.2761595E-02, 0.5012250E-02,-0.1037233E-02, 0.5830233E-02, 0.4793000E-02, 0.6437959E-03, 0.1495154E-02, 0.2138950E-02,-0.1213422E-02,-0.8591828E-02,-0.9805250E-02, 0.4734239E+03, 0.2407925E+02, 0.4399272E+02, 0.4680987E+03, 0.8814960E-02, 0.1028255E-01
 0.2905750E+02, 0.2251337E-02, 0.2768788E-02, 0.5020125E-02,-0.1038415E-02, 0.5826915E-02, 0.4788500E-02, 0.6410727E-03, 0.1497202E-02, 0.2138275E-02,-0.1212922E-02,-0.8595703E-02,-0.9808625E-02, 0.4734487E+03, 0.2384930E+02, 0.4380663E+02, 0.4681753E+03, 0.8817635E-02, 0.1028982E-01
 0.2909125E+02, 0.2252354E-02, 0.2779583E-02, 0.5031938E-02,-0.1040179E-02, 0.5821929E-02, 0.4781750E-02, 0.6370071E-03, 0.1500255E-02, 0.2137262E-02,-0.1212175E-02,-0.8601513E-02,-0.9813687E-02, 0.4734856E+03, 0.2350601E+02, 0.4352882E+02, 0.4682901E+03, 0.8821653E-02, 0.1030077E-01
 0.2914188E+02, 0.2253870E-02, 0.2795786E-02, 0.5049656E-02,-0.1042808E-02, 0.5814433E-02, 0.4771625E-02, 0.6309526E-03, 0.1504791E-02, 0.2135744E-02,-0.1211062E-02,-0.8610219E-02,-0.9821281E-02, 0.4735408E+03, 0.2299477E+02, 0.4311509E+02, 0.4684628E+03, 0.8827688E-02, 0.1031720E-01
 0.2921781E+02, 0.2256120E-02, 0.2820115E-02, 0.5076234E-02,-0.1046708E-02, 0.5803146E-02, 0.4756437E-02, 0.6219675E-03, 0.1511498E-02, 0.2133466E-02,-0.1209411E-02,-0.8623260E-02,-0.9832671E-02, 0.4736226E+03, 0.2223608E+02, 0.4250111E+02, 0.4687220E+03, 0.8836759E-02, 0.1034185E-01
 0.2931781E+02, 0.2259039E-02, 0.2852196E-02, 0.5111234E-02,-0.1051772E-02, 0.5788209E-02, 0.4736437E-02, 0.6103006E-03, 0.1520165E-02, 0.2130466E-02,-0.1207267E-02,-0.8640405E-02,-0.9847672E-02, 0.4737284E+03, 0.2125096E+02, 0.4170387E+02, 0.4690636E+03, 0.8848745E-02, 0.1037434E-01
 0.2941781E+02, 0.2261912E-02, 0.2884322E-02, 0.5146234E-02,-0.1056763E-02, 0.5773200E-02, 0.4716438E-02, 0.5987958E-03, 0.1528670E-02, 0.2127466E-02,-0.1205150E-02,-0.8657522E-02,-0.9862671E-02, 0.4738318E+03, 0.2027959E+02, 0.4091771E+02, 0.4694055E+03, 0.8860785E-02, 0.1040687E-01
 0.2951781E+02, 0.2264742E-02, 0.2916492E-02, 0.5181234E-02,-0.1061682E-02, 0.5758119E-02, 0.4696438E-02, 0.5874512E-03, 0.1537014E-02, 0.2124466E-02,-0.1203061E-02,-0.8674611E-02,-0.9877672E-02, 0.4739331E+03, 0.1932180E+02, 0.4014249E+02, 0.4697477E+03, 0.8872878E-02, 0.1043942E-01
 0.2961781E+02, 0.2267530E-02, 0.2948705E-02, 0.5216234E-02,-0.1066530E-02, 0.5742968E-02, 0.4676438E-02, 0.5762647E-03, 0.1545201E-02, 0.2121466E-02,-0.1200999E-02,-0.8691672E-02,-0.9892671E-02, 0.4740323E+03, 0.1837740E+02, 0.3937809E+02, 0.4700902E+03, 0.8885026E-02, 0.1047199E-01
 0.2971781E+02, 0.2270276E-02, 0.2980958E-02, 0.5251234E-02,-0.1071310E-02, 0.5727748E-02, 0.4656437E-02, 0.5652345E-03, 0.1553231E-02, 0.2118466E-02,-0.1198966E-02,-0.8708706E-02,-0.9907672E-02, 0.4741297E+03, 0.1744621E+02, 0.3862436E+02, 0.4704329E+03, 0.8897229E-02, 0.1050459E-01
 0.2981781E+02, 0.2272983E-02, 0.3013251E-02, 0.5286234E-02,-0.1076023E-02, 0.5712461E-02, 0.4636438E-02, 0.5543585E-03, 0.1561107E-02, 0.2115466E-02,-0.1196960E-02,-0.8725712E-02,-0.9922672E-02, 0.4742255E+03, 0.1652805E+02, 0.3788116E+02, 0.4707759E+03, 0.8909488E-02, 0.1053722E-01
 0.2991781E+02, 0.2275651E-02, 0.3045583E-02, 0.5321234E-02,-0.1080669E-02, 0.5697107E-02, 0.4616438E-02, 0.5436348E-03, 0.1568831E-02, 0.2112466E-02,-0.1194982E-02,-0.8742690E-02,-0.9937672E-02, 0.4743199E+03, 0.1562276E+02, 0.3714837E+02, 0.4711192E+03, 0.8921803E-02, 0.1056987E-01
 0.3000000E+02, 0.2277818E-02, 0.3072182E-02, 0.5350000E-02,-0.1084443E-02, 0.5684443E-02, 0.4600000E-02, 0.5349225E-03, 0.1575078E-02, 0.2110000E-02,-0.1193375E-02,-0.8756625E-02,-0.9950000E-02, 0.4743962E+03, 0.1488729E+02, 0.3655304E+02, 0.4714014E+03, 0.8931969E-02, 0.1059672E-01
 0.3001000E+02, 0.2278157E-02, 0.3075843E-02, 0.5354000E-02,-0.1085699E-02, 0.5682698E-02, 0.4597000E-02, 0.5334654E-03, 0.1575935E-02, 0.2109400E-02,-0.1192458E-02,-0.8758541E-02,-0.9951000E-02, 0.4743174E+03, 0.1459052E+02, 0.3645346E+02, 0.4714403E+03, 0.8933372E-02, 0.1060041E-01
 0.3002000E+02, 0.2278495E-02, 0.3079505E-02, 0.5358000E-02,-0.1086952E-02, 0.5680952E-02, 0.4594000E-02, 0.5320103E-03, 0.1576790E-02, 0.2108800E-02,-0.1191543E-02,-0.8760457E-02,-0.9952000E-02, 0.4742386E+03, 0.1429421E+02, 0.3635404E+02, 0.4714791E+03, 0.8934774E-02, 0.1060410E-01
 0.3003500E+02, 0.2279000E-02, 0.3085000E-02, 0.5364000E-02,-0.1088826E-02, 0.5678326E-02, 0.4589500E-02, 0.5298327E-03, 0.1578067E-02, 0.2107900E-02,-0.1190174E-02,-0.8763326E-02,-0.9953500E-02, 0.4741204E+03, 0.1385081E+02, 0.3620524E+02, 0.4715373E+03, 0.8936876E-02, 0.1060964E-01
 0.3005750E+02, 0.2279751E-02, 0.3093248E-02, 0.5373000E-02,-0.1091627E-02, 0.5674377E-02, 0.4582750E-02, 0.5265775E-03, 0.1579972E-02, 0.2106550E-02,-0.1188125E-02,-0.8767625E-02,-0.9955750E-02, 0.4739431E+03, 0.1318810E+02, 0.3598280E+02, 0.4716247E+03, 0.8940028E-02, 0.1061796E-01
 0.3009125E+02, 0.2280868E-02, 0.3105632E-02, 0.5386500E-02,-0.1095802E-02, 0.5668427E-02, 0.4572625E-02, 0.5217200E-03, 0.1582805E-02, 0.2104525E-02,-0.1185066E-02,-0.8774059E-02,-0.9959125E-02, 0.4736777E+03, 0.1219937E+02, 0.3565087E+02, 0.4717561E+03, 0.8944748E-02, 0.1063045E-01
 0.3014188E+02, 0.2282518E-02, 0.3124232E-02, 0.5406750E-02,-0.1102010E-02, 0.5659447E-02, 0.4557437E-02, 0.5144899E-03, 0.1586998E-02, 0.2101487E-02,-0.1180509E-02,-0.8783679E-02,-0.9964187E-02, 0.4732803E+03, 0.1072819E+02, 0.3515681E+02, 0.4719533E+03, 0.8951814E-02, 0.1064922E-01
 0.3021781E+02, 0.2284937E-02, 0.3152188E-02, 0.5437125E-02,-0.1111195E-02, 0.5645852E-02, 0.4534656E-02, 0.5037700E-03, 0.1593161E-02, 0.2096931E-02,-0.1173741E-02,-0.8798040E-02,-0.9971781E-02, 0.4726860E+03, 0.8547980E+01, 0.3442429E+02, 0.4722496E+03, 0.8962385E-02, 0.1067740E-01
 0.3031781E+02, 0.2288023E-02, 0.3189101E-02, 0.5477125E-02,-0.1123076E-02, 0.5627733E-02, 0.4504656E-02, 0.4898669E-03, 0.1601064E-02, 0.2090931E-02,-0.1164947E-02,-0.8816835E-02,-0.9981782E-02, 0.4719060E+03, 0.5722328E+01, 0.3347424E+02, 0.4726406E+03, 0.8976266E-02, 0.1071460E-01
 0.3041781E+02, 0.2291007E-02, 0.3226118E-02, 0.5517125E-02,-0.1134742E-02, 0.5609398E-02, 0.4474656E-02, 0.4761731E-03, 0.1608758E-02, 0.2084931E-02,-0.1156265E-02,-0.8835517E-02,-0.9991782E-02, 0.4711271E+03, 0.2941468E+01, 0.3253850E+02, 0.4730326E+03, 0.8990128E-02, 0.1075188E-01
 0.3051781E+02, 0.2293890E-02, 0.3263235E-02, 0.5557125E-02,-0.1146196E-02, 0.5590852E-02, 0.4444656E-02, 0.4626866E-03, 0.1616245E-02, 0.2078931E-02,-0.1147694E-02,-0.8854087E-02,-0.1000178E-01, 0.4703499E+03, 0.2048208E+00, 0.3161692E+02, 0.4734254E+03, 0.9003974E-02, 0.1078925E-01
 0.3061781E+02, 0.2296679E-02, 0.3300446E-02, 0.5597125E-02,-0.1157443E-02, 0.5572099E-02, 0.4414656E-02, 0.4494053E-03, 0.1623526E-02, 0.2072931E-02,-0.1139236E-02,-0.8872545E-02,-0.1001178E-01, 0.4695751E+03,-0.2488198E+01, 0.3070936E+02, 0.4738191E+03, 0.9017805E-02, 0.1082670E-01
 0.3071781E+02, 0.2299377E-02, 0.3337748E-02, 0.5637125E-02,-0.1168487E-02, 0.5553143E-02, 0.4384656E-02, 0.4363269E-03, 0.1630604E-02, 0.2066931E-02,-0.1130890E-02,-0.8890891E-02,-0.1002178E-01, 0.4688032E+03,-0.5138176E+01, 0.2981567E+02, 0.4742136E+03, 0.9031624E-02, 0.1086422E-01
 0.3081781E+02, 0.2301988E-02, 0.3375137E-02, 0.5677125E-02,-0.1179332E-02, 0.5533989E-02, 0.4354656E-02, 0.4234493E-03, 0.1637482E-02, 0.2060931E-02,-0.1122656E-02,-0.8909125E-02,-0.1003178E-01, 0.4680348E+03,-0.7745705E+01, 0.2893570E+02, 0.4746089E+03, 0.9045431E-02, 0.1090182E-01
 0.3091781E+02, 0.2304517E-02, 0.3412608E-02, 0.5717125E-02,-0.1189983E-02, 0.5514639E-02, 0.4324656E-02, 0.4107702E-03, 0.1644161E-02, 0.2054931E-02,-0.1114534E-02,-0.8927247E-02,-0.1004178E-01, 0.4672703E+03,-0.1031138E+02, 0.2806930E+02, 0.4750050E+03, 0.9059232E-02, 0.1093950E-01
 0.3100000E+02, 0.2306537E-02, 0.3443463E-02, 0.5750000E-02,-0.1198605E-02, 0.5498605E-02, 0.4300000E-02, 0.4004816E-03, 0.1649518E-02, 0.2050000E-02,-0.1107932E-02,-0.8942069E-02,-0.1005000E-01, 0.4666440E+03,-0.1239206E+02, 0.2736624E+02, 0.4753311E+03, 0.9070580E-02, 0.1097052E-01
 0.3101000E+02, 0.2306773E-02, 0.3446627E-02, 0.5753400E-02,-0.1198961E-02, 0.5496961E-02, 0.4298000E-02, 0.3991341E-03, 0.1650066E-02, 0.2049200E-02,-0.1107812E-02,-0.8943588E-02,-0.1005140E-01, 0.4666599E+03,-0.1245697E+02, 0.2727416E+02, 0.4753645E+03, 0.9071749E-02, 0.1097369E-01
 0.3102000E+02, 0.2307008E-02, 0.3449793E-02, 0.5756800E-02,-0.1199315E-02, 0.5495315E-02, 0.4296000E-02, 0.3977883E-03, 0.1650612E-02, 0.2048400E-02,-0.1107692E-02,-0.8945107E-02,-0.1005280E-01, 0.4666756E+03,-0.1252180E+02, 0.2718220E+02, 0.4753979E+03, 0.9072918E-02, 0.1097687E-01
 0.3103500E+02, 0.2307359E-02, 0.3454541E-02, 0.5761900E-02,-0.1199846E-02, 0.5492846E-02, 0.4293000E-02, 0.3957739E-03, 0.1651426E-02, 0.2047200E-02,-0.1107513E-02,-0.8947386E-02,-0.1005490E-01, 0.4666992E+03,-0.1261883E+02, 0.2704455E+02, 0.4754480E+03, 0.9074673E-02, 0.1098163E-01
 0.3105750E+02, 0.2307885E-02, 0.3461665E-02, 0.5769550E-02,-0.1200640E-02, 0.5489140E-02, 0.4288500E-02, 0.3927615E-03, 0.1652639E-02, 0.2045400E-02,-0.1107245E-02,-0.8950804E-02,-0.1005805E-01, 0.4667345E+03,-0.1276393E+02, 0.2683870E+02, 0.4755232E+03, 0.9077309E-02, 0.1098877E-01
 0.3109125E+02, 0.2308670E-02, 0.3472355E-02, 0.5781025E-02,-0.1201825E-02, 0.5483575E-02, 0.4281750E-02, 0.3882636E-03, 0.1654436E-02, 0.2042700E-02,-0.1106845E-02,-0.8955930E-02,-0.1006278E-01, 0.4667870E+03,-0.1298057E+02, 0.2653135E+02, 0.4756359E+03, 0.9081267E-02, 0.1099952E-01
 0.3114188E+02, 0.2309840E-02, 0.3488397E-02, 0.5798237E-02,-0.1203591E-02, 0.5475216E-02, 0.4271625E-02, 0.3815636E-03, 0.1657086E-02, 0.2038650E-02,-0.1106249E-02,-0.8963613E-02,-0.1006986E-01, 0.4668656E+03,-0.1330330E+02, 0.2607351E+02, 0.4758054E+03, 0.9087215E-02, 0.1101564E-01
 0.3121781E+02, 0.2311577E-02, 0.3512479E-02, 0.5824056E-02,-0.1206212E-02, 0.5462649E-02, 0.4256437E-02, 0.3716171E-03, 0.1660958E-02, 0.2032575E-02,-0.1105365E-02,-0.8975129E-02,-0.1008049E-01, 0.4669821E+03,-0.1378240E+02, 0.2539384E+02, 0.4760597E+03, 0.9096167E-02, 0.1103983E-01
 0.3131781E+02, 0.2313832E-02, 0.3544225E-02, 0.5858056E-02,-0.1209616E-02, 0.5446054E-02, 0.4236437E-02, 0.3586959E-03, 0.1665879E-02, 0.2024575E-02,-0.1104215E-02,-0.8990278E-02,-0.1009449E-01, 0.4671331E+03,-0.1440477E+02, 0.2451089E+02, 0.4763949E+03, 0.9108008E-02, 0.1107171E-01
 0.3141781E+02, 0.2316052E-02, 0.3576004E-02, 0.5892056E-02,-0.1212972E-02, 0.5429410E-02, 0.4216437E-02, 0.3459489E-03, 0.1670626E-02, 0.2016575E-02,-0.1103080E-02,-0.9005414E-02,-0.1010849E-01, 0.4672813E+03,-0.1501869E+02, 0.2363984E+02, 0.4767304E+03, 0.9119915E-02, 0.1110362E-01
 0.3151781E+02, 0.2318239E-02, 0.3607817E-02, 0.5926056E-02,-0.1216282E-02, 0.5412719E-02, 0.4196438E-02, 0.3333741E-03, 0.1675201E-02, 0.2008575E-02,-0.1101958E-02,-0.9020536E-02,-0.1012249E-01, 0.4674269E+03,-0.1562428E+02, 0.2278056E+02, 0.4770661E+03, 0.9131889E-02, 0.1113556E-01
 0.3161781E+02, 0.2320394E-02, 0.3639662E-02, 0.5960056E-02,-0.1219545E-02, 0.5395982E-02, 0.4176438E-02, 0.3209691E-03, 0.1679606E-02, 0.2000575E-02,-0.1100850E-02,-0.9035644E-02,-0.1013649E-01, 0.4675700E+03,-0.1622166E+02, 0.2193289E+02, 0.4774021E+03, 0.9143929E-02, 0.1116752E-01
 0.3171781E+02, 0.2322519E-02, 0.3671538E-02, 0.5994056E-02,-0.1222763E-02, 0.5379200E-02, 0.4156438E-02, 0.3087319E-03, 0.1683843E-02, 0.1992575E-02,-0.1099756E-02,-0.9050738E-02,-0.1015049E-01, 0.4677108E+03,-0.1681094E+02, 0.2109668E+02, 0.4777383E+03, 0.9156036E-02, 0.1119950E-01
 0.3181781E+02, 0.2324614E-02, 0.3703443E-02, 0.6028056E-02,-0.1225937E-02, 0.5362374E-02, 0.4136437E-02, 0.2966603E-03, 0.1687915E-02, 0.1984575E-02,-0.1098677E-02,-0.9065817E-02,-0.1016449E-01, 0.4678496E+03,-0.1739223E+02, 0.2027179E+02, 0.4780748E+03, 0.9168210E-02, 0.1123151E-01
 0.3191781E+02, 0.2326679E-02, 0.3735377E-02, 0.6062056E-02,-0.1229068E-02, 0.5345505E-02, 0.4116438E-02, 0.2847520E-03, 0.1691823E-02, 0.1976575E-02,-0.1097612E-02,-0.9080882E-02,-0.1017849E-01, 0.4679865E+03,-0.1796565E+02, 0.1945806E+02, 0.4784115E+03, 0.9180451E-02, 0.1126354E-01
 0.3200000E+02, 0.2328357E-02, 0.3761643E-02, 0.6090000E-02,-0.1231612E-02, 0.5331612E-02, 0.4100000E-02, 0.2750740E-03, 0.1694926E-02, 0.1970000E-02,-0.1096746E-02,-0.9093254E-02,-0.1019000E-01, 0.4680974E+03,-0.1843166E+02, 0.1879672E+02, 0.4786885E+03, 0.9190564E-02, 0.1128988E-01
 0.3201000E+02, 0.2328593E-02, 0.3765507E-02, 0.6094100E-02,-0.1232566E-02, 0.5329566E-02, 0.4097000E-02, 0.2733204E-03, 0.1695380E-02, 0.1968700E-02,-0.1096027E-02,-0.9095073E-02,-0.1019110E-01, 0.4680313E+03,-0.1866036E+02, 0.1867689E+02, 0.4787292E+03, 0.9192056E-02, 0.1129375E-01
 0.3202000E+02, 0.2328827E-02, 0.3769373E-02, 0.6098200E-02,-0.1233519E-02, 0.5327519E-02, 0.4094000E-02, 0.2715696E-03, 0.1695830E-02, 0.1967400E-02,-0.1095309E-02,-0.9096892E-02,-0.1019220E-01, 0.4679653E+03,-0.1888867E+02, 0.1855725E+02, 0.4787699E+03, 0.9193548E-02, 0.1129762E-01
 0.3203500E+02, 0.2329178E-02, 0.3775172E-02, 0.6104350E-02,-0.1234944E-02, 0.5324443E-02, 0.4089500E-02, 0.2689499E-03, 0.1696500E-02, 0.1965450E-02,-0.1094234E-02,-0.9099616E-02,-0.1019385E-01, 0.4678662E+03,-0.1923029E+02, 0.1837824E+02, 0.4788310E+03, 0.9195785E-02, 0.1130342E-01
 0.3205750E+02, 0.2329699E-02, 0.3783876E-02, 0.6113575E-02,-0.1237072E-02, 0.5319822E-02, 0.4082750E-02, 0.2650348E-03, 0.1697490E-02, 0.1962525E-02,-0.1092627E-02,-0.9103698E-02,-0.1019632E-01, 0.4677179E+03,-0.1974079E+02, 0.1811071E+02, 0.4789226E+03, 0.9199141E-02, 0.1131215E-01
 0.3209125E+02, 0.2330474E-02, 0.3796938E-02, 0.6127413E-02,-0.1240245E-02, 0.5312870E-02, 0.4072625E-02, 0.2591945E-03, 0.1698943E-02, 0.1958138E-02,-0.1090229E-02,-0.9109808E-02,-0.1020004E-01, 0.4674961E+03,-0.2050225E+02, 0.1771162E+02, 0.4790603E+03, 0.9204171E-02, 0.1132525E-01
 0.3214187E+02, 0.2331619E-02, 0.3816549E-02, 0.6148169E-02,-0.1244962E-02, 0.5302399E-02, 0.4057437E-02, 0.2505062E-03, 0.1701050E-02, 0.1951556E-02,-0.1086658E-02,-0.9118948E-02,-0.1020561E-01, 0.4671645E+03,-0.2163484E+02, 0.1711792E+02, 0.4792670E+03, 0.9211713E-02, 0.1134491E-01
 0.3221781E+02, 0.2333298E-02, 0.3846005E-02, 0.6179303E-02,-0.1251938E-02, 0.5286595E-02, 0.4034656E-02, 0.2376345E-03, 0.1704050E-02, 0.1941684E-02,-0.1081360E-02,-0.9132599E-02,-0.1021396E-01, 0.4666700E+03,-0.2331239E+02, 0.1623836E+02, 0.4795775E+03, 0.9223019E-02, 0.1137444E-01
 0.3231781E+02, 0.2335442E-02, 0.3884861E-02, 0.6220303E-02,-0.1260959E-02, 0.5265615E-02, 0.4004656E-02, 0.2209582E-03, 0.1707726E-02, 0.1928684E-02,-0.1074483E-02,-0.9150476E-02,-0.1022496E-01, 0.4660231E+03,-0.2548505E+02, 0.1509881E+02, 0.4799870E+03, 0.9237901E-02, 0.1141340E-01
 0.3241781E+02, 0.2337513E-02, 0.3923790E-02, 0.6261303E-02,-0.1269812E-02, 0.5244468E-02, 0.3974656E-02, 0.2045516E-03, 0.1711133E-02, 0.1915684E-02,-0.1067701E-02,-0.9168258E-02,-0.1023596E-01, 0.4653793E+03,-0.2762170E+02, 0.1397769E+02, 0.4803973E+03, 0.9252802E-02, 0.1145243E-01
 0.3251781E+02, 0.2339515E-02, 0.3962788E-02, 0.6302303E-02,-0.1278500E-02, 0.5223156E-02, 0.3944656E-02, 0.1884110E-03, 0.1714273E-02, 0.1902684E-02,-0.1061015E-02,-0.9185944E-02,-0.1024696E-01, 0.4647392E+03,-0.2972291E+02, 0.1287475E+02, 0.4808083E+03, 0.9267721E-02, 0.1149152E-01
 0.3261781E+02, 0.2341452E-02, 0.4001851E-02, 0.6343303E-02,-0.1287028E-02, 0.5201684E-02, 0.3914656E-02, 0.1725326E-03, 0.1717152E-02, 0.1889684E-02,-0.1054424E-02,-0.9203536E-02,-0.1025796E-01, 0.4641031E+03,-0.3178923E+02, 0.1178973E+02, 0.4812200E+03, 0.9282662E-02, 0.1153068E-01
 0.3271781E+02, 0.2343327E-02, 0.4040976E-02, 0.6384303E-02,-0.1295400E-02, 0.5180056E-02, 0.3884656E-02, 0.1569127E-03, 0.1719772E-02, 0.1876684E-02,-0.1047928E-02,-0.9221032E-02,-0.1026896E-01, 0.4634715E+03,-0.3382121E+02, 0.1072237E+02, 0.4816324E+03, 0.9297623E-02, 0.1156991E-01
 0.3281781E+02, 0.2345144E-02, 0.4080159E-02, 0.6425303E-02,-0.1303618E-02, 0.5158275E-02, 0.3854656E-02, 0.1415477E-03, 0.1722137E-02, 0.1863684E-02,-0.1041525E-02,-0.9238434E-02,-0.1027996E-01, 0.4628448E+03,-0.3581939E+02, 0.9672424E+01, 0.4820454E+03, 0.9312609E-02, 0.1160920E-01
 0.3291781E+02, 0.2346905E-02, 0.4119399E-02, 0.6466303E-02,-0.1311688E-02, 0.5136344E-02, 0.3824656E-02, 0.1264338E-03, 0.1724251E-02, 0.1850684E-02,-0.1035217E-02,-0.9255743E-02,-0.1029096E-01, 0.4622233E+03,-0.3778432E+02, 0.8639641E+01, 0.4824591E+03, 0.9327620E-02, 0.1164855E-01
 0.3300000E+02, 0.2348312E-02, 0.4151687E-02, 0.6500000E-02,-0.1318219E-02, 0.5118219E-02, 0.3800000E-02, 0.1141794E-03, 0.1725821E-02, 0.1840000E-02,-0.1030094E-02,-0.9269906E-02,-0.1030000E-01, 0.4617155E+03,-0.3937703E+02, 0.7802260E+01, 0.4827995E+03, 0.9339988E-02, 0.1168093E-01
 0.3301000E+02, 0.2348548E-02, 0.4155753E-02, 0.6504300E-02,-0.1318436E-02, 0.5115937E-02, 0.3797500E-02, 0.1120854E-03, 0.1726015E-02, 0.1838100E-02,-0.1030111E-02,-0.9271689E-02,-0.1030180E-01, 0.4617500E+03,-0.3940449E+02, 0.7659171E+01, 0.4828424E+03, 0.9341551E-02, 0.1168500E-01
 0.3302000E+02, 0.2348782E-02, 0.4159818E-02, 0.6508600E-02,-0.1318654E-02, 0.5113654E-02, 0.3795000E-02, 0.1099950E-03, 0.1726205E-02, 0.1836200E-02,-0.1030128E-02,-0.9273472E-02,-0.1030360E-01, 0.4617842E+03,-0.3943190E+02, 0.7516326E+01, 0.4828852E+03, 0.9343116E-02, 0.1168907E-01
 0.3303500E+02, 0.2349132E-02, 0.4165919E-02, 0.6515050E-02,-0.1318979E-02, 0.5110229E-02, 0.3791250E-02, 0.1068675E-03, 0.1726483E-02, 0.1833350E-02,-0.1030153E-02,-0.9276147E-02,-0.1030630E-01, 0.4618355E+03,-0.3947290E+02, 0.7302613E+01, 0.4829494E+03, 0.9345465E-02, 0.1169517E-01
 0.3305750E+02, 0.2349654E-02, 0.4175071E-02, 0.6524725E-02,-0.1319464E-02, 0.5105089E-02, 0.3785625E-02, 0.1021944E-03, 0.1726881E-02, 0.1829075E-02,-0.1030190E-02,-0.9280160E-02,-0.1031035E-01, 0.4619119E+03,-0.3953415E+02, 0.6983286E+01, 0.4830457E+03, 0.9348996E-02, 0.1170435E-01
 0.3309125E+02, 0.2350432E-02, 0.4188805E-02, 0.6539237E-02,-0.1320187E-02, 0.5097375E-02, 0.3777187E-02, 0.9522550E-04, 0.1727437E-02, 0.1822663E-02,-0.1030245E-02,-0.9286180E-02,-0.1031642E-01, 0.4620258E+03,-0.3962548E+02, 0.6507076E+01, 0.4831905E+03, 0.9354304E-02, 0.1171812E-01
 0.3314187E+02, 0.2351587E-02, 0.4209420E-02, 0.6561006E-02,-0.1321261E-02, 0.5085792E-02, 0.3764531E-02, 0.8486283E-04, 0.1728181E-02, 0.1813044E-02,-0.1030325E-02,-0.9295212E-02,-0.1032554E-01, 0.4621946E+03,-0.3976124E+02, 0.5798960E+01, 0.4834078E+03, 0.9362292E-02, 0.1173879E-01
 0.3321781E+02, 0.2353290E-02, 0.4240370E-02, 0.6593660E-02,-0.1322848E-02, 0.5068394E-02, 0.3745547E-02, 0.6952039E-04, 0.1729095E-02, 0.1798616E-02,-0.1030442E-02,-0.9308765E-02,-0.1033921E-01, 0.4624433E+03,-0.3996213E+02, 0.4750559E+01, 0.4837341E+03, 0.9374339E-02, 0.1176983E-01
 0.3331781E+02, 0.2355482E-02, 0.4281177E-02, 0.6636659E-02,-0.1324895E-02, 0.5045441E-02, 0.3720547E-02, 0.4966005E-04, 0.1729956E-02, 0.1779616E-02,-0.1030587E-02,-0.9326619E-02,-0.1035721E-01, 0.4627628E+03,-0.4022197E+02, 0.3393437E+01, 0.4841642E+03, 0.9390320E-02, 0.1181075E-01
 0.3341781E+02, 0.2357621E-02, 0.4322038E-02, 0.6679659E-02,-0.1326897E-02, 0.5022444E-02, 0.3695547E-02, 0.3013771E-04, 0.1730478E-02, 0.1760616E-02,-0.1030723E-02,-0.9344483E-02,-0.1037521E-01, 0.4630737E+03,-0.4047711E+02, 0.2059411E+01, 0.4845949E+03, 0.9406437E-02, 0.1185171E-01
 0.3351781E+02, 0.2359709E-02, 0.4362951E-02, 0.6722659E-02,-0.1328858E-02, 0.4999405E-02, 0.3670547E-02, 0.1094790E-04, 0.1730668E-02, 0.1741616E-02,-0.1030851E-02,-0.9362356E-02,-0.1039321E-01, 0.4633765E+03,-0.4072765E+02, 0.7481067E+00, 0.4850262E+03, 0.9422692E-02, 0.1189274E-01
 0.3361781E+02, 0.2361749E-02, 0.4403911E-02, 0.6765659E-02,-0.1330778E-02, 0.4976325E-02, 0.3645547E-02,-0.7914829E-05, 0.1730530E-02, 0.1722616E-02,-0.1030970E-02,-0.9380235E-02,-0.1041121E-01, 0.4636716E+03,-0.4097371E+02,-0.5408466E+00, 0.4854579E+03, 0.9439083E-02, 0.1193381E-01
 0.3371781E+02, 0.2363743E-02, 0.4444916E-02, 0.6808659E-02,-0.1332660E-02, 0.4953207E-02, 0.3620547E-02,-0.2645588E-04, 0.1730071E-02, 0.1703616E-02,-0.1031084E-02,-0.9398122E-02,-0.1042921E-01, 0.4639596E+03,-0.4121538E+02,-0.1807818E+01, 0.4858902E+03, 0.9455609E-02, 0.1197492E-01
 0.3381781E+02, 0.2365694E-02, 0.4485965E-02, 0.6851660E-02,-0.1334504E-02, 0.4930051E-02, 0.3595547E-02,-0.4468060E-04, 0.1729296E-02, 0.1684616E-02,-0.1031191E-02,-0.9416016E-02,-0.1044721E-01, 0.4642409E+03,-0.4145277E+02,-0.3053174E+01, 0.4863230E+03, 0.9472270E-02, 0.1201609E-01
 0.3391781E+02, 0.2367605E-02, 0.4527054E-02, 0.6894659E-02,-0.1336312E-02, 0.4906859E-02, 0.3570547E-02,-0.6259428E-04, 0.1728210E-02, 0.1665616E-02,-0.1031293E-02,-0.9433913E-02,-0.1046521E-01, 0.4645160E+03,-0.4168599E+02,-0.4277276E+01, 0.4867561E+03, 0.9489066E-02, 0.1205729E-01
 0.3400000E+02, 0.2369146E-02, 0.4560854E-02, 0.6930000E-02,-0.1337774E-02, 0.4887774E-02, 0.3550000E-02,-0.7710983E-04, 0.1727110E-02, 0.1650000E-02,-0.1031372E-02,-0.9448627E-02,-0.1048000E-01, 0.4647376E+03,-0.4187484E+02,-0.5269172E+01, 0.4871125E+03, 0.9502972E-02, 0.1209119E-01
 0.3401000E+02, 0.2369296E-02, 0.4564204E-02, 0.6933500E-02,-0.1337882E-02, 0.4885882E-02, 0.3548000E-02,-0.7899811E-04, 0.1726998E-02, 0.1648000E-02,-0.1031414E-02,-0.9450086E-02,-0.1048150E-01, 0.4647636E+03,-0.4188394E+02,-0.5398204E+01, 0.4871479E+03, 0.9504356E-02, 0.1209455E-01
 0.3402000E+02, 0.2369444E-02, 0.4567556E-02, 0.6937000E-02,-0.1337989E-02, 0.4883989E-02, 0.3546000E-02,-0.8088370E-04, 0.1726884E-02, 0.1646000E-02,-0.1031455E-02,-0.9451545E-02,-0.1048300E-01, 0.4647896E+03,-0.4189302E+02,-0.5527053E+01, 0.4871832E+03, 0.9505741E-02, 0.1209791E-01
 0.3403500E+02, 0.2369666E-02, 0.4572584E-02, 0.6942250E-02,-0.1338150E-02, 0.4881150E-02, 0.3543000E-02,-0.8370610E-04, 0.1726706E-02, 0.1643000E-02,-0.1031516E-02,-0.9453733E-02,-0.1048525E-01, 0.4648283E+03,-0.4190660E+02,-0.5719917E+01, 0.4872361E+03, 0.9507821E-02, 0.1210294E-01
 0.3405750E+02, 0.2369998E-02, 0.4580128E-02, 0.6950125E-02,-0.1338390E-02, 0.4876890E-02, 0.3538500E-02,-0.8792623E-04, 0.1726426E-02, 0.1638500E-02,-0.1031608E-02,-0.9457017E-02,-0.1048863E-01, 0.4648860E+03,-0.4192690E+02,-0.6008292E+01, 0.4873155E+03, 0.9510944E-02, 0.1211048E-01
 0.3409125E+02, 0.2370490E-02, 0.4591447E-02, 0.6961938E-02,-0.1338747E-02, 0.4870497E-02, 0.3531750E-02,-0.9422626E-04, 0.1725976E-02, 0.1631750E-02,-0.1031743E-02,-0.9461944E-02,-0.1049369E-01, 0.4649719E+03,-0.4195716E+02,-0.6438795E+01, 0.4874347E+03, 0.9515637E-02, 0.1212183E-01
 0.3414187E+02, 0.2371222E-02, 0.4608434E-02, 0.6979656E-02,-0.1339278E-02, 0.4860903E-02, 0.3521625E-02,-0.1036090E-03, 0.1725234E-02, 0.1621625E-02,-0.1031944E-02,-0.9469337E-02,-0.1050128E-01, 0.4650994E+03,-0.4200221E+02,-0.7079950E+01, 0.4876138E+03, 0.9522696E-02, 0.1213887E-01
 0.3421781E+02, 0.2372300E-02, 0.4633934E-02, 0.7006234E-02,-0.1340061E-02, 0.4846498E-02, 0.3506437E-02,-0.1175332E-03, 0.1723971E-02, 0.1606437E-02,-0.1032240E-02,-0.9480433E-02,-0.1051267E-01, 0.4652871E+03,-0.4206892E+02,-0.8031434E+01, 0.4878827E+03, 0.9533328E-02, 0.1216446E-01
 0.3431781E+02, 0.2373687E-02, 0.4667548E-02, 0.7041235E-02,-0.1341070E-02, 0.4827508E-02, 0.3486438E-02,-0.1356128E-03, 0.1722050E-02, 0.1586437E-02,-0.1032617E-02,-0.9495055E-02,-0.1052767E-01, 0.4655282E+03,-0.4215530E+02,-0.9266873E+01, 0.4882373E+03, 0.9547412E-02, 0.1219818E-01
 0.3441781E+02, 0.2375036E-02, 0.4701198E-02, 0.7076234E-02,-0.1342055E-02, 0.4808492E-02, 0.3466437E-02,-0.1534388E-03, 0.1719876E-02, 0.1566438E-02,-0.1032981E-02,-0.9509691E-02,-0.1054267E-01, 0.4657623E+03,-0.4224015E+02,-0.1048498E+02, 0.4885923E+03, 0.9561593E-02, 0.1223195E-01
 0.3451781E+02, 0.2376350E-02, 0.4734884E-02, 0.7111234E-02,-0.1343017E-02, 0.4789454E-02, 0.3446437E-02,-0.1710145E-03, 0.1717452E-02, 0.1546438E-02,-0.1033333E-02,-0.9524339E-02,-0.1055767E-01, 0.4659899E+03,-0.4232351E+02,-0.1168599E+02, 0.4889477E+03, 0.9575868E-02, 0.1226576E-01
 0.3461781E+02, 0.2377630E-02, 0.4768605E-02, 0.7146234E-02,-0.1343957E-02, 0.4770394E-02, 0.3426437E-02,-0.1883434E-03, 0.1714781E-02, 0.1526438E-02,-0.1033673E-02,-0.9538999E-02,-0.1057267E-01, 0.4662113E+03,-0.4240544E+02,-0.1287013E+02, 0.4893036E+03, 0.9590237E-02, 0.1229961E-01
 0.3471781E+02, 0.2378877E-02, 0.4802357E-02, 0.7181234E-02,-0.1344875E-02, 0.4751313E-02, 0.3406437E-02,-0.2054287E-03, 0.1711866E-02, 0.1506438E-02,-0.1034002E-02,-0.9553670E-02,-0.1058767E-01, 0.4664268E+03,-0.4248597E+02,-0.1403763E+02, 0.4896599E+03, 0.9604702E-02, 0.1233350E-01
 0.3481781E+02, 0.2380094E-02, 0.4836140E-02, 0.7216234E-02,-0.1345773E-02, 0.4732211E-02, 0.3386437E-02,-0.2222738E-03, 0.1708711E-02, 0.1486437E-02,-0.1034321E-02,-0.9568350E-02,-0.1060267E-01, 0.4666368E+03,-0.4256514E+02,-0.1518871E+02, 0.4900166E+03, 0.9619260E-02, 0.1236743E-01
 0.3491781E+02, 0.2381283E-02, 0.4869951E-02, 0.7251234E-02,-0.1346652E-02, 0.4713090E-02, 0.3366438E-02,-0.2388819E-03, 0.1705319E-02, 0.1466437E-02,-0.1034630E-02,-0.9583041E-02,-0.1061767E-01, 0.4668415E+03,-0.4264299E+02,-0.1632360E+02, 0.4903736E+03, 0.9633912E-02, 0.1240139E-01
 0.3500000E+02, 0.2382238E-02, 0.4897762E-02, 0.7280000E-02,-0.1347361E-02, 0.4697361E-02, 0.3350000E-02,-0.2523732E-03, 0.1702373E-02, 0.1450000E-02,-0.1034877E-02,-0.9595122E-02,-0.1063000E-01, 0.4670059E+03,-0.4270606E+02,-0.1724550E+02, 0.4906674E+03, 0.9646025E-02, 0.1242934E-01
 0.3501000E+02, 0.2382417E-02, 0.4902483E-02, 0.7284900E-02,-0.1347191E-02, 0.4694691E-02, 0.3347500E-02,-0.2548681E-03, 0.1701868E-02, 0.1447000E-02,-0.1035226E-02,-0.9597174E-02,-0.1063240E-01, 0.4670779E+03,-0.4263523E+02,-0.1741599E+02, 0.4907172E+03, 0.9648087E-02, 0.1243407E-01
 0.3502000E+02, 0.2382594E-02, 0.4907206E-02, 0.7289800E-02,-0.1347021E-02, 0.4692021E-02, 0.3345000E-02,-0.2573580E-03, 0.1701358E-02, 0.1444000E-02,-0.1035573E-02,-0.9599227E-02,-0.1063480E-01, 0.4671496E+03,-0.4256453E+02,-0.1758613E+02, 0.4907670E+03, 0.9650153E-02, 0.1243881E-01
 0.3503500E+02, 0.2382859E-02, 0.4914291E-02, 0.7297150E-02,-0.1346767E-02, 0.4688017E-02, 0.3341250E-02,-0.2610817E-03, 0.1700582E-02, 0.1439500E-02,-0.1036093E-02,-0.9602307E-02,-0.1063840E-01, 0.4672568E+03,-0.4245878E+02,-0.1784059E+02, 0.4908418E+03, 0.9653256E-02, 0.1244590E-01
 0.3505750E+02, 0.2383254E-02, 0.4924921E-02, 0.7308175E-02,-0.1346386E-02, 0.4682011E-02, 0.3335625E-02,-0.2666423E-03, 0.1699392E-02, 0.1432750E-02,-0.1036868E-02,-0.9606932E-02,-0.1064380E-01, 0.4674166E+03,-0.4230085E+02,-0.1822056E+02, 0.4909539E+03, 0.9657922E-02, 0.1245659E-01
 0.3509125E+02, 0.2383840E-02, 0.4940872E-02, 0.7324712E-02,-0.1345818E-02, 0.4673006E-02, 0.3327188E-02,-0.2749278E-03, 0.1697553E-02, 0.1422625E-02,-0.1038022E-02,-0.9613878E-02,-0.1065190E-01, 0.4676545E+03,-0.4206550E+02,-0.1878673E+02, 0.4911224E+03, 0.9664943E-02, 0.1247262E-01
 0.3514187E+02, 0.2384707E-02, 0.4964812E-02, 0.7349519E-02,-0.1344973E-02, 0.4659504E-02, 0.3314531E-02,-0.2872318E-03, 0.1694669E-02, 0.1407437E-02,-0.1039734E-02,-0.9624315E-02,-0.1066405E-01, 0.4680069E+03,-0.4171591E+02,-0.1962750E+02, 0.4913753E+03, 0.9675527E-02, 0.1249668E-01
 0.3521781E+02, 0.2385977E-02, 0.5000751E-02, 0.7386728E-02,-0.1343717E-02, 0.4639264E-02, 0.3295547E-02,-0.3054127E-03, 0.1690069E-02, 0.1384656E-02,-0.1042260E-02,-0.9640015E-02,-0.1068227E-01, 0.4685257E+03,-0.4119912E+02,-0.2086987E+02, 0.4917552E+03, 0.9691520E-02, 0.1253281E-01
 0.3531781E+02, 0.2387598E-02, 0.5048130E-02, 0.7435728E-02,-0.1342085E-02, 0.4612632E-02, 0.3270547E-02,-0.3288864E-03, 0.1683543E-02, 0.1354656E-02,-0.1045513E-02,-0.9660762E-02,-0.1070627E-01, 0.4691919E+03,-0.4053149E+02,-0.2247390E+02, 0.4922561E+03, 0.9712791E-02, 0.1258046E-01
 0.3541781E+02, 0.2389163E-02, 0.5095565E-02, 0.7484728E-02,-0.1340471E-02, 0.4586018E-02, 0.3245547E-02,-0.3518997E-03, 0.1676556E-02, 0.1324656E-02,-0.1048692E-02,-0.9681582E-02,-0.1073027E-01, 0.4698403E+03,-0.3987645E+02,-0.2404648E+02, 0.4927578E+03, 0.9734297E-02, 0.1262818E-01
 0.3551781E+02, 0.2390677E-02, 0.5143052E-02, 0.7533728E-02,-0.1338877E-02, 0.4559424E-02, 0.3220547E-02,-0.3744617E-03, 0.1669118E-02, 0.1294656E-02,-0.1051800E-02,-0.9702475E-02,-0.1075427E-01, 0.4704718E+03,-0.3923380E+02,-0.2558821E+02, 0.4932603E+03, 0.9756034E-02, 0.1267598E-01
 0.3561781E+02, 0.2392142E-02, 0.5190586E-02, 0.7582728E-02,-0.1337303E-02, 0.4532850E-02, 0.3195547E-02,-0.3965811E-03, 0.1661237E-02, 0.1264656E-02,-0.1054839E-02,-0.9723436E-02,-0.1077828E-01, 0.4710874E+03,-0.3860337E+02,-0.2709971E+02, 0.4937634E+03, 0.9778001E-02, 0.1272384E-01
 0.3571781E+02, 0.2393563E-02, 0.5238165E-02, 0.7631728E-02,-0.1335751E-02, 0.4506298E-02, 0.3170547E-02,-0.4182669E-03, 0.1652923E-02, 0.1234656E-02,-0.1057812E-02,-0.9744463E-02,-0.1080227E-01, 0.4716879E+03,-0.3798498E+02,-0.2858157E+02, 0.4942673E+03, 0.9800195E-02, 0.1277177E-01
 0.3581781E+02, 0.2394943E-02, 0.5285785E-02, 0.7680728E-02,-0.1334222E-02, 0.4479769E-02, 0.3145547E-02,-0.4395276E-03, 0.1644184E-02, 0.1204656E-02,-0.1060721E-02,-0.9765553E-02,-0.1082627E-01, 0.4722742E+03,-0.3737844E+02,-0.3003438E+02, 0.4947718E+03, 0.9822612E-02, 0.1281975E-01
 0.3591781E+02, 0.2396286E-02, 0.5333442E-02, 0.7729728E-02,-0.1332717E-02, 0.4453264E-02, 0.3120547E-02,-0.4603718E-03, 0.1635028E-02, 0.1174656E-02,-0.1063569E-02,-0.9786705E-02,-0.1085027E-01, 0.4728470E+03,-0.3678356E+02,-0.3145874E+02, 0.4952769E+03, 0.9845250E-02, 0.1286780E-01
 0.3600000E+02, 0.2397363E-02, 0.5372637E-02, 0.7770000E-02,-0.1331495E-02, 0.4431495E-02, 0.3100000E-02,-0.4772257E-03, 0.1627226E-02, 0.1150000E-02,-0.1065868E-02,-0.9804132E-02,-0.1087000E-01, 0.4733082E+03,-0.3630236E+02,-0.3261042E+02, 0.4956925E+03, 0.9864019E-02, 0.1290734E-01
 0.3601000E+02, 0.2397398E-02, 0.5375902E-02, 0.7773300E-02,-0.1331681E-02, 0.4429681E-02, 0.3098000E-02,-0.4790732E-03, 0.1626573E-02, 0.1147500E-02,-0.1065717E-02,-0.9805583E-02,-0.1087130E-01, 0.4732923E+03,-0.3634852E+02,-0.3273667E+02, 0.4957271E+03, 0.9865588E-02, 0.1291062E-01
 0.3602000E+02, 0.2397433E-02, 0.5379167E-02, 0.7776600E-02,-0.1331867E-02, 0.4427867E-02, 0.3096000E-02,-0.4809182E-03, 0.1625918E-02, 0.1145000E-02,-0.1065565E-02,-0.9807034E-02,-0.1087260E-01, 0.4732764E+03,-0.3639462E+02,-0.3286274E+02, 0.4957617E+03, 0.9867157E-02, 0.1291391E-01
 0.3603500E+02, 0.2397484E-02, 0.5384066E-02, 0.7781550E-02,-0.1332146E-02, 0.4425146E-02, 0.3093000E-02,-0.4836799E-03, 0.1624930E-02, 0.1141250E-02,-0.1065338E-02,-0.9809212E-02,-0.1087455E-01, 0.4732524E+03,-0.3646362E+02,-0.3305146E+02, 0.4958136E+03, 0.9869512E-02, 0.1291885E-01
 0.3605750E+02, 0.2397560E-02, 0.5391415E-02, 0.7788975E-02,-0.1332561E-02, 0.4421061E-02, 0.3088500E-02,-0.4878097E-03, 0.1623435E-02, 0.1135625E-02,-0.1064999E-02,-0.9812476E-02,-0.1087748E-01, 0.4732164E+03,-0.3656678E+02,-0.3333366E+02, 0.4958914E+03, 0.9873047E-02, 0.1292624E-01
 0.3609125E+02, 0.2397672E-02, 0.5402441E-02, 0.7800113E-02,-0.1333180E-02, 0.4414930E-02, 0.3081750E-02,-0.4939756E-03, 0.1621163E-02, 0.1127188E-02,-0.1064492E-02,-0.9817371E-02,-0.1088186E-01, 0.4731624E+03,-0.3672080E+02,-0.3375500E+02, 0.4960082E+03, 0.9878354E-02, 0.1293736E-01
 0.3614187E+02, 0.2397837E-02, 0.5418982E-02, 0.7816819E-02,-0.1334102E-02, 0.4405727E-02, 0.3071625E-02,-0.5031608E-03, 0.1617692E-02, 0.1114531E-02,-0.1063735E-02,-0.9824709E-02,-0.1088844E-01, 0.4730814E+03,-0.3695021E+02,-0.3438266E+02, 0.4961837E+03, 0.9886326E-02, 0.1295406E-01
 0.3621781E+02, 0.2398074E-02, 0.5443804E-02, 0.7841878E-02,-0.1335466E-02, 0.4391904E-02, 0.3056438E-02,-0.5167959E-03, 0.1612343E-02, 0.1095547E-02,-0.1062608E-02,-0.9835708E-02,-0.1089832E-01, 0.4729598E+03,-0.3729068E+02,-0.3531439E+02, 0.4964472E+03, 0.9898310E-02, 0.1297913E-01
 0.3631781E+02, 0.2398368E-02, 0.5476510E-02, 0.7874878E-02,-0.1337231E-02, 0.4373669E-02, 0.3036438E-02,-0.5345071E-03, 0.1605054E-02, 0.1070547E-02,-0.1061137E-02,-0.9850178E-02,-0.1091132E-01, 0.4727991E+03,-0.3773281E+02,-0.3652465E+02, 0.4967946E+03, 0.9914139E-02, 0.1301218E-01
 0.3641781E+02, 0.2398641E-02, 0.5509237E-02, 0.7907878E-02,-0.1338962E-02, 0.4355400E-02, 0.3016438E-02,-0.5519760E-03, 0.1597523E-02, 0.1045547E-02,-0.1059679E-02,-0.9864637E-02,-0.1092432E-01, 0.4726371E+03,-0.3816870E+02,-0.3771836E+02, 0.4971425E+03, 0.9930031E-02, 0.1304526E-01
 0.3651781E+02, 0.2398895E-02, 0.5541984E-02, 0.7940878E-02,-0.1340661E-02, 0.4337098E-02, 0.2996437E-02,-0.5692058E-03, 0.1589753E-02, 0.1020547E-02,-0.1058233E-02,-0.9879082E-02,-0.1093732E-01, 0.4724741E+03,-0.3859847E+02,-0.3889573E+02, 0.4974908E+03, 0.9945985E-02, 0.1307839E-01
 0.3661781E+02, 0.2399129E-02, 0.5574749E-02, 0.7973878E-02,-0.1342329E-02, 0.4318766E-02, 0.2976438E-02,-0.5862000E-03, 0.1581747E-02, 0.9955469E-03,-0.1056800E-02,-0.9893515E-02,-0.1095032E-01, 0.4723104E+03,-0.3902220E+02,-0.4005700E+02, 0.4978394E+03, 0.9962000E-02, 0.1311156E-01
 0.3671781E+02, 0.2399347E-02, 0.5607531E-02, 0.8006878E-02,-0.1343966E-02, 0.4300403E-02, 0.2956437E-02,-0.6029617E-03, 0.1573509E-02, 0.9705469E-03,-0.1055381E-02,-0.9907935E-02,-0.1096332E-01, 0.4721461E+03,-0.3943999E+02,-0.4120238E+02, 0.4981885E+03, 0.9978076E-02, 0.1314476E-01
 0.3681781E+02, 0.2399549E-02, 0.5640329E-02, 0.8039878E-02,-0.1345574E-02, 0.4282012E-02, 0.2936438E-02,-0.6194941E-03, 0.1565041E-02, 0.9455469E-03,-0.1053974E-02,-0.9922341E-02,-0.1097632E-01, 0.4719815E+03,-0.3985195E+02,-0.4233210E+02, 0.4985380E+03, 0.9994214E-02, 0.1317800E-01
 0.3691781E+02, 0.2399736E-02, 0.5673142E-02, 0.8072878E-02,-0.1347154E-02, 0.4263591E-02, 0.2916438E-02,-0.6358005E-03, 0.1556347E-02, 0.9205468E-03,-0.1052582E-02,-0.9936733E-02,-0.1098932E-01, 0.4718168E+03,-0.4025814E+02,-0.4344637E+02, 0.4988878E+03, 0.1001041E-01, 0.1321128E-01
 0.3700000E+02, 0.2399878E-02, 0.5700122E-02, 0.8100000E-02,-0.1348432E-02, 0.4248432E-02, 0.2900000E-02,-0.6490508E-03, 0.1549051E-02, 0.9000000E-03,-0.1051446E-02,-0.9948554E-02,-0.1100000E-01, 0.4716810E+03,-0.4058811E+02,-0.4435180E+02, 0.4991755E+03, 0.1002377E-01, 0.1323865E-01
 0.3701000E+02, 0.2399941E-02, 0.5703658E-02, 0.8103600E-02,-0.1347946E-02, 0.4246446E-02, 0.2898500E-02,-0.6508916E-03, 0.1548092E-02, 0.8972000E-03,-0.1051996E-02,-0.9950104E-02,-0.1100210E-01, 0.4717647E+03,-0.4044651E+02,-0.4447759E+02, 0.4992133E+03, 0.1002553E-01, 0.1324223E-01
 0.3702000E+02, 0.2400004E-02, 0.5707196E-02, 0.8107200E-02,-0.1347460E-02, 0.4244460E-02, 0.2897000E-02,-0.6527295E-03, 0.1547129E-02, 0.8944000E-03,-0.1052544E-02,-0.9951656E-02,-0.1100420E-01, 0.4718483E+03,-0.4030510E+02,-0.4460318E+02, 0.4992509E+03, 0.1002729E-01, 0.1324582E-01
 0.3703500E+02, 0.2400097E-02, 0.5712503E-02, 0.8112600E-02,-0.1346732E-02, 0.4241482E-02, 0.2894750E-02,-0.6554802E-03, 0.1545680E-02, 0.8902000E-03,-0.1053365E-02,-0.9953985E-02,-0.1100735E-01, 0.4719732E+03,-0.4009345E+02,-0.4479115E+02, 0.4993075E+03, 0.1002993E-01, 0.1325119E-01
 0.3705750E+02, 0.2400236E-02, 0.5720464E-02, 0.8120700E-02,-0.1345644E-02, 0.4237019E-02, 0.2891375E-02,-0.6595923E-03, 0.1543492E-02, 0.8839000E-03,-0.1054592E-02,-0.9957483E-02,-0.1101208E-01, 0.4721598E+03,-0.3977701E+02,-0.4507214E+02, 0.4993923E+03, 0.1003390E-01, 0.1325925E-01
 0.3709125E+02, 0.2400440E-02, 0.5732410E-02, 0.8132850E-02,-0.1344017E-02, 0.4230330E-02, 0.2886312E-02,-0.6657293E-03, 0.1540179E-02, 0.8744500E-03,-0.1056422E-02,-0.9962740E-02,-0.1101916E-01, 0.4724378E+03,-0.3930466E+02,-0.4549150E+02, 0.4995195E+03, 0.1003987E-01, 0.1327137E-01
 0.3714187E+02, 0.2400741E-02, 0.5750334E-02, 0.8151075E-02,-0.1341595E-02, 0.4220313E-02, 0.2878719E-02,-0.6748656E-03, 0.1535141E-02, 0.8602751E-03,-0.1059146E-02,-0.9970648E-02,-0.1102979E-01, 0.4728511E+03,-0.3860133E+02,-0.4611582E+02, 0.4997109E+03, 0.1004887E-01, 0.1328957E-01
 0.3721781E+02, 0.2401177E-02, 0.5777236E-02, 0.8178412E-02,-0.1337995E-02, 0.4205323E-02, 0.2867328E-02,-0.6884155E-03, 0.1527428E-02, 0.8390125E-03,-0.1063181E-02,-0.9982559E-02,-0.1104574E-01, 0.4734623E+03,-0.3755787E+02,-0.4704173E+02, 0.4999981E+03, 0.1006244E-01, 0.1331690E-01
 0.3731781E+02, 0.2401724E-02, 0.5812688E-02, 0.8214412E-02,-0.1333314E-02, 0.4185642E-02, 0.2852328E-02,-0.7059941E-03, 0.1517007E-02, 0.8110125E-03,-0.1068410E-02,-0.9998330E-02,-0.1106674E-01, 0.4742517E+03,-0.3620346E+02,-0.4824293E+02, 0.5003769E+03, 0.1008048E-01, 0.1335293E-01
 0.3741781E+02, 0.2402240E-02, 0.5848172E-02, 0.8250413E-02,-0.1328688E-02, 0.4166015E-02, 0.2837328E-02,-0.7233100E-03, 0.1506323E-02, 0.7830125E-03,-0.1073553E-02,-0.1001419E-01,-0.1108774E-01, 0.4750250E+03,-0.3486841E+02,-0.4942619E+02, 0.5007562E+03, 0.1009869E-01, 0.1338901E-01
 0.3751781E+02, 0.2402727E-02, 0.5883685E-02, 0.8286413E-02,-0.1324117E-02, 0.4146445E-02, 0.2822328E-02,-0.7403672E-03, 0.1495380E-02, 0.7550125E-03,-0.1078611E-02,-0.1003013E-01,-0.1110874E-01, 0.4757828E+03,-0.3355250E+02,-0.5059176E+02, 0.5011361E+03, 0.1011706E-01, 0.1342514E-01
 0.3761781E+02, 0.2403187E-02, 0.5919225E-02, 0.8322412E-02,-0.1319602E-02, 0.4126930E-02, 0.2807328E-02,-0.7571696E-03, 0.1484182E-02, 0.7270125E-03,-0.1083586E-02,-0.1004616E-01,-0.1112974E-01, 0.4765256E+03,-0.3225548E+02,-0.5173993E+02, 0.5015164E+03, 0.1013559E-01, 0.1346132E-01
 0.3771781E+02, 0.2403622E-02, 0.5954790E-02, 0.8358412E-02,-0.1315142E-02, 0.4107470E-02, 0.2792328E-02,-0.7737212E-03, 0.1472734E-02, 0.6990125E-03,-0.1088480E-02,-0.1006226E-01,-0.1115074E-01, 0.4772539E+03,-0.3097713E+02,-0.5287095E+02, 0.5018973E+03, 0.1015429E-01, 0.1349754E-01
 0.3781781E+02, 0.2404033E-02, 0.5990379E-02, 0.8394412E-02,-0.1310738E-02, 0.4088066E-02, 0.2777328E-02,-0.7900259E-03, 0.1461038E-02, 0.6710125E-03,-0.1093295E-02,-0.1007845E-01,-0.1117174E-01, 0.4779682E+03,-0.2971720E+02,-0.5398510E+02, 0.5022786E+03, 0.1017314E-01, 0.1353382E-01
 0.3791781E+02, 0.2404423E-02, 0.6025990E-02, 0.8430413E-02,-0.1306390E-02, 0.4068718E-02, 0.2762328E-02,-0.8060875E-03, 0.1449100E-02, 0.6430125E-03,-0.1098033E-02,-0.1009471E-01,-0.1119274E-01, 0.4786689E+03,-0.2847547E+02,-0.5508264E+02, 0.5026603E+03, 0.1019216E-01, 0.1357013E-01
 0.3800000E+02, 0.2404727E-02, 0.6055274E-02, 0.8460000E-02,-0.1302852E-02, 0.4052852E-02, 0.2750000E-02,-0.8191249E-03, 0.1439125E-02, 0.6200000E-03,-0.1101874E-02,-0.1010813E-01,-0.1121000E-01, 0.4792354E+03,-0.2746705E+02,-0.5597354E+02, 0.5029744E+03, 0.1020790E-01, 0.1360001E-01
 0.3801000E+02, 0.2404764E-02, 0.6059136E-02, 0.8463900E-02,-0.1302061E-02, 0.4050761E-02, 0.2748700E-02,-0.8210062E-03, 0.1437806E-02, 0.6168000E-03,-0.1102703E-02,-0.1010990E-01,-0.1121260E-01, 0.4793538E+03,-0.2724562E+02,-0.5610209E+02, 0.5030159E+03, 0.1020998E-01, 0.1360394E-01
 0.3802000E+02, 0.2404800E-02, 0.6063000E-02, 0.8467800E-02,-0.1301270E-02, 0.4048671E-02, 0.2747400E-02,-0.8228841E-03, 0.1436484E-02, 0.6136000E-03,-0.1103530E-02,-0.1011167E-01,-0.1121520E-01, 0.4794718E+03,-0.2702453E+02,-0.5623042E+02, 0.5030573E+03, 0.1021206E-01, 0.1360788E-01
 0.3803500E+02, 0.2404854E-02, 0.6068795E-02, 0.8473650E-02,-0.1300087E-02, 0.4045537E-02, 0.2745450E-02,-0.8256942E-03, 0.1434494E-02, 0.6088000E-03,-0.1104767E-02,-0.1011433E-01,-0.1121910E-01, 0.4796483E+03,-0.2669370E+02,-0.5642244E+02, 0.5031194E+03, 0.1021519E-01, 0.1361378E-01
 0.3805750E+02, 0.2404934E-02, 0.6077492E-02, 0.8482425E-02,-0.1298318E-02, 0.4040842E-02, 0.2742525E-02,-0.8298934E-03, 0.1431493E-02, 0.6015999E-03,-0.1106616E-02,-0.1011833E-01,-0.1122495E-01, 0.4799117E+03,-0.2619921E+02,-0.5670938E+02, 0.5032125E+03, 0.1021990E-01, 0.1362266E-01
 0.3809125E+02, 0.2405049E-02, 0.6090539E-02, 0.8495588E-02,-0.1295676E-02, 0.4033814E-02, 0.2738137E-02,-0.8361574E-03, 0.1426957E-02, 0.5908000E-03,-0.1109373E-02,-0.1012435E-01,-0.1123372E-01, 0.4803043E+03,-0.2546147E+02,-0.5713742E+02, 0.5033526E+03, 0.1022699E-01, 0.1363598E-01
 0.3814187E+02, 0.2405213E-02, 0.6110118E-02, 0.8515331E-02,-0.1291742E-02, 0.4023298E-02, 0.2731556E-02,-0.8454748E-03, 0.1420075E-02, 0.5746000E-03,-0.1113471E-02,-0.1013342E-01,-0.1124689E-01, 0.4808868E+03,-0.2436370E+02,-0.5777411E+02, 0.5035628E+03, 0.1023767E-01, 0.1365597E-01
 0.3821781E+02, 0.2405440E-02, 0.6139507E-02, 0.8544947E-02,-0.1285904E-02, 0.4007588E-02, 0.2721684E-02,-0.8592766E-03, 0.1409577E-02, 0.5503000E-03,-0.1119537E-02,-0.1014709E-01,-0.1126663E-01, 0.4817469E+03,-0.2273676E+02,-0.5871724E+02, 0.5038785E+03, 0.1025382E-01, 0.1368600E-01
 0.3831781E+02, 0.2405705E-02, 0.6178242E-02, 0.8583947E-02,-0.1278321E-02, 0.3987005E-02, 0.2708684E-02,-0.8771532E-03, 0.1395453E-02, 0.5183000E-03,-0.1127384E-02,-0.1016525E-01,-0.1129263E-01, 0.4828556E+03,-0.2062795E+02,-0.5993880E+02, 0.5042949E+03, 0.1027530E-01, 0.1372561E-01
 0.3841781E+02, 0.2405930E-02, 0.6217016E-02, 0.8622947E-02,-0.1270839E-02, 0.3966524E-02, 0.2695684E-02,-0.8947334E-03, 0.1381033E-02, 0.4863000E-03,-0.1135091E-02,-0.1018354E-01,-0.1131863E-01, 0.4839396E+03,-0.1855229E+02,-0.6114011E+02, 0.5047120E+03, 0.1029701E-01, 0.1376529E-01
 0.3851781E+02, 0.2406119E-02, 0.6255828E-02, 0.8661947E-02,-0.1263459E-02, 0.3946144E-02, 0.2682684E-02,-0.9120221E-03, 0.1366322E-02, 0.4543000E-03,-0.1142659E-02,-0.1020197E-01,-0.1134463E-01, 0.4849997E+03,-0.1650932E+02,-0.6232151E+02, 0.5051299E+03, 0.1031895E-01, 0.1380504E-01
 0.3861781E+02, 0.2406274E-02, 0.6294673E-02, 0.8700947E-02,-0.1256180E-02, 0.3925865E-02, 0.2669684E-02,-0.9290245E-03, 0.1351324E-02, 0.4223000E-03,-0.1150093E-02,-0.1022054E-01,-0.1137063E-01, 0.4860367E+03,-0.1449860E+02,-0.6348334E+02, 0.5055484E+03, 0.1034111E-01, 0.1384485E-01
 0.3871781E+02, 0.2406397E-02, 0.6333550E-02, 0.8739947E-02,-0.1249002E-02, 0.3905687E-02, 0.2656684E-02,-0.9457456E-03, 0.1336046E-02, 0.3903000E-03,-0.1157395E-02,-0.1023924E-01,-0.1139663E-01, 0.4870515E+03,-0.1251967E+02,-0.6462595E+02, 0.5059676E+03, 0.1036348E-01, 0.1388472E-01
 0.3881781E+02, 0.2406492E-02, 0.6372455E-02, 0.8778947E-02,-0.1241924E-02, 0.3885609E-02, 0.2643684E-02,-0.9621902E-03, 0.1320490E-02, 0.3583000E-03,-0.1164568E-02,-0.1025806E-01,-0.1142263E-01, 0.4880448E+03,-0.1057209E+02,-0.6574966E+02, 0.5063874E+03, 0.1038608E-01, 0.1392466E-01
 0.3891781E+02, 0.2406561E-02, 0.6411386E-02, 0.8817947E-02,-0.1234947E-02, 0.3865631E-02, 0.2630684E-02,-0.9783632E-03, 0.1304663E-02, 0.3262999E-03,-0.1171614E-02,-0.1027702E-01,-0.1144863E-01, 0.4890173E+03,-0.8655402E+01,-0.6685482E+02, 0.5068078E+03, 0.1040888E-01, 0.1396465E-01
 0.3900000E+02, 0.2406598E-02, 0.6443402E-02, 0.8850000E-02,-0.1229277E-02, 0.3849277E-02, 0.2620000E-02,-0.9914731E-03, 0.1291473E-02, 0.3000000E-03,-0.1177321E-02,-0.1029268E-01,-0.1147000E-01, 0.4898022E+03,-0.7100739E+01,-0.6775066E+02, 0.5071538E+03, 0.1042777E-01, 0.1399756E-01
 0.3901000E+02, 0.2406622E-02, 0.6447178E-02, 0.8853800E-02,-0.1228050E-02, 0.3847350E-02, 0.2619300E-02,-0.9929151E-03, 0.1289915E-02, 0.2969999E-03,-0.1178571E-02,-0.1029453E-01,-0.1147310E-01, 0.4899764E+03,-0.6762129E+01,-0.6784920E+02, 0.5071946E+03, 0.1043000E-01, 0.1400144E-01
 0.3902000E+02, 0.2406645E-02, 0.6450955E-02, 0.8857600E-02,-0.1226825E-02, 0.3845425E-02, 0.2618600E-02,-0.9943545E-03, 0.1288355E-02, 0.2940000E-03,-0.1179820E-02,-0.1029638E-01,-0.1147620E-01, 0.4901501E+03,-0.6424047E+01,-0.6794756E+02, 0.5072354E+03, 0.1043224E-01, 0.1400531E-01
 0.3903500E+02, 0.2406678E-02, 0.6456622E-02, 0.8863300E-02,-0.1224990E-02, 0.3842541E-02, 0.2617550E-02,-0.9965081E-03, 0.1286008E-02, 0.2895000E-03,-0.1181687E-02,-0.1029916E-01,-0.1148085E-01, 0.4904099E+03,-0.5918111E+01,-0.6809472E+02, 0.5072966E+03, 0.1043560E-01, 0.1401113E-01
 0.3905750E+02, 0.2406724E-02, 0.6465125E-02, 0.8871850E-02,-0.1222247E-02, 0.3838222E-02, 0.2615975E-02,-0.9997259E-03, 0.1282476E-02, 0.2827500E-03,-0.1184477E-02,-0.1030335E-01,-0.1148782E-01, 0.4907975E+03,-0.5161874E+01,-0.6831461E+02, 0.5073884E+03, 0.1044066E-01, 0.1401987E-01
 0.3909125E+02, 0.2406789E-02, 0.6477886E-02, 0.8884675E-02,-0.1218151E-02, 0.3831764E-02, 0.2613613E-02,-0.1004525E-02, 0.1277150E-02, 0.2726250E-03,-0.1188638E-02,-0.1030965E-01,-0.1149829E-01, 0.4913750E+03,-0.4033489E+01,-0.6864255E+02, 0.5075264E+03, 0.1044828E-01, 0.1403300E-01
 0.3914187E+02, 0.2406872E-02, 0.6497040E-02, 0.8903912E-02,-0.1212049E-02, 0.3822118E-02, 0.2610069E-02,-0.1011662E-02, 0.1269099E-02, 0.2574375E-03,-0.1194823E-02,-0.1031916E-01,-0.1151398E-01, 0.4922317E+03,-0.2354254E+01,-0.6913022E+02, 0.5077336E+03, 0.1045978E-01, 0.1405271E-01
 0.3921781E+02, 0.2406968E-02, 0.6525801E-02, 0.8932769E-02,-0.1202990E-02, 0.3807744E-02, 0.2604753E-02,-0.1022228E-02, 0.1256885E-02, 0.2346563E-03,-0.1203977E-02,-0.1033354E-01,-0.1153752E-01, 0.4934958E+03, 0.1348844E+00,-0.6985227E+02, 0.5080449E+03, 0.1047718E-01, 0.1408232E-01
 0.3931781E+02, 0.2407041E-02, 0.6563728E-02, 0.8970769E-02,-0.1191221E-02, 0.3788974E-02, 0.2597753E-02,-0.1035906E-02, 0.1240562E-02, 0.2046563E-03,-0.1215820E-02,-0.1035270E-01,-0.1156852E-01, 0.4951244E+03, 0.3361912E+01,-0.7078691E+02, 0.5084557E+03, 0.1050037E-01, 0.1412140E-01
 0.3941781E+02, 0.2407055E-02, 0.6601714E-02, 0.9008769E-02,-0.1179605E-02, 0.3770358E-02, 0.2590753E-02,-0.1049346E-02, 0.1224002E-02, 0.1746563E-03,-0.1227450E-02,-0.1037207E-01,-0.1159952E-01, 0.4967156E+03, 0.6538723E+01,-0.7170531E+02, 0.5088676E+03, 0.1052385E-01, 0.1416057E-01
 0.3951781E+02, 0.2407013E-02, 0.6639756E-02, 0.9046769E-02,-0.1168143E-02, 0.3751896E-02, 0.2583753E-02,-0.1062553E-02, 0.1207209E-02, 0.1446563E-03,-0.1238870E-02,-0.1039165E-01,-0.1163052E-01, 0.4982706E+03, 0.9665956E+01,-0.7260778E+02, 0.5092803E+03, 0.1054761E-01, 0.1419984E-01
 0.3961781E+02, 0.2406920E-02, 0.6677849E-02, 0.9084769E-02,-0.1156834E-02, 0.3733587E-02, 0.2576753E-02,-0.1075531E-02, 0.1190187E-02, 0.1146563E-03,-0.1250085E-02,-0.1041144E-01,-0.1166152E-01, 0.4997906E+03, 0.1274426E+02,-0.7349461E+02, 0.5096940E+03, 0.1057165E-01, 0.1423919E-01
 0.3971781E+02, 0.2406778E-02, 0.6715991E-02, 0.9122769E-02,-0.1145678E-02, 0.3715431E-02, 0.2569753E-02,-0.1088284E-02, 0.1172940E-02, 0.8465629E-04,-0.1261100E-02,-0.1043142E-01,-0.1169252E-01, 0.5012766E+03, 0.1577427E+02,-0.7436609E+02, 0.5101086E+03, 0.1059596E-01, 0.1427862E-01
 0.3981781E+02, 0.2406592E-02, 0.6754177E-02, 0.9160769E-02,-0.1134674E-02, 0.3697427E-02, 0.2562753E-02,-0.1100817E-02, 0.1155474E-02, 0.5465618E-04,-0.1271918E-02,-0.1045160E-01,-0.1172352E-01, 0.5027297E+03, 0.1875666E+02,-0.7522252E+02, 0.5105240E+03, 0.1062053E-01, 0.1431814E-01
 0.3991781E+02, 0.2406365E-02, 0.6792403E-02, 0.9198769E-02,-0.1123821E-02, 0.3679575E-02, 0.2555753E-02,-0.1113134E-02, 0.1137791E-02, 0.2465618E-04,-0.1282544E-02,-0.1047198E-01,-0.1175452E-01, 0.5041509E+03, 0.2169206E+02,-0.7606419E+02, 0.5109402E+03, 0.1064536E-01, 0.1435773E-01
 0.4000000E+02, 0.2406148E-02, 0.6823852E-02, 0.9230000E-02,-0.1115001E-02, 0.3665001E-02, 0.2550000E-02,-0.1123111E-02, 0.1123111E-02, 0.0000000E+00,-0.1291147E-02,-0.1048885E-01,-0.1178000E-01, 0.5052969E+03, 0.2407318E+02,-0.7674595E+02, 0.5112829E+03, 0.1066596E-01, 0.1439033E-01
 0.4001000E+02, 0.2406019E-02, 0.6827181E-02, 0.9233200E-02,-0.1113161E-02, 0.3663461E-02, 0.2550300E-02,-0.1124555E-02, 0.1121556E-02,-0.2999906E-05,-0.1292858E-02,-0.1049064E-01,-0.1178350E-01, 0.5055132E+03, 0.2455853E+02,-0.7684463E+02, 0.5113192E+03, 0.1066814E-01, 0.1439377E-01
 0.4002000E+02, 0.2405889E-02, 0.6830512E-02, 0.9236400E-02,-0.1111323E-02, 0.3661923E-02, 0.2550600E-02,-0.1125997E-02, 0.1119997E-02,-0.6000046E-05,-0.1294566E-02,-0.1049243E-01,-0.1178700E-01, 0.5057287E+03, 0.2504320E+02,-0.7694312E+02, 0.5113554E+03, 0.1067033E-01, 0.1439722E-01
 0.4003500E+02, 0.2405690E-02, 0.6835510E-02, 0.9241200E-02,-0.1108570E-02, 0.3659620E-02, 0.2551050E-02,-0.1128153E-02, 0.1117653E-02,-0.1050008E-04,-0.1297121E-02,-0.1049513E-01,-0.1179225E-01, 0.5060509E+03, 0.2576866E+02,-0.7709045E+02, 0.5114099E+03, 0.1067362E-01, 0.1440239E-01
 0.4005750E+02, 0.2405388E-02, 0.6843012E-02, 0.9248400E-02,-0.1104450E-02, 0.3656175E-02, 0.2551725E-02,-0.1131374E-02, 0.1114124E-02,-0.1724996E-04,-0.1300938E-02,-0.1049919E-01,-0.1180012E-01, 0.5065312E+03, 0.2685340E+02,-0.7731056E+02, 0.5114916E+03, 0.1067858E-01, 0.1441015E-01
 0.4009125E+02, 0.2404922E-02, 0.6854279E-02, 0.9259200E-02,-0.1098292E-02, 0.3651030E-02, 0.2552737E-02,-0.1136176E-02, 0.1108801E-02,-0.2737495E-04,-0.1306629E-02,-0.1050531E-01,-0.1181194E-01, 0.5072453E+03, 0.2847276E+02,-0.7763873E+02, 0.5116142E+03, 0.1068605E-01, 0.1442184E-01
 0.4014187E+02, 0.2404198E-02, 0.6871202E-02, 0.9275400E-02,-0.1089107E-02, 0.3643363E-02, 0.2554256E-02,-0.1143316E-02, 0.1100753E-02,-0.4256249E-04,-0.1315091E-02,-0.1051456E-01,-0.1182966E-01, 0.5083028E+03, 0.3088449E+02,-0.7812659E+02, 0.5117990E+03, 0.1069733E-01, 0.1443942E-01
 0.4021781E+02, 0.2403056E-02, 0.6896644E-02, 0.9299700E-02,-0.1075443E-02, 0.3631977E-02, 0.2556534E-02,-0.1153881E-02, 0.1088537E-02,-0.6534380E-04,-0.1327613E-02,-0.1052862E-01,-0.1185623E-01, 0.5098581E+03, 0.3446330E+02,-0.7884851E+02, 0.5120770E+03, 0.1071445E-01, 0.1446586E-01
 0.4031781E+02, 0.2401452E-02, 0.6930248E-02, 0.9331700E-02,-0.1057643E-02, 0.3617177E-02, 0.2559534E-02,-0.1167543E-02, 0.1072199E-02,-0.9534380E-04,-0.1343809E-02,-0.1054743E-01,-0.1189123E-01, 0.5118523E+03, 0.3910936E+02,-0.7978210E+02, 0.5124447E+03, 0.1073733E-01, 0.1450084E-01
 0.4041781E+02, 0.2399734E-02, 0.6963966E-02, 0.9363700E-02,-0.1040030E-02, 0.3602564E-02, 0.2562534E-02,-0.1180950E-02, 0.1055606E-02,-0.1253438E-03,-0.1359704E-02,-0.1056653E-01,-0.1192623E-01, 0.5137899E+03, 0.4368884E+02,-0.8069823E+02, 0.5128143E+03, 0.1076055E-01, 0.1453599E-01
 0.4051781E+02, 0.2397909E-02, 0.6997791E-02, 0.9395700E-02,-0.1022605E-02, 0.3588139E-02, 0.2565534E-02,-0.1194106E-02, 0.1038762E-02,-0.1553438E-03,-0.1375304E-02,-0.1058593E-01,-0.1196123E-01, 0.5156725E+03, 0.4820224E+02,-0.8159723E+02, 0.5131855E+03, 0.1078410E-01, 0.1457130E-01
 0.4061781E+02, 0.2395984E-02, 0.7031715E-02, 0.9427700E-02,-0.1005370E-02, 0.3573904E-02, 0.2568534E-02,-0.1207016E-02, 0.1021672E-02,-0.1853438E-03,-0.1390614E-02,-0.1060562E-01,-0.1199623E-01, 0.5175018E+03, 0.5265010E+02,-0.8247940E+02, 0.5135584E+03, 0.1080799E-01, 0.1460677E-01
 0.4071781E+02, 0.2393966E-02, 0.7065734E-02, 0.9459700E-02,-0.9883256E-03, 0.3559860E-02, 0.2571534E-02,-0.1219684E-02, 0.1004340E-02,-0.2153438E-03,-0.1405640E-02,-0.1062559E-01,-0.1203123E-01, 0.5192794E+03, 0.5703298E+02,-0.8334505E+02, 0.5139329E+03, 0.1083220E-01, 0.1464240E-01
 0.4081781E+02, 0.2391859E-02, 0.7099841E-02, 0.9491700E-02,-0.9714729E-03, 0.3546007E-02, 0.2574534E-02,-0.1232114E-02, 0.9867706E-03,-0.2453438E-03,-0.1420386E-02,-0.1064585E-01,-0.1206623E-01, 0.5210068E+03, 0.6135147E+02,-0.8419448E+02, 0.5143090E+03, 0.1085673E-01, 0.1467817E-01
 0.4091781E+02, 0.2389671E-02, 0.7134029E-02, 0.9523700E-02,-0.9548127E-03, 0.3532347E-02, 0.2577534E-02,-0.1244312E-02, 0.9689687E-03,-0.2753437E-03,-0.1434858E-02,-0.1066638E-01,-0.1210123E-01, 0.5226856E+03, 0.6560620E+02,-0.8502802E+02, 0.5146866E+03, 0.1088157E-01, 0.1471409E-01
 0.4100000E+02, 0.2387811E-02, 0.7162189E-02, 0.9550000E-02,-0.9412468E-03, 0.3521247E-02, 0.2580000E-02,-0.1254178E-02, 0.9541779E-03,-0.3000000E-03,-0.1446564E-02,-0.1068344E-01,-0.1213000E-01, 0.5240312E+03, 0.6906004E+02,-0.8570216E+02, 0.5149981E+03, 0.1090221E-01, 0.1474372E-01
 0.4101000E+02, 0.2387462E-02, 0.7165038E-02, 0.9552500E-02,-0.9393260E-03, 0.3520126E-02, 0.2580800E-02,-0.1255680E-02, 0.9526797E-03,-0.3030000E-03,-0.1448136E-02,-0.1068516E-01,-0.1213330E-01, 0.5241985E+03, 0.6953740E+02,-0.8580478E+02, 0.5150296E+03, 0.1090430E-01, 0.1474671E-01
 0.4102000E+02, 0.2387112E-02, 0.7167888E-02, 0.9555000E-02,-0.9374068E-03, 0.3519007E-02, 0.2581600E-02,-0.1257179E-02, 0.9511787E-03,-0.3060000E-03,-0.1449705E-02,-0.1068689E-01,-0.1213660E-01, 0.5243651E+03, 0.7001414E+02,-0.8590721E+02, 0.5150611E+03, 0.1090639E-01, 0.1474971E-01
 0.4103500E+02, 0.2386586E-02, 0.7172165E-02, 0.9558750E-02,-0.9345321E-03, 0.3517332E-02, 0.2582800E-02,-0.1259422E-02, 0.9489218E-03,-0.3105000E-03,-0.1452053E-02,-0.1068950E-01,-0.1214155E-01, 0.5246140E+03, 0.7072790E+02,-0.8606049E+02, 0.5151084E+03, 0.1090954E-01, 0.1475420E-01
 0.4105750E+02, 0.2385791E-02, 0.7178584E-02, 0.9564375E-02,-0.9302291E-03, 0.3514829E-02, 0.2584600E-02,-0.1262774E-02, 0.9455239E-03,-0.3172500E-03,-0.1455562E-02,-0.1069341E-01,-0.1214897E-01, 0.5249848E+03, 0.7179546E+02,-0.8628955E+02, 0.5151794E+03, 0.1091428E-01, 0.1476095E-01
 0.4109125E+02, 0.2384589E-02, 0.7188224E-02, 0.9572812E-02,-0.9237947E-03, 0.3511095E-02, 0.2587300E-02,-0.1267774E-02, 0.9403990E-03,-0.3273750E-03,-0.1460794E-02,-0.1069932E-01,-0.1216011E-01, 0.5255356E+03, 0.7338991E+02,-0.8663123E+02, 0.5152860E+03, 0.1092141E-01, 0.1477111E-01
 0.4114187E+02, 0.2382766E-02, 0.7202703E-02, 0.9585469E-02,-0.9141894E-03, 0.3505539E-02, 0.2591350E-02,-0.1275212E-02, 0.9326499E-03,-0.3425624E-03,-0.1468576E-02,-0.1070824E-01,-0.1217682E-01, 0.5263500E+03, 0.7576619E+02,-0.8713952E+02, 0.5154466E+03, 0.1093219E-01, 0.1478639E-01
 0.4121781E+02, 0.2379985E-02, 0.7224468E-02, 0.9604453E-02,-0.8998851E-03, 0.3497310E-02, 0.2597425E-02,-0.1286231E-02, 0.9208875E-03,-0.3653438E-03,-0.1480100E-02,-0.1072178E-01,-0.1220188E-01, 0.5275450E+03, 0.7929606E+02,-0.8789246E+02, 0.5156885E+03, 0.1094851E-01, 0.1480939E-01
 0.4131781E+02, 0.2376241E-02, 0.7253212E-02, 0.9629453E-02,-0.8812254E-03, 0.3486650E-02, 0.2605425E-02,-0.1300500E-02, 0.9051560E-03,-0.3953438E-03,-0.1495016E-02,-0.1073986E-01,-0.1223488E-01, 0.5290718E+03, 0.8388469E+02,-0.8886749E+02, 0.5160086E+03, 0.1097027E-01, 0.1483984E-01
 0.4141781E+02, 0.2372400E-02, 0.7282053E-02, 0.9654453E-02,-0.8627373E-03, 0.3476162E-02, 0.2613425E-02,-0.1314519E-02, 0.8891757E-03,-0.4253438E-03,-0.1509663E-02,-0.1075821E-01,-0.1226788E-01, 0.5305486E+03, 0.8841320E+02,-0.8982550E+02, 0.5163304E+03, 0.1099232E-01, 0.1487046E-01
 0.4151781E+02, 0.2368469E-02, 0.7310984E-02, 0.9679453E-02,-0.8444225E-03, 0.3465848E-02, 0.2621425E-02,-0.1328294E-02, 0.8729503E-03,-0.4553437E-03,-0.1524047E-02,-0.1077683E-01,-0.1230088E-01, 0.5319771E+03, 0.9288197E+02,-0.9076676E+02, 0.5166541E+03, 0.1101465E-01, 0.1490124E-01
 0.4161781E+02, 0.2364453E-02, 0.7340000E-02, 0.9704453E-02,-0.8262825E-03, 0.3455708E-02, 0.2629425E-02,-0.1341827E-02, 0.8564836E-03,-0.4853438E-03,-0.1538170E-02,-0.1079571E-01,-0.1233388E-01, 0.5333585E+03, 0.9729135E+02,-0.9169154E+02, 0.5169795E+03, 0.1103726E-01, 0.1493219E-01
 0.4171781E+02, 0.2360358E-02, 0.7369095E-02, 0.9729453E-02,-0.8083186E-03, 0.3445744E-02, 0.2637425E-02,-0.1355123E-02, 0.8397795E-03,-0.5153437E-03,-0.1552039E-02,-0.1081484E-01,-0.1236688E-01, 0.5346942E+03, 0.1016418E+03,-0.9260009E+02, 0.5173064E+03, 0.1106014E-01, 0.1496330E-01
 0.4181781E+02, 0.2356188E-02, 0.7398264E-02, 0.9754453E-02,-0.7905320E-03, 0.3435957E-02, 0.2645425E-02,-0.1368185E-02, 0.8228417E-03,-0.5453437E-03,-0.1565656E-02,-0.1083422E-01,-0.1239988E-01, 0.5359855E+03, 0.1059337E+03,-0.9349267E+02, 0.5176351E+03, 0.1108329E-01, 0.1499456E-01
 0.4191781E+02, 0.2351951E-02, 0.7427502E-02, 0.9779453E-02,-0.7729236E-03, 0.3426349E-02, 0.2653425E-02,-0.1381018E-02, 0.8056739E-03,-0.5753438E-03,-0.1579027E-02,-0.1085385E-01,-0.1243288E-01, 0.5372336E+03, 0.1101675E+03,-0.9436954E+02, 0.5179653E+03, 0.1110670E-01, 0.1502597E-01
 0.4200000E+02, 0.2348415E-02, 0.7451585E-02, 0.9800000E-02,-0.7585696E-03, 0.3418570E-02, 0.2660000E-02,-0.1391405E-02, 0.7914054E-03,-0.6000000E-03,-0.1589846E-02,-0.1087015E-01,-0.1246000E-01, 0.5382289E+03, 0.1136077E+03,-0.9507937E+02, 0.5182378E+03, 0.1112613E-01, 0.1505189E-01
 0.4201000E+02, 0.2347904E-02, 0.7455096E-02, 0.9803000E-02,-0.7560391E-03, 0.3417439E-02, 0.2661400E-02,-0.1392323E-02, 0.7893233E-03,-0.6030000E-03,-0.1591865E-02,-0.1087253E-01,-0.1246440E-01, 0.5384351E+03, 0.1142296E+03,-0.9514209E+02, 0.5182775E+03, 0.1112897E-01, 0.1505567E-01
 0.4202000E+02, 0.2347391E-02, 0.7458609E-02, 0.9806000E-02,-0.7535114E-03, 0.3416311E-02, 0.2662800E-02,-0.1393238E-02, 0.7872384E-03,-0.6060000E-03,-0.1593880E-02,-0.1087492E-01,-0.1246880E-01, 0.5386404E+03, 0.1148504E+03,-0.9520462E+02, 0.5183173E+03, 0.1113181E-01, 0.1505944E-01
 0.4203500E+02, 0.2346620E-02, 0.7463880E-02, 0.9810500E-02,-0.7497272E-03, 0.3414627E-02, 0.2664900E-02,-0.1394605E-02, 0.7841054E-03,-0.6105000E-03,-0.1596892E-02,-0.1087851E-01,-0.1247540E-01, 0.5389467E+03, 0.1157793E+03,-0.9529803E+02, 0.5183769E+03, 0.1113608E-01, 0.1506511E-01
 0.4205750E+02, 0.2345457E-02, 0.7471793E-02, 0.9817250E-02,-0.7440669E-03, 0.3412117E-02, 0.2668050E-02,-0.1396643E-02, 0.7793934E-03,-0.6172500E-03,-0.1601390E-02,-0.1088391E-01,-0.1248530E-01, 0.5394023E+03, 0.1171675E+03,-0.9543730E+02, 0.5184665E+03, 0.1114252E-01, 0.1507362E-01
 0.4209125E+02, 0.2343700E-02, 0.7483676E-02, 0.9827375E-02,-0.7356124E-03, 0.3408388E-02, 0.2672775E-02,-0.1399672E-02, 0.7722973E-03,-0.6273750E-03,-0.1608087E-02,-0.1089206E-01,-0.1250015E-01, 0.5400775E+03, 0.1192382E+03,-0.9564427E+02, 0.5186010E+03, 0.1115221E-01, 0.1508644E-01
 0.4214187E+02, 0.2341039E-02, 0.7501523E-02, 0.9842562E-02,-0.7230128E-03, 0.3402875E-02, 0.2679862E-02,-0.1404155E-02, 0.7615923E-03,-0.6425625E-03,-0.1618027E-02,-0.1090440E-01,-0.1252243E-01, 0.5410723E+03, 0.1223185E+03,-0.9595058E+02, 0.5188039E+03, 0.1116687E-01, 0.1510573E-01
 0.4221781E+02, 0.2336994E-02, 0.7528350E-02, 0.9865344E-02,-0.7042968E-03, 0.3394790E-02, 0.2690494E-02,-0.1410742E-02, 0.7453981E-03,-0.6653438E-03,-0.1632697E-02,-0.1092314E-01,-0.1255584E-01, 0.5425244E+03, 0.1268813E+03,-0.9640069E+02, 0.5191094E+03, 0.1118909E-01, 0.1513480E-01
 0.4231781E+02, 0.2331567E-02, 0.7563777E-02, 0.9895344E-02,-0.6799650E-03, 0.3384459E-02, 0.2704494E-02,-0.1419178E-02, 0.7238343E-03,-0.6953437E-03,-0.1651602E-02,-0.1094824E-01,-0.1259984E-01, 0.5443663E+03, 0.1327903E+03,-0.9697717E+02, 0.5195143E+03, 0.1121877E-01, 0.1517331E-01
 0.4241781E+02, 0.2326022E-02, 0.7599322E-02, 0.9925344E-02,-0.6559414E-03, 0.3374435E-02, 0.2718494E-02,-0.1427366E-02, 0.7020222E-03,-0.7253437E-03,-0.1670080E-02,-0.1097376E-01,-0.1264384E-01, 0.5461340E+03, 0.1385990E+03,-0.9753667E+02, 0.5199217E+03, 0.1124889E-01, 0.1521207E-01
 0.4251781E+02, 0.2320370E-02, 0.7634974E-02, 0.9955344E-02,-0.6322273E-03, 0.3364721E-02, 0.2732494E-02,-0.1435313E-02, 0.6799690E-03,-0.7553438E-03,-0.1688143E-02,-0.1099969E-01,-0.1268784E-01, 0.5478300E+03, 0.1443084E+03,-0.9807970E+02, 0.5203317E+03, 0.1127944E-01, 0.1525106E-01
 0.4261781E+02, 0.2314621E-02, 0.7670723E-02, 0.9985344E-02,-0.6088242E-03, 0.3355318E-02, 0.2746494E-02,-0.1443025E-02, 0.6576817E-03,-0.7853438E-03,-0.1705797E-02,-0.1102604E-01,-0.1273184E-01, 0.5494571E+03, 0.1499196E+03,-0.9860674E+02, 0.5207441E+03, 0.1131041E-01, 0.1529030E-01
 0.4271781E+02, 0.2308785E-02, 0.7706559E-02, 0.1001534E-01,-0.5857326E-03, 0.3346226E-02, 0.2760494E-02,-0.1450511E-02, 0.6351672E-03,-0.8153437E-03,-0.1723052E-02,-0.1105279E-01,-0.1277584E-01, 0.5510177E+03, 0.1554337E+03,-0.9911825E+02, 0.5211590E+03, 0.1134178E-01, 0.1532976E-01
 0.4281781E+02, 0.2302870E-02, 0.7742474E-02, 0.1004534E-01,-0.5629530E-03, 0.3337447E-02, 0.2774494E-02,-0.1457776E-02, 0.6124324E-03,-0.8453438E-03,-0.1739917E-02,-0.1107992E-01,-0.1281984E-01, 0.5525142E+03, 0.1608518E+03,-0.9961470E+02, 0.5215761E+03, 0.1137355E-01, 0.1536944E-01
 0.4291781E+02, 0.2296886E-02, 0.7778457E-02, 0.1007534E-01,-0.5404855E-03, 0.3328979E-02, 0.2788494E-02,-0.1464828E-02, 0.5894839E-03,-0.8753438E-03,-0.1756401E-02,-0.1110744E-01,-0.1286384E-01, 0.5539492E+03, 0.1661751E+03,-0.1000966E+03, 0.5219955E+03, 0.1140571E-01, 0.1540933E-01
 0.4300000E+02, 0.2291914E-02, 0.7808086E-02, 0.1010000E-01,-0.5222281E-03, 0.3322228E-02, 0.2800000E-02,-0.1470474E-02, 0.5704741E-03,-0.8999999E-03,-0.1769685E-02,-0.1113031E-01,-0.1290000E-01, 0.5550851E+03, 0.1704858E+03,-0.1004824E+03, 0.5223418E+03, 0.1143241E-01, 0.1544227E-01
 0.4301000E+02, 0.2291134E-02, 0.7811866E-02, 0.1010300E-01,-0.5193713E-03, 0.3321371E-02, 0.2802000E-02,-0.1471047E-02, 0.5680472E-03,-0.9030000E-03,-0.1771762E-02,-0.1113324E-01,-0.1290500E-01, 0.5552624E+03, 0.1711601E+03,-0.1005216E+03, 0.5223860E+03, 0.1143582E-01, 0.1544646E-01
 0.4302000E+02, 0.2290352E-02, 0.7815648E-02, 0.1010600E-01,-0.5165185E-03, 0.3320518E-02, 0.2804000E-02,-0.1471617E-02, 0.5656174E-03,-0.9060000E-03,-0.1773834E-02,-0.1113617E-01,-0.1291000E-01, 0.5554387E+03, 0.1718331E+03,-0.1005605E+03, 0.5224301E+03, 0.1143924E-01, 0.1545067E-01
 0.4303500E+02, 0.2289178E-02, 0.7821322E-02, 0.1011050E-01,-0.5122488E-03, 0.3319249E-02, 0.2807000E-02,-0.1472468E-02, 0.5619677E-03,-0.9105000E-03,-0.1776929E-02,-0.1114057E-01,-0.1291750E-01, 0.5557013E+03, 0.1728396E+03,-0.1006186E+03, 0.5224965E+03, 0.1144438E-01, 0.1545697E-01
 0.4305750E+02, 0.2287413E-02, 0.7829838E-02, 0.1011725E-01,-0.5058656E-03, 0.3317366E-02, 0.2811500E-02,-0.1473731E-02, 0.5564814E-03,-0.9172500E-03,-0.1781547E-02,-0.1114720E-01,-0.1292875E-01, 0.5560911E+03, 0.1743431E+03,-0.1007050E+03, 0.5225961E+03, 0.1145211E-01, 0.1546646E-01
 0.4309125E+02, 0.2284757E-02, 0.7842618E-02, 0.1012737E-01,-0.4963391E-03, 0.3314589E-02, 0.2818250E-02,-0.1475602E-02, 0.5482269E-03,-0.9273750E-03,-0.1788417E-02,-0.1115721E-01,-0.1294562E-01, 0.5566671E+03, 0.1765841E+03,-0.1008328E+03, 0.5227460E+03, 0.1146376E-01, 0.1548072E-01
 0.4314187E+02, 0.2280754E-02, 0.7861809E-02, 0.1014256E-01,-0.4821572E-03, 0.3310532E-02, 0.2828375E-02,-0.1478351E-02, 0.5357882E-03,-0.9425624E-03,-0.1798597E-02,-0.1117234E-01,-0.1297094E-01, 0.5575113E+03, 0.1799134E+03,-0.1010206E+03, 0.5229717E+03, 0.1148136E-01, 0.1550219E-01
 0.4321781E+02, 0.2274712E-02, 0.7890631E-02, 0.1016534E-01,-0.4611267E-03, 0.3304689E-02, 0.2843562E-02,-0.1482349E-02, 0.5170052E-03,-0.9653437E-03,-0.1813585E-02,-0.1119532E-01,-0.1300891E-01, 0.5587340E+03, 0.1848360E+03,-0.1012938E+03, 0.5233118E+03, 0.1150802E-01, 0.1553453E-01
 0.4331781E+02, 0.2266687E-02, 0.7928656E-02, 0.1019534E-01,-0.4338486E-03, 0.3297411E-02, 0.2863563E-02,-0.1487397E-02, 0.4920530E-03,-0.9953438E-03,-0.1832838E-02,-0.1122607E-01,-0.1305891E-01, 0.5602684E+03, 0.1911952E+03,-0.1016388E+03, 0.5237624E+03, 0.1154360E-01, 0.1557739E-01
 0.4341781E+02, 0.2258573E-02, 0.7966771E-02, 0.1022534E-01,-0.4069808E-03, 0.3290543E-02, 0.2883563E-02,-0.1492215E-02, 0.4668717E-03,-0.1025344E-02,-0.1851592E-02,-0.1125731E-01,-0.1310891E-01, 0.5617226E+03, 0.1974303E+03,-0.1019681E+03, 0.5242160E+03, 0.1157967E-01, 0.1562055E-01
 0.4351781E+02, 0.2250384E-02, 0.8004961E-02, 0.1025534E-01,-0.3805232E-03, 0.3284086E-02, 0.2903563E-02,-0.1496814E-02, 0.4414703E-03,-0.1055344E-02,-0.1869860E-02,-0.1128905E-01,-0.1315891E-01, 0.5631000E+03, 0.2035427E+03,-0.1022823E+03, 0.5246726E+03, 0.1161621E-01, 0.1566398E-01
 0.4361781E+02, 0.2242130E-02, 0.8043214E-02, 0.1028534E-01,-0.3544754E-03, 0.3278038E-02, 0.2923563E-02,-0.1501202E-02, 0.4158580E-03,-0.1085344E-02,-0.1887655E-02,-0.1132125E-01,-0.1320891E-01, 0.5644039E+03, 0.2095345E+03,-0.1025821E+03, 0.5251321E+03, 0.1165321E-01, 0.1570768E-01
 0.4371781E+02, 0.2233824E-02, 0.8081519E-02, 0.1031534E-01,-0.3288365E-03, 0.3272399E-02, 0.2943563E-02,-0.1505387E-02, 0.3900435E-03,-0.1115344E-02,-0.1904988E-02,-0.1135392E-01,-0.1325891E-01, 0.5656376E+03, 0.2154073E+03,-0.1028681E+03, 0.5255942E+03, 0.1169065E-01, 0.1575165E-01
 0.4381781E+02, 0.2225477E-02, 0.8119867E-02, 0.1034534E-01,-0.3036050E-03, 0.3267168E-02, 0.2963563E-02,-0.1509379E-02, 0.3640353E-03,-0.1145344E-02,-0.1921872E-02,-0.1138703E-01,-0.1330891E-01, 0.5668043E+03, 0.2211631E+03,-0.1031409E+03, 0.5260591E+03, 0.1172852E-01, 0.1579587E-01
 0.4391781E+02, 0.2217098E-02, 0.8158245E-02, 0.1037534E-01,-0.2787793E-03, 0.3262342E-02, 0.2983562E-02,-0.1513185E-02, 0.3378415E-03,-0.1175344E-02,-0.1938319E-02,-0.1142059E-01,-0.1335891E-01, 0.5679070E+03, 0.2268037E+03,-0.1034010E+03, 0.5265265E+03, 0.1176681E-01, 0.1584033E-01
 0.4400000E+02, 0.2210182E-02, 0.8189818E-02, 0.1040000E-01,-0.2586471E-03, 0.3258647E-02, 0.3000000E-02,-0.1516183E-02, 0.3161831E-03,-0.1200000E-02,-0.1951535E-02,-0.1144846E-01,-0.1340000E-01, 0.5687681E+03, 0.2313614E+03,-0.1036059E+03, 0.5269125E+03, 0.1179857E-01, 0.1587704E-01
 0.4401000E+02, 0.2208892E-02, 0.8193408E-02, 0.1040230E-01,-0.2552322E-03, 0.3258232E-02, 0.3003000E-02,-0.1516718E-02, 0.3137180E-03,-0.1203000E-02,-0.1953660E-02,-0.1145164E-01,-0.1340530E-01, 0.5688821E+03, 0.2321185E+03,-0.1036424E+03, 0.5269564E+03, 0.1180218E-01, 0.1588121E-01
 0.4402000E+02, 0.2207601E-02, 0.8196999E-02, 0.1040460E-01,-0.2518225E-03, 0.3257822E-02, 0.3006000E-02,-0.1517249E-02, 0.3112494E-03,-0.1206000E-02,-0.1955778E-02,-0.1145482E-01,-0.1341060E-01, 0.5689950E+03, 0.2328739E+03,-0.1036787E+03, 0.5270003E+03, 0.1180581E-01, 0.1588539E-01
 0.4403500E+02, 0.2205661E-02, 0.8202389E-02, 0.1040805E-01,-0.2467197E-03, 0.3257220E-02, 0.3010500E-02,-0.1518040E-02, 0.3075402E-03,-0.1210500E-02,-0.1958941E-02,-0.1145961E-01,-0.1341855E-01, 0.5691624E+03, 0.2340036E+03,-0.1037327E+03, 0.5270663E+03, 0.1181125E-01, 0.1589166E-01
 0.4405750E+02, 0.2202748E-02, 0.8210476E-02, 0.1041322E-01,-0.2390918E-03, 0.3256342E-02, 0.3017250E-02,-0.1519212E-02, 0.3019622E-03,-0.1217250E-02,-0.1963656E-02,-0.1146682E-01,-0.1343048E-01, 0.5694086E+03, 0.2356905E+03,-0.1038128E+03, 0.5271653E+03, 0.1181945E-01, 0.1590110E-01
 0.4409125E+02, 0.2198373E-02, 0.8222615E-02, 0.1042099E-01,-0.2277095E-03, 0.3255085E-02, 0.3027375E-02,-0.1520939E-02, 0.2935643E-03,-0.1227375E-02,-0.1970663E-02,-0.1147770E-01,-0.1344836E-01, 0.5697682E+03, 0.2382036E+03,-0.1039309E+03, 0.5273147E+03, 0.1183181E-01, 0.1591530E-01
 0.4414187E+02, 0.2191793E-02, 0.8240838E-02, 0.1043263E-01,-0.2107696E-03, 0.3253332E-02, 0.3042562E-02,-0.1523460E-02, 0.2808980E-03,-0.1242562E-02,-0.1981024E-02,-0.1149417E-01,-0.1347519E-01, 0.5702850E+03, 0.2419347E+03,-0.1041031E+03, 0.5275396E+03, 0.1185048E-01, 0.1593670E-01
 0.4421781E+02, 0.2181895E-02, 0.8268202E-02, 0.1045010E-01,-0.1856600E-03, 0.3251004E-02, 0.3065344E-02,-0.1527090E-02, 0.2617463E-03,-0.1265344E-02,-0.1996235E-02,-0.1151921E-01,-0.1351544E-01, 0.5710111E+03, 0.2474453E+03,-0.1043512E+03, 0.5278791E+03, 0.1187879E-01, 0.1596899E-01
 0.4431781E+02, 0.2168806E-02, 0.8304290E-02, 0.1047310E-01,-0.1531122E-03, 0.3248456E-02, 0.3095344E-02,-0.1531604E-02, 0.2362602E-03,-0.1295344E-02,-0.2015694E-02,-0.1155275E-01,-0.1356844E-01, 0.5718816E+03, 0.2545528E+03,-0.1046596E+03, 0.5283299E+03, 0.1191659E-01, 0.1601188E-01
 0.4441781E+02, 0.2155638E-02, 0.8340458E-02, 0.1049610E-01,-0.1210807E-03, 0.3246424E-02, 0.3125344E-02,-0.1535835E-02, 0.2104916E-03,-0.1325344E-02,-0.2034558E-02,-0.1158688E-01,-0.1362144E-01, 0.5726601E+03, 0.2615085E+03,-0.1049488E+03, 0.5287849E+03, 0.1195493E-01, 0.1605515E-01
 0.4451781E+02, 0.2142409E-02, 0.8376688E-02, 0.1051910E-01,-0.8956604E-04, 0.3244910E-02, 0.3155344E-02,-0.1539797E-02, 0.1844528E-03,-0.1355344E-02,-0.2052843E-02,-0.1162160E-01,-0.1367444E-01, 0.5733511E+03, 0.2683145E+03,-0.1052194E+03, 0.5292439E+03, 0.1199380E-01, 0.1609881E-01
 0.4461781E+02, 0.2129134E-02, 0.8412963E-02, 0.1054210E-01,-0.5856819E-04, 0.3243912E-02, 0.3185344E-02,-0.1543500E-02, 0.1581558E-03,-0.1385344E-02,-0.2070566E-02,-0.1165687E-01,-0.1372744E-01, 0.5739590E+03, 0.2749730E+03,-0.1054725E+03, 0.5297067E+03, 0.1203318E-01, 0.1614283E-01
 0.4471781E+02, 0.2115829E-02, 0.8449268E-02, 0.1056510E-01,-0.2808627E-04, 0.3243430E-02, 0.3215344E-02,-0.1546956E-02, 0.1316120E-03,-0.1415344E-02,-0.2087743E-02,-0.1169270E-01,-0.1378044E-01, 0.5744882E+03, 0.2814864E+03,-0.1057086E+03, 0.5301732E+03, 0.1207305E-01, 0.1618721E-01
 0.4481781E+02, 0.2102509E-02, 0.8485588E-02, 0.1058810E-01, 0.1881232E-05, 0.3243462E-02, 0.3245344E-02,-0.1550177E-02, 0.1048330E-03,-0.1445344E-02,-0.2104390E-02,-0.1172905E-01,-0.1383344E-01, 0.5749429E+03, 0.2878571E+03,-0.1059287E+03, 0.5306433E+03, 0.1211339E-01, 0.1623192E-01
 0.4491781E+02, 0.2089187E-02, 0.8521910E-02, 0.1061110E-01, 0.3133642E-04, 0.3244007E-02, 0.3275344E-02,-0.1553174E-02, 0.7782980E-04,-0.1475344E-02,-0.2120523E-02,-0.1176592E-01,-0.1388644E-01, 0.5753270E+03, 0.2940875E+03,-0.1061335E+03, 0.5311168E+03, 0.1215419E-01, 0.1627697E-01
 0.4500000E+02, 0.2078226E-02, 0.8551774E-02, 0.1063000E-01, 0.5519946E-04, 0.3244800E-02, 0.3300000E-02,-0.1555478E-02, 0.5547785E-04,-0.1500000E-02,-0.2133426E-02,-0.1179657E-01,-0.1393000E-01, 0.5755923E+03, 0.2991121E+03,-0.1062910E+03, 0.5315085E+03, 0.1218803E-01, 0.1631423E-01
 0.4501000E+02, 0.2077325E-02, 0.8554175E-02, 0.1063150E-01, 0.5713343E-04, 0.3244867E-02, 0.3302000E-02,-0.1555680E-02, 0.5367975E-04,-0.1502000E-02,-0.2134458E-02,-0.1179904E-01,-0.1393350E-01, 0.5756104E+03, 0.2995175E+03,-0.1063048E+03, 0.5315400E+03, 0.1219076E-01, 0.1631722E-01
 0.4502000E+02, 0.2076424E-02, 0.8556576E-02, 0.1063300E-01, 0.5906513E-04, 0.3244935E-02, 0.3304000E-02,-0.1555881E-02, 0.5188060E-04,-0.1504000E-02,-0.2135489E-02,-0.1180151E-01,-0.1393700E-01, 0.5756281E+03, 0.2999224E+03,-0.1063185E+03, 0.5315715E+03, 0.1219348E-01, 0.1632021E-01
 0.4503500E+02, 0.2075073E-02, 0.8560177E-02, 0.1063525E-01, 0.6195761E-04, 0.3245042E-02, 0.3307000E-02,-0.1556180E-02, 0.4918011E-04,-0.1507000E-02,-0.2137030E-02,-0.1180522E-01,-0.1394225E-01, 0.5756541E+03, 0.3005284E+03,-0.1063390E+03, 0.5316188E+03, 0.1219758E-01, 0.1632471E-01
 0.4505750E+02, 0.2073048E-02, 0.8565577E-02, 0.1063862E-01, 0.6628494E-04, 0.3245215E-02, 0.3311500E-02,-0.1556625E-02, 0.4512524E-04,-0.1511500E-02,-0.2139333E-02,-0.1181079E-01,-0.1395013E-01, 0.5756920E+03, 0.3014344E+03,-0.1063694E+03, 0.5316897E+03, 0.1220373E-01, 0.1633144E-01
 0.4509125E+02, 0.2070013E-02, 0.8573675E-02, 0.1064369E-01, 0.7275037E-04, 0.3245500E-02, 0.3318250E-02,-0.1557284E-02, 0.3903371E-04,-0.1518250E-02,-0.2142763E-02,-0.1181917E-01,-0.1396194E-01, 0.5757462E+03, 0.3027869E+03,-0.1064144E+03, 0.5317962E+03, 0.1221297E-01, 0.1634159E-01
 0.4514187E+02, 0.2065470E-02, 0.8585812E-02, 0.1065128E-01, 0.8239123E-04, 0.3245984E-02, 0.3328375E-02,-0.1558252E-02, 0.2987709E-04,-0.1528375E-02,-0.2147861E-02,-0.1183179E-01,-0.1397966E-01, 0.5758219E+03, 0.3048011E+03,-0.1064806E+03, 0.5319565E+03, 0.1222687E-01, 0.1635684E-01
 0.4521781E+02, 0.2058673E-02, 0.8603999E-02, 0.1066267E-01, 0.9672419E-04, 0.3246838E-02, 0.3343562E-02,-0.1559660E-02, 0.1609790E-04,-0.1543563E-02,-0.2155397E-02,-0.1185084E-01,-0.1400623E-01, 0.5759228E+03, 0.3077899E+03,-0.1065768E+03, 0.5321976E+03, 0.1224781E-01, 0.1637978E-01
 0.4531781E+02, 0.2049750E-02, 0.8627922E-02, 0.1067767E-01, 0.1153776E-03, 0.3248185E-02, 0.3363563E-02,-0.1561437E-02,-0.2125682E-05,-0.1563562E-02,-0.2165128E-02,-0.1187611E-01,-0.1404123E-01, 0.5760333E+03, 0.3116690E+03,-0.1066982E+03, 0.5325164E+03, 0.1227555E-01, 0.1641009E-01
 0.4541781E+02, 0.2040847E-02, 0.8651826E-02, 0.1069267E-01, 0.1338103E-03, 0.3249752E-02, 0.3383562E-02,-0.1563129E-02,-0.2043394E-04,-0.1583562E-02,-0.2174657E-02,-0.1190158E-01,-0.1407623E-01, 0.5761188E+03, 0.3154905E+03,-0.1068138E+03, 0.5328364E+03, 0.1230346E-01, 0.1644054E-01
 0.4551781E+02, 0.2031965E-02, 0.8675707E-02, 0.1070767E-01, 0.1520236E-03, 0.3251539E-02, 0.3403562E-02,-0.1564738E-02,-0.3882404E-04,-0.1603562E-02,-0.2183989E-02,-0.1192725E-01,-0.1411123E-01, 0.5761804E+03, 0.3192550E+03,-0.1069238E+03, 0.5331578E+03, 0.1233154E-01, 0.1647110E-01
 0.4561781E+02, 0.2023109E-02, 0.8699563E-02, 0.1072267E-01, 0.1700188E-03, 0.3253544E-02, 0.3423563E-02,-0.1566269E-02,-0.5729322E-04,-0.1623563E-02,-0.2193128E-02,-0.1195311E-01,-0.1414623E-01, 0.5762190E+03, 0.3229633E+03,-0.1070284E+03, 0.5334803E+03, 0.1235978E-01, 0.1650179E-01
 0.4571781E+02, 0.2014281E-02, 0.8723391E-02, 0.1073767E-01, 0.1877972E-03, 0.3255765E-02, 0.3443562E-02,-0.1567724E-02,-0.7583878E-04,-0.1643562E-02,-0.2202078E-02,-0.1197916E-01,-0.1418123E-01, 0.5762357E+03, 0.3266163E+03,-0.1071278E+03, 0.5338041E+03, 0.1238818E-01, 0.1653259E-01
 0.4581781E+02, 0.2005483E-02, 0.8747188E-02, 0.1075267E-01, 0.2053604E-03, 0.3258202E-02, 0.3463562E-02,-0.1569104E-02,-0.9445806E-04,-0.1663562E-02,-0.2210844E-02,-0.1200539E-01,-0.1421623E-01, 0.5762313E+03, 0.3302145E+03,-0.1072221E+03, 0.5341292E+03, 0.1241674E-01, 0.1656351E-01
 0.4591781E+02, 0.1996719E-02, 0.8770953E-02, 0.1076767E-01, 0.2227098E-03, 0.3260853E-02, 0.3483563E-02,-0.1570414E-02,-0.1131485E-03,-0.1683563E-02,-0.2219429E-02,-0.1203181E-01,-0.1425123E-01, 0.5762069E+03, 0.3337589E+03,-0.1073116E+03, 0.5344554E+03, 0.1244544E-01, 0.1659454E-01
 0.4600000E+02, 0.1989534E-02, 0.8790466E-02, 0.1078000E-01, 0.2368245E-03, 0.3263175E-02, 0.3500000E-02,-0.1571439E-02,-0.1285610E-03,-0.1700000E-02,-0.2226359E-02,-0.1205364E-01,-0.1428000E-01, 0.5761720E+03, 0.3366350E+03,-0.1073817E+03, 0.5347243E+03, 0.1246914E-01, 0.1662012E-01
 0.4601000E+02, 0.1988686E-02, 0.8792614E-02, 0.1078130E-01, 0.2385669E-03, 0.3263433E-02, 0.3502000E-02,-0.1571242E-02,-0.1302579E-03,-0.1701500E-02,-0.2227253E-02,-0.1205605E-01,-0.1428330E-01, 0.5761784E+03, 0.3369954E+03,-0.1073682E+03, 0.5347539E+03, 0.1247175E-01, 0.1662293E-01
 0.4602000E+02, 0.1987839E-02, 0.8794761E-02, 0.1078260E-01, 0.2403073E-03, 0.3263693E-02, 0.3504000E-02,-0.1571045E-02,-0.1319553E-03,-0.1703000E-02,-0.2228146E-02,-0.1205845E-01,-0.1428660E-01, 0.5761846E+03, 0.3373553E+03,-0.1073547E+03, 0.5347836E+03, 0.1247436E-01, 0.1662575E-01
 0.4603500E+02, 0.1986568E-02, 0.8797982E-02, 0.1078455E-01, 0.2429134E-03, 0.3264087E-02, 0.3507000E-02,-0.1570748E-02,-0.1345018E-03,-0.1705250E-02,-0.2229481E-02,-0.1206207E-01,-0.1429155E-01, 0.5761934E+03, 0.3378940E+03,-0.1073345E+03, 0.5348280E+03, 0.1247828E-01, 0.1662997E-01
 0.4605750E+02, 0.1984664E-02, 0.8802812E-02, 0.1078748E-01, 0.2468129E-03, 0.3264687E-02, 0.3511500E-02,-0.1570302E-02,-0.1383229E-03,-0.1708625E-02,-0.2231477E-02,-0.1206750E-01,-0.1429898E-01, 0.5762058E+03, 0.3386996E+03,-0.1073040E+03, 0.5348947E+03, 0.1248417E-01, 0.1663631E-01
 0.4609125E+02, 0.1981811E-02, 0.8810052E-02, 0.1079186E-01, 0.2526399E-03, 0.3265610E-02, 0.3518250E-02,-0.1569630E-02,-0.1440574E-03,-0.1713688E-02,-0.2234451E-02,-0.1207566E-01,-0.1431011E-01, 0.5762224E+03, 0.3399024E+03,-0.1072581E+03, 0.5349947E+03, 0.1249302E-01, 0.1664584E-01
 0.4614187E+02, 0.1977541E-02, 0.8820903E-02, 0.1079844E-01, 0.2613309E-03, 0.3267044E-02, 0.3528375E-02,-0.1568617E-02,-0.1526644E-03,-0.1721281E-02,-0.2238872E-02,-0.1208795E-01,-0.1432682E-01, 0.5762432E+03, 0.3416944E+03,-0.1071888E+03, 0.5351453E+03, 0.1250632E-01, 0.1666017E-01
 0.4621781E+02, 0.1971158E-02, 0.8837158E-02, 0.1080832E-01, 0.2742567E-03, 0.3269306E-02, 0.3543562E-02,-0.1567084E-02,-0.1655876E-03,-0.1732672E-02,-0.2245415E-02,-0.1210646E-01,-0.1435188E-01, 0.5762649E+03, 0.3443551E+03,-0.1070841E+03, 0.5353718E+03, 0.1252634E-01, 0.1668170E-01
 0.4631781E+02, 0.1962785E-02, 0.8858531E-02, 0.1082132E-01, 0.2910871E-03, 0.3272475E-02, 0.3563563E-02,-0.1565043E-02,-0.1826291E-03,-0.1747672E-02,-0.2253872E-02,-0.1213101E-01,-0.1438488E-01, 0.5762766E+03, 0.3478111E+03,-0.1069446E+03, 0.5356709E+03, 0.1255284E-01, 0.1671015E-01
 0.4641781E+02, 0.1954439E-02, 0.8879877E-02, 0.1083432E-01, 0.3077262E-03, 0.3275836E-02, 0.3583563E-02,-0.1562972E-02,-0.1996997E-03,-0.1762672E-02,-0.2262165E-02,-0.1215571E-01,-0.1441788E-01, 0.5762692E+03, 0.3512185E+03,-0.1068031E+03, 0.5359710E+03, 0.1257947E-01, 0.1673871E-01
 0.4651781E+02, 0.1946121E-02, 0.8901194E-02, 0.1084732E-01, 0.3241752E-03, 0.3279387E-02, 0.3603562E-02,-0.1560874E-02,-0.2167974E-03,-0.1777672E-02,-0.2270296E-02,-0.1218058E-01,-0.1445088E-01, 0.5762438E+03, 0.3545778E+03,-0.1066598E+03, 0.5362723E+03, 0.1260623E-01, 0.1676737E-01
 0.4661781E+02, 0.1937834E-02, 0.8922481E-02, 0.1086032E-01, 0.3404355E-03, 0.3283127E-02, 0.3623562E-02,-0.1558752E-02,-0.2339204E-03,-0.1792672E-02,-0.2278270E-02,-0.1220561E-01,-0.1448388E-01, 0.5762009E+03, 0.3578897E+03,-0.1065147E+03, 0.5365746E+03, 0.1263313E-01, 0.1679612E-01
 0.4671781E+02, 0.1929580E-02, 0.8943736E-02, 0.1087332E-01, 0.3565085E-03, 0.3287054E-02, 0.3643562E-02,-0.1556605E-02,-0.2510667E-03,-0.1807672E-02,-0.2286088E-02,-0.1223079E-01,-0.1451688E-01, 0.5761412E+03, 0.3611548E+03,-0.1063680E+03, 0.5368778E+03, 0.1266014E-01, 0.1682497E-01
 0.4681781E+02, 0.1921359E-02, 0.8964957E-02, 0.1088632E-01, 0.3723956E-03, 0.3291167E-02, 0.3663562E-02,-0.1554437E-02,-0.2682346E-03,-0.1822672E-02,-0.2293755E-02,-0.1225612E-01,-0.1454988E-01, 0.5760656E+03, 0.3643739E+03,-0.1062199E+03, 0.5371821E+03, 0.1268728E-01, 0.1685391E-01
 0.4691781E+02, 0.1913175E-02, 0.8986141E-02, 0.1089932E-01, 0.3880982E-03, 0.3295464E-02, 0.3683562E-02,-0.1552249E-02,-0.2854225E-03,-0.1837672E-02,-0.2301273E-02,-0.1228161E-01,-0.1458288E-01, 0.5759745E+03, 0.3675474E+03,-0.1060704E+03, 0.5374873E+03, 0.1271454E-01, 0.1688294E-01
 0.4700000E+02, 0.1906469E-02, 0.9003531E-02, 0.1091000E-01, 0.4008791E-03, 0.3299121E-02, 0.3700000E-02,-0.1550435E-02,-0.2995649E-03,-0.1850000E-02,-0.2307348E-02,-0.1230265E-01,-0.1461000E-01, 0.5758884E+03, 0.3701244E+03,-0.1059464E+03, 0.5377388E+03, 0.1273703E-01, 0.1690686E-01
 0.4701000E+02, 0.1905280E-02, 0.9006420E-02, 0.1091170E-01, 0.4032675E-03, 0.3299732E-02, 0.3703000E-02,-0.1549585E-02,-0.3019148E-03,-0.1851500E-02,-0.2308547E-02,-0.1230615E-01,-0.1461470E-01, 0.5758897E+03, 0.3706147E+03,-0.1058883E+03, 0.5377807E+03, 0.1274077E-01, 0.1691084E-01
 0.4702000E+02, 0.1904091E-02, 0.9009309E-02, 0.1091340E-01, 0.4056520E-03, 0.3300348E-02, 0.3706000E-02,-0.1548735E-02,-0.3042647E-03,-0.1853000E-02,-0.2309743E-02,-0.1230966E-01,-0.1461940E-01, 0.5758906E+03, 0.3711040E+03,-0.1058302E+03, 0.5378225E+03, 0.1274451E-01, 0.1691481E-01
 0.4703500E+02, 0.1902309E-02, 0.9013641E-02, 0.1091595E-01, 0.4092202E-03, 0.3301280E-02, 0.3710500E-02,-0.1547462E-02,-0.3077884E-03,-0.1855250E-02,-0.2311529E-02,-0.1231492E-01,-0.1462645E-01, 0.5758912E+03, 0.3718358E+03,-0.1057432E+03, 0.5378852E+03, 0.1275013E-01, 0.1692077E-01
 0.4705750E+02, 0.1899640E-02, 0.9020135E-02, 0.1091977E-01, 0.4145530E-03, 0.3302697E-02, 0.3717250E-02,-0.1545553E-02,-0.3130719E-03,-0.1858625E-02,-0.2314193E-02,-0.1232283E-01,-0.1463703E-01, 0.5758905E+03, 0.3729286E+03,-0.1056128E+03, 0.5379793E+03, 0.1275857E-01, 0.1692971E-01
 0.4709125E+02, 0.1895645E-02, 0.9029868E-02, 0.1092551E-01, 0.4225088E-03, 0.3304866E-02, 0.3727375E-02,-0.1542695E-02,-0.3209925E-03,-0.1863687E-02,-0.2318154E-02,-0.1233473E-01,-0.1465289E-01, 0.5758858E+03, 0.3745572E+03,-0.1054175E+03, 0.5381207E+03, 0.1277127E-01, 0.1694319E-01
 0.4714187E+02, 0.1889674E-02, 0.9044445E-02, 0.1093412E-01, 0.4343456E-03, 0.3308217E-02, 0.3742562E-02,-0.1538421E-02,-0.3328604E-03,-0.1871281E-02,-0.2324019E-02,-0.1235266E-01,-0.1467668E-01, 0.5758713E+03, 0.3769765E+03,-0.1051254E+03, 0.5383337E+03, 0.1279036E-01, 0.1696345E-01
 0.4721781E+02, 0.1880763E-02, 0.9066266E-02, 0.1094703E-01, 0.4518841E-03, 0.3313460E-02, 0.3765344E-02,-0.1532037E-02,-0.3506349E-03,-0.1882672E-02,-0.2332647E-02,-0.1237973E-01,-0.1471237E-01, 0.5758326E+03, 0.3805525E+03,-0.1046892E+03, 0.5386542E+03, 0.1281913E-01, 0.1699393E-01
 0.4731781E+02, 0.1869104E-02, 0.9094924E-02, 0.1096403E-01, 0.4746072E-03, 0.3320737E-02, 0.3795344E-02,-0.1523675E-02,-0.3739967E-03,-0.1897672E-02,-0.2343712E-02,-0.1241566E-01,-0.1475937E-01, 0.5757515E+03, 0.3851702E+03,-0.1041178E+03, 0.5390780E+03, 0.1285725E-01, 0.1703425E-01
 0.4741781E+02, 0.1857511E-02, 0.9123517E-02, 0.1098103E-01, 0.4969573E-03, 0.3328386E-02, 0.3825344E-02,-0.1515349E-02,-0.3973230E-03,-0.1912672E-02,-0.2354468E-02,-0.1245190E-01,-0.1480637E-01, 0.5756372E+03, 0.3896949E+03,-0.1035488E+03, 0.5395039E+03, 0.1289562E-01, 0.1707476E-01
 0.4751781E+02, 0.1845987E-02, 0.9152041E-02, 0.1099803E-01, 0.5189388E-03, 0.3336405E-02, 0.3855344E-02,-0.1507062E-02,-0.4206098E-03,-0.1927672E-02,-0.2364926E-02,-0.1248845E-01,-0.1485337E-01, 0.5754915E+03, 0.3941282E+03,-0.1029826E+03, 0.5399318E+03, 0.1293422E-01, 0.1711546E-01
 0.4761781E+02, 0.1834538E-02, 0.9180490E-02, 0.1101503E-01, 0.5405560E-03, 0.3344788E-02, 0.3885344E-02,-0.1498819E-02,-0.4438530E-03,-0.1942672E-02,-0.2375094E-02,-0.1252528E-01,-0.1490037E-01, 0.5753163E+03, 0.3984722E+03,-0.1024193E+03, 0.5403615E+03, 0.1297305E-01, 0.1715634E-01
 0.4771781E+02, 0.1823167E-02, 0.9208861E-02, 0.1103203E-01, 0.5618135E-03, 0.3353530E-02, 0.3915344E-02,-0.1490623E-02,-0.4670490E-03,-0.1957672E-02,-0.2384981E-02,-0.1256239E-01,-0.1494737E-01, 0.5751135E+03, 0.4027285E+03,-0.1018592E+03, 0.5407931E+03, 0.1301210E-01, 0.1719739E-01
 0.4781781E+02, 0.1811879E-02, 0.9237149E-02, 0.1104903E-01, 0.5827159E-03, 0.3362628E-02, 0.3945344E-02,-0.1482478E-02,-0.4901942E-03,-0.1972672E-02,-0.2394595E-02,-0.1259978E-01,-0.1499437E-01, 0.5748848E+03, 0.4068991E+03,-0.1013026E+03, 0.5412264E+03, 0.1305135E-01, 0.1723861E-01
 0.4791781E+02, 0.1800678E-02, 0.9265350E-02, 0.1106603E-01, 0.6032678E-03, 0.3372076E-02, 0.3975344E-02,-0.1474387E-02,-0.5132853E-03,-0.1987672E-02,-0.2403945E-02,-0.1263743E-01,-0.1504137E-01, 0.5746318E+03, 0.4109858E+03,-0.1007497E+03, 0.5416614E+03, 0.1309081E-01, 0.1727999E-01
 0.4800000E+02, 0.1791525E-02, 0.9288475E-02, 0.1108000E-01, 0.6199221E-03, 0.3380078E-02, 0.4000000E-02,-0.1467769E-02,-0.5322312E-03,-0.2000000E-02,-0.2411447E-02,-0.1266855E-01,-0.1508000E-01, 0.5744061E+03, 0.4142871E+03,-0.1002975E+03, 0.5420202E+03, 0.1312338E-01, 0.1731412E-01
 0.4801000E+02, 0.1790341E-02, 0.9290959E-02, 0.1108130E-01, 0.6220590E-03, 0.3380941E-02, 0.4003000E-02,-0.1466734E-02,-0.5342662E-03,-0.2001000E-02,-0.2412400E-02,-0.1267190E-01,-0.1508430E-01, 0.5743745E+03, 0.4147094E+03,-0.1002268E+03, 0.5420588E+03, 0.1312688E-01, 0.1731778E-01
 0.4802000E+02, 0.1789157E-02, 0.9293443E-02, 0.1108260E-01, 0.6241926E-03, 0.3381807E-02, 0.4006000E-02,-0.1465699E-02,-0.5363006E-03,-0.2002000E-02,-0.2413350E-02,-0.1267525E-01,-0.1508860E-01, 0.5743427E+03, 0.4151308E+03,-0.1001561E+03, 0.5420973E+03, 0.1313038E-01, 0.1732145E-01
 0.4803500E+02, 0.1787384E-02, 0.9297166E-02, 0.1108455E-01, 0.6273857E-03, 0.3383114E-02, 0.4010500E-02,-0.1464149E-02,-0.5393506E-03,-0.2003500E-02,-0.2414770E-02,-0.1268028E-01,-0.1509505E-01, 0.5742944E+03, 0.4157613E+03,-0.1000502E+03, 0.5421552E+03, 0.1313564E-01, 0.1732694E-01
 0.4805750E+02, 0.1784728E-02, 0.9302747E-02, 0.1108747E-01, 0.6321590E-03, 0.3385091E-02, 0.4017250E-02,-0.1461828E-02,-0.5439217E-03,-0.2005750E-02,-0.2416887E-02,-0.1268784E-01,-0.1510473E-01, 0.5742208E+03, 0.4167030E+03,-0.9989160E+02, 0.5422420E+03, 0.1314354E-01, 0.1733519E-01
 0.4809125E+02, 0.1780754E-02, 0.9311109E-02, 0.1109186E-01, 0.6392822E-03, 0.3388093E-02, 0.4027375E-02,-0.1458355E-02,-0.5507696E-03,-0.2009125E-02,-0.2420036E-02,-0.1269920E-01,-0.1511924E-01, 0.5741080E+03, 0.4181068E+03,-0.9965428E+02, 0.5423723E+03, 0.1315541E-01, 0.1734761E-01
 0.4814187E+02, 0.1774815E-02, 0.9323629E-02, 0.1109844E-01, 0.6498853E-03, 0.3392677E-02, 0.4042563E-02,-0.1453167E-02,-0.5610204E-03,-0.2014187E-02,-0.2424701E-02,-0.1271631E-01,-0.1514101E-01, 0.5739339E+03, 0.4201934E+03,-0.9929975E+02, 0.5425686E+03, 0.1317326E-01, 0.1736628E-01
 0.4821781E+02, 0.1765958E-02, 0.9342358E-02, 0.1110832E-01, 0.6656071E-03, 0.3399737E-02, 0.4065344E-02,-0.1445431E-02,-0.5763507E-03,-0.2021781E-02,-0.2431565E-02,-0.1274209E-01,-0.1517366E-01, 0.5736614E+03, 0.4232802E+03,-0.9877110E+02, 0.5428639E+03, 0.1320012E-01, 0.1739437E-01
 0.4831781E+02, 0.1754377E-02, 0.9366939E-02, 0.1112132E-01, 0.6859954E-03, 0.3409348E-02, 0.4095344E-02,-0.1435320E-02,-0.5964614E-03,-0.2031781E-02,-0.2440372E-02,-0.1277629E-01,-0.1521666E-01, 0.5732823E+03, 0.4272702E+03,-0.9808019E+02, 0.5432542E+03, 0.1323567E-01, 0.1743150E-01
 0.4841781E+02, 0.1742869E-02, 0.9391447E-02, 0.1113432E-01, 0.7060671E-03, 0.3419277E-02, 0.4125344E-02,-0.1425278E-02,-0.6165029E-03,-0.2041781E-02,-0.2448936E-02,-0.1281072E-01,-0.1525966E-01, 0.5728801E+03, 0.4311838E+03,-0.9739402E+02, 0.5436462E+03, 0.1327141E-01, 0.1746879E-01
 0.4851781E+02, 0.1731439E-02, 0.9415876E-02, 0.1114732E-01, 0.7258259E-03, 0.3429518E-02, 0.4155344E-02,-0.1415309E-02,-0.6364725E-03,-0.2051781E-02,-0.2457265E-02,-0.1284539E-01,-0.1530266E-01, 0.5724562E+03, 0.4350224E+03,-0.9671276E+02, 0.5440399E+03, 0.1330732E-01, 0.1750623E-01
 0.4861781E+02, 0.1720089E-02, 0.9440226E-02, 0.1116032E-01, 0.7452756E-03, 0.3440068E-02, 0.4185344E-02,-0.1405413E-02,-0.6563677E-03,-0.2061781E-02,-0.2465365E-02,-0.1288029E-01,-0.1534566E-01, 0.5720120E+03, 0.4387875E+03,-0.9603659E+02, 0.5444351E+03, 0.1334340E-01, 0.1754383E-01
 0.4871781E+02, 0.1708823E-02, 0.9464493E-02, 0.1117332E-01, 0.7644203E-03, 0.3450923E-02, 0.4215344E-02,-0.1395595E-02,-0.6761863E-03,-0.2071781E-02,-0.2473243E-02,-0.1291542E-01,-0.1538866E-01, 0.5715490E+03, 0.4424806E+03,-0.9536565E+02, 0.5448319E+03, 0.1337964E-01, 0.1758157E-01
 0.4881781E+02, 0.1697642E-02, 0.9488674E-02, 0.1118632E-01, 0.7832638E-03, 0.3462080E-02, 0.4245344E-02,-0.1385855E-02,-0.6959259E-03,-0.2081781E-02,-0.2480906E-02,-0.1295075E-01,-0.1543166E-01, 0.5710682E+03, 0.4461031E+03,-0.9470012E+02, 0.5452301E+03, 0.1341604E-01, 0.1761945E-01
 0.4891781E+02, 0.1686550E-02, 0.9512765E-02, 0.1119932E-01, 0.8018101E-03, 0.3473534E-02, 0.4275344E-02,-0.1376197E-02,-0.7155846E-03,-0.2091781E-02,-0.2488360E-02,-0.1298630E-01,-0.1547466E-01, 0.5705710E+03, 0.4496566E+03,-0.9404010E+02, 0.5456299E+03, 0.1345259E-01, 0.1765747E-01
 0.4900000E+02, 0.1677489E-02, 0.9532511E-02, 0.1121000E-01, 0.8168513E-03, 0.3483149E-02, 0.4300000E-02,-0.1368309E-02,-0.7316907E-03,-0.2100000E-02,-0.2494340E-02,-0.1301566E-01,-0.1551000E-01, 0.5701500E+03, 0.4525295E+03,-0.9350114E+02, 0.5459594E+03, 0.1348273E-01, 0.1768882E-01
 0.4901000E+02, 0.1676436E-02, 0.9534865E-02, 0.1121130E-01, 0.8187020E-03, 0.3484298E-02, 0.4303000E-02,-0.1366891E-02,-0.7336095E-03,-0.2100500E-02,-0.2495138E-02,-0.1301916E-01,-0.1551430E-01, 0.5701150E+03, 0.4528914E+03,-0.9340418E+02, 0.5459987E+03, 0.1348633E-01, 0.1769256E-01
 0.4902000E+02, 0.1675383E-02, 0.9537217E-02, 0.1121260E-01, 0.8205497E-03, 0.3485450E-02, 0.4306000E-02,-0.1365473E-02,-0.7355271E-03,-0.2101000E-02,-0.2495933E-02,-0.1302267E-01,-0.1551860E-01, 0.5700798E+03, 0.4532526E+03,-0.9330732E+02, 0.5460380E+03, 0.1348993E-01, 0.1769629E-01
 0.4903500E+02, 0.1673806E-02, 0.9540744E-02, 0.1121455E-01, 0.8233148E-03, 0.3487185E-02, 0.4310500E-02,-0.1363350E-02,-0.7384000E-03,-0.2101750E-02,-0.2497121E-02,-0.1302793E-01,-0.1552505E-01, 0.5700266E+03, 0.4537928E+03,-0.9316225E+02, 0.5460969E+03, 0.1349533E-01, 0.1770189E-01
 0.4905750E+02, 0.1671445E-02, 0.9546030E-02, 0.1121747E-01, 0.8274478E-03, 0.3489802E-02, 0.4317250E-02,-0.1360173E-02,-0.7427018E-03,-0.2102875E-02,-0.2498892E-02,-0.1303583E-01,-0.1553473E-01, 0.5699460E+03, 0.4545998E+03,-0.9294517E+02, 0.5461854E+03, 0.1350344E-01, 0.1771029E-01
 0.4909125E+02, 0.1667912E-02, 0.9553950E-02, 0.1122186E-01, 0.8336147E-03, 0.3493760E-02, 0.4327375E-02,-0.1355425E-02,-0.7491377E-03,-0.2104563E-02,-0.2501527E-02,-0.1304771E-01,-0.1554924E-01, 0.5698234E+03, 0.4558027E+03,-0.9262070E+02, 0.5463181E+03, 0.1351561E-01, 0.1772295E-01
 0.4914187E+02, 0.1662639E-02, 0.9565805E-02, 0.1122844E-01, 0.8427928E-03, 0.3499770E-02, 0.4342562E-02,-0.1348342E-02,-0.7587517E-03,-0.2107094E-02,-0.2505431E-02,-0.1306557E-01,-0.1557101E-01, 0.5696362E+03, 0.4575906E+03,-0.9213670E+02, 0.5465180E+03, 0.1353391E-01, 0.1774196E-01
 0.4921781E+02, 0.1654780E-02, 0.9583536E-02, 0.1123832E-01, 0.8563981E-03, 0.3508946E-02, 0.4365344E-02,-0.1337805E-02,-0.7730858E-03,-0.2110891E-02,-0.2511178E-02,-0.1309248E-01,-0.1560366E-01, 0.5693476E+03, 0.4602354E+03,-0.9141666E+02, 0.5468184E+03, 0.1356143E-01, 0.1777054E-01
 0.4931781E+02, 0.1644520E-02, 0.9606796E-02, 0.1125132E-01, 0.8740355E-03, 0.3521308E-02, 0.4395344E-02,-0.1324077E-02,-0.7918139E-03,-0.2115891E-02,-0.2518555E-02,-0.1312810E-01,-0.1564666E-01, 0.5689535E+03, 0.4636540E+03,-0.9047858E+02, 0.5472154E+03, 0.1359781E-01, 0.1780829E-01
 0.4941781E+02, 0.1634339E-02, 0.9629977E-02, 0.1126432E-01, 0.8913925E-03, 0.3533951E-02, 0.4425344E-02,-0.1310489E-02,-0.8104011E-03,-0.2120891E-02,-0.2525731E-02,-0.1316393E-01,-0.1568966E-01, 0.5685430E+03, 0.4670069E+03,-0.8955012E+02, 0.5476137E+03, 0.1363434E-01, 0.1784618E-01
 0.4951781E+02, 0.1624241E-02, 0.9653075E-02, 0.1127732E-01, 0.9084732E-03, 0.3546871E-02, 0.4455344E-02,-0.1297044E-02,-0.8288462E-03,-0.2125891E-02,-0.2532714E-02,-0.1319994E-01,-0.1573266E-01, 0.5681172E+03, 0.4702956E+03,-0.8863137E+02, 0.5480133E+03, 0.1367100E-01, 0.1788419E-01
 0.4961781E+02, 0.1614227E-02, 0.9676089E-02, 0.1129032E-01, 0.9252816E-03, 0.3560062E-02, 0.4485344E-02,-0.1283742E-02,-0.8471484E-03,-0.2130891E-02,-0.2539509E-02,-0.1323615E-01,-0.1577566E-01, 0.5676772E+03, 0.4735213E+03,-0.8772239E+02, 0.5484143E+03, 0.1370779E-01, 0.1792233E-01
 0.4971781E+02, 0.1604299E-02, 0.9699016E-02, 0.1130332E-01, 0.9418216E-03, 0.3573522E-02, 0.4515344E-02,-0.1270584E-02,-0.8653068E-03,-0.2135891E-02,-0.2546121E-02,-0.1327254E-01,-0.1581866E-01, 0.5672241E+03, 0.4766855E+03,-0.8682323E+02, 0.5488165E+03, 0.1374471E-01, 0.1796059E-01
 0.4981781E+02, 0.1594460E-02, 0.9721856E-02, 0.1131632E-01, 0.9580974E-03, 0.3587246E-02, 0.4545344E-02,-0.1257570E-02,-0.8833208E-03,-0.2140891E-02,-0.2552557E-02,-0.1330910E-01,-0.1586166E-01, 0.5667589E+03, 0.4797894E+03,-0.8593394E+02, 0.5492199E+03, 0.1378176E-01, 0.1799897E-01
 0.4991781E+02, 0.1584709E-02, 0.9744606E-02, 0.1132932E-01, 0.9741129E-03, 0.3601231E-02, 0.4575344E-02,-0.1244701E-02,-0.9011899E-03,-0.2145891E-02,-0.2558822E-02,-0.1334584E-01,-0.1590466E-01, 0.5662827E+03, 0.4828344E+03,-0.8505455E+02, 0.5496246E+03, 0.1381892E-01, 0.1803746E-01
 0.5000000E+02, 0.1576753E-02, 0.9763247E-02, 0.1134000E-01, 0.9870993E-03, 0.3612901E-02, 0.4600000E-02,-0.1234219E-02,-0.9157814E-03,-0.2150000E-02,-0.2563852E-02,-0.1337615E-01,-0.1594000E-01, 0.5658826E+03, 0.4852966E+03,-0.8433827E+02, 0.5499580E+03, 0.1384954E-01, 0.1806918E-01
 0.5001000E+02, 0.1575529E-02, 0.9766271E-02, 0.1134180E-01, 0.9892005E-03, 0.3614799E-02, 0.4604000E-02,-0.1232054E-02,-0.9181461E-03,-0.2150200E-02,-0.2564729E-02,-0.1338107E-01,-0.1594580E-01, 0.5658352E+03, 0.4857037E+03,-0.8419035E+02, 0.5500122E+03, 0.1385451E-01, 0.1807432E-01
 0.5002000E+02, 0.1574306E-02, 0.9769294E-02, 0.1134360E-01, 0.9912972E-03, 0.3616703E-02, 0.4608000E-02,-0.1229892E-02,-0.9205076E-03,-0.2150400E-02,-0.2565603E-02,-0.1338600E-01,-0.1595160E-01, 0.5657875E+03, 0.4861097E+03,-0.8404264E+02, 0.5500662E+03, 0.1385949E-01, 0.1807946E-01
 0.5003500E+02, 0.1572475E-02, 0.9773824E-02, 0.1134630E-01, 0.9944321E-03, 0.3619568E-02, 0.4614000E-02,-0.1226658E-02,-0.9240418E-03,-0.2150700E-02,-0.2566907E-02,-0.1339339E-01,-0.1596030E-01, 0.5657156E+03, 0.4867164E+03,-0.8382165E+02, 0.5501474E+03, 0.1386696E-01, 0.1808717E-01
 0.5005750E+02, 0.1569738E-02, 0.9780613E-02, 0.1135035E-01, 0.9991119E-03, 0.3623888E-02, 0.4623000E-02,-0.1221825E-02,-0.9293251E-03,-0.2151150E-02,-0.2568849E-02,-0.1340450E-01,-0.1597335E-01, 0.5656069E+03, 0.4876214E+03,-0.8349137E+02, 0.5502692E+03, 0.1387817E-01, 0.1809878E-01
 0.5009125E+02, 0.1565651E-02, 0.9790774E-02, 0.1135643E-01, 0.1006082E-02, 0.3630418E-02, 0.4636500E-02,-0.1214616E-02,-0.9372088E-03,-0.2151825E-02,-0.2571732E-02,-0.1342119E-01,-0.1599293E-01, 0.5654423E+03, 0.4889679E+03,-0.8299878E+02, 0.5504524E+03, 0.1389501E-01, 0.1811621E-01
 0.5014187E+02, 0.1559562E-02, 0.9805975E-02, 0.1136554E-01, 0.1016424E-02, 0.3640326E-02, 0.4656750E-02,-0.1203894E-02,-0.9489434E-03,-0.2152838E-02,-0.2575986E-02,-0.1344630E-01,-0.1602229E-01, 0.5651915E+03, 0.4909627E+03,-0.8226610E+02, 0.5507277E+03, 0.1392031E-01, 0.1814239E-01
 0.5021781E+02, 0.1550523E-02, 0.9828684E-02, 0.1137921E-01, 0.1031690E-02, 0.3655435E-02, 0.4687125E-02,-0.1188014E-02,-0.9663422E-03,-0.2154356E-02,-0.2582212E-02,-0.1348412E-01,-0.1606633E-01, 0.5648071E+03, 0.4939000E+03,-0.8118096E+02, 0.5511416E+03, 0.1395836E-01, 0.1818177E-01
 0.5031781E+02, 0.1538779E-02, 0.9858428E-02, 0.1139721E-01, 0.1051368E-02, 0.3675757E-02, 0.4727125E-02,-0.1167448E-02,-0.9889082E-03,-0.2156356E-02,-0.2590146E-02,-0.1353418E-01,-0.1612433E-01, 0.5642864E+03, 0.4976736E+03,-0.7977561E+02, 0.5516885E+03, 0.1400864E-01, 0.1823378E-01
 0.5041781E+02, 0.1527184E-02, 0.9888022E-02, 0.1141521E-01, 0.1070621E-02, 0.3696504E-02, 0.4767125E-02,-0.1147217E-02,-0.1011140E-02,-0.2158356E-02,-0.2597805E-02,-0.1358453E-01,-0.1618233E-01, 0.5637485E+03, 0.5013515E+03,-0.7839314E+02, 0.5522373E+03, 0.1405911E-01, 0.1828599E-01
 0.5051781E+02, 0.1515742E-02, 0.9917465E-02, 0.1143321E-01, 0.1089458E-02, 0.3717667E-02, 0.4807125E-02,-0.1127319E-02,-0.1033037E-02,-0.2160356E-02,-0.2605200E-02,-0.1363513E-01,-0.1624033E-01, 0.5631953E+03, 0.5049366E+03,-0.7703346E+02, 0.5527879E+03, 0.1410975E-01, 0.1833836E-01
 0.5061781E+02, 0.1504453E-02, 0.9946753E-02, 0.1145121E-01, 0.1107890E-02, 0.3739235E-02, 0.4847125E-02,-0.1107753E-02,-0.1054603E-02,-0.2162356E-02,-0.2612343E-02,-0.1368599E-01,-0.1629833E-01, 0.5626288E+03, 0.5084318E+03,-0.7569647E+02, 0.5533404E+03, 0.1416056E-01, 0.1839091E-01
 0.5071781E+02, 0.1493320E-02, 0.9975886E-02, 0.1146921E-01, 0.1125925E-02, 0.3761200E-02, 0.4887125E-02,-0.1088518E-02,-0.1075838E-02,-0.2164356E-02,-0.2619245E-02,-0.1373709E-01,-0.1635633E-01, 0.5620506E+03, 0.5118399E+03,-0.7438205E+02, 0.5538945E+03, 0.1421153E-01, 0.1844362E-01
 0.5081781E+02, 0.1482346E-02, 0.1000486E-01, 0.1148721E-01, 0.1143572E-02, 0.3783553E-02, 0.4927125E-02,-0.1069610E-02,-0.1096746E-02,-0.2166356E-02,-0.2625917E-02,-0.1378841E-01,-0.1641433E-01, 0.5614626E+03, 0.5151635E+03,-0.7309005E+02, 0.5544503E+03, 0.1426264E-01, 0.1849649E-01
 0.5091781E+02, 0.1471530E-02, 0.1003368E-01, 0.1150521E-01, 0.1160840E-02, 0.3806285E-02, 0.4967125E-02,-0.1051029E-02,-0.1117327E-02,-0.2168356E-02,-0.2632370E-02,-0.1383996E-01,-0.1647233E-01, 0.5608662E+03, 0.5184053E+03,-0.7182031E+02, 0.5550076E+03, 0.1431389E-01, 0.1854950E-01
 0.5100000E+02, 0.1462743E-02, 0.1005726E-01, 0.1152000E-01, 0.1174777E-02, 0.3825223E-02, 0.5000000E-02,-0.1035972E-02,-0.1134028E-02,-0.2170000E-02,-0.2637520E-02,-0.1388248E-01,-0.1652000E-01, 0.5603693E+03, 0.5210139E+03,-0.7079144E+02, 0.5554668E+03, 0.1435611E-01, 0.1859318E-01
 0.5101000E+02, 0.1461952E-02, 0.1005935E-01, 0.1152130E-01, 0.1176095E-02, 0.3826905E-02, 0.5003000E-02,-0.1034093E-02,-0.1135507E-02,-0.2169600E-02,-0.2638047E-02,-0.1388625E-01,-0.1652430E-01, 0.5603331E+03, 0.5212660E+03,-0.7066303E+02, 0.5555076E+03, 0.1435986E-01, 0.1859706E-01
 0.5102000E+02, 0.1461161E-02, 0.1006144E-01, 0.1152260E-01, 0.1177410E-02, 0.3828590E-02, 0.5006000E-02,-0.1032216E-02,-0.1136984E-02,-0.2169200E-02,-0.2638571E-02,-0.1389003E-01,-0.1652860E-01, 0.5602968E+03, 0.5215175E+03,-0.7053477E+02, 0.5555483E+03, 0.1436361E-01, 0.1860093E-01
 0.5103500E+02, 0.1459977E-02, 0.1006457E-01, 0.1152455E-01, 0.1179378E-02, 0.3831122E-02, 0.5010500E-02,-0.1029406E-02,-0.1139194E-02,-0.2168600E-02,-0.2639356E-02,-0.1389569E-01,-0.1653505E-01, 0.5602422E+03, 0.5218936E+03,-0.7034277E+02, 0.5556094E+03, 0.1436923E-01, 0.1860673E-01
 0.5105750E+02, 0.1458205E-02, 0.1006927E-01, 0.1152748E-01, 0.1182320E-02, 0.3834930E-02, 0.5017250E-02,-0.1025204E-02,-0.1142496E-02,-0.2167700E-02,-0.2640525E-02,-0.1390420E-01,-0.1654473E-01, 0.5601599E+03, 0.5224556E+03,-0.7005563E+02, 0.5557010E+03, 0.1437768E-01, 0.1861544E-01
 0.5109125E+02, 0.1455557E-02, 0.1007631E-01, 0.1153186E-01, 0.1186708E-02, 0.3840666E-02, 0.5027375E-02,-0.1018929E-02,-0.1147421E-02,-0.2166350E-02,-0.2642265E-02,-0.1391697E-01,-0.1655924E-01, 0.5600356E+03, 0.5232930E+03,-0.6962680E+02, 0.5558385E+03, 0.1439035E-01, 0.1862854E-01
 0.5114187E+02, 0.1451606E-02, 0.1008684E-01, 0.1153844E-01, 0.1193239E-02, 0.3849324E-02, 0.5042562E-02,-0.1009579E-02,-0.1154746E-02,-0.2164325E-02,-0.2644845E-02,-0.1393616E-01,-0.1658101E-01, 0.5598483E+03, 0.5245380E+03,-0.6898789E+02, 0.5560454E+03, 0.1440937E-01, 0.1864822E-01
 0.5121781E+02, 0.1445728E-02, 0.1010259E-01, 0.1154832E-01, 0.1202915E-02, 0.3862429E-02, 0.5065344E-02,-0.9956941E-03,-0.1165593E-02,-0.2161287E-02,-0.2648643E-02,-0.1396502E-01,-0.1661366E-01, 0.5595640E+03, 0.5263796E+03,-0.6803910E+02, 0.5563562E+03, 0.1443795E-01, 0.1867779E-01
 0.5131781E+02, 0.1438068E-02, 0.1012325E-01, 0.1156132E-01, 0.1215454E-02, 0.3879890E-02, 0.5095344E-02,-0.9776490E-03,-0.1179639E-02,-0.2157288E-02,-0.2653522E-02,-0.1400314E-01,-0.1665666E-01, 0.5591840E+03, 0.5287599E+03,-0.6680602E+02, 0.5567664E+03, 0.1447567E-01, 0.1871681E-01
 0.5141781E+02, 0.1430484E-02, 0.1014383E-01, 0.1157432E-01, 0.1227786E-02, 0.3897558E-02, 0.5125344E-02,-0.9598374E-03,-0.1193450E-02,-0.2153287E-02,-0.2658271E-02,-0.1404139E-01,-0.1669966E-01, 0.5587965E+03, 0.5310944E+03,-0.6558889E+02, 0.5571775E+03, 0.1451347E-01, 0.1875591E-01
 0.5151781E+02, 0.1422977E-02, 0.1016434E-01, 0.1158732E-01, 0.1239917E-02, 0.3915427E-02, 0.5155344E-02,-0.9422580E-03,-0.1207030E-02,-0.2149288E-02,-0.2662894E-02,-0.1407977E-01,-0.1674266E-01, 0.5584024E+03, 0.5333842E+03,-0.6438763E+02, 0.5575897E+03, 0.1455135E-01, 0.1879511E-01
 0.5161781E+02, 0.1415547E-02, 0.1018477E-01, 0.1160032E-01, 0.1251850E-02, 0.3933494E-02, 0.5185344E-02,-0.9249091E-03,-0.1220378E-02,-0.2145288E-02,-0.2667397E-02,-0.1411826E-01,-0.1678566E-01, 0.5580023E+03, 0.5356303E+03,-0.6320212E+02, 0.5580026E+03, 0.1458931E-01, 0.1883440E-01
 0.5171781E+02, 0.1408195E-02, 0.1020512E-01, 0.1161332E-01, 0.1263588E-02, 0.3951756E-02, 0.5215344E-02,-0.9077891E-03,-0.1233498E-02,-0.2141288E-02,-0.2671782E-02,-0.1415688E-01,-0.1682866E-01, 0.5575968E+03, 0.5378339E+03,-0.6203225E+02, 0.5584165E+03, 0.1462734E-01, 0.1887377E-01
 0.5181781E+02, 0.1400921E-02, 0.1022539E-01, 0.1162632E-01, 0.1275134E-02, 0.3970210E-02, 0.5245344E-02,-0.8908962E-03,-0.1246391E-02,-0.2137287E-02,-0.2676055E-02,-0.1419560E-01,-0.1687166E-01, 0.5571867E+03, 0.5399958E+03,-0.6087791E+02, 0.5588312E+03, 0.1466545E-01, 0.1891322E-01
 0.5191781E+02, 0.1393726E-02, 0.1024559E-01, 0.1163932E-01, 0.1286493E-02, 0.3988851E-02, 0.5275344E-02,-0.8742288E-03,-0.1259059E-02,-0.2133288E-02,-0.2680219E-02,-0.1423444E-01,-0.1691466E-01, 0.5567725E+03, 0.5421173E+03,-0.5973897E+02, 0.5592468E+03, 0.1470363E-01, 0.1895275E-01
 0.5200000E+02, 0.1387864E-02, 0.1026214E-01, 0.1165000E-01, 0.1295701E-02, 0.4004299E-02, 0.5300000E-02,-0.8606798E-03,-0.1269320E-02,-0.2130000E-02,-0.2683565E-02,-0.1426644E-01,-0.1695000E-01, 0.5564285E+03, 0.5438330E+03,-0.5881312E+02, 0.5595890E+03, 0.1473505E-01, 0.1898529E-01
 0.5201000E+02, 0.1387264E-02, 0.1026424E-01, 0.1165150E-01, 0.1296738E-02, 0.4006262E-02, 0.5303000E-02,-0.8587798E-03,-0.1270620E-02,-0.2129400E-02,-0.2684002E-02,-0.1427050E-01,-0.1695450E-01, 0.5564062E+03, 0.5440344E+03,-0.5868329E+02, 0.5596324E+03, 0.1473904E-01, 0.1898942E-01
 0.5202000E+02, 0.1386664E-02, 0.1026634E-01, 0.1165300E-01, 0.1297773E-02, 0.4008227E-02, 0.5306000E-02,-0.8568825E-03,-0.1271917E-02,-0.2128800E-02,-0.2684437E-02,-0.1427456E-01,-0.1695900E-01, 0.5563839E+03, 0.5442355E+03,-0.5855363E+02, 0.5596758E+03, 0.1474303E-01, 0.1899355E-01
 0.5203500E+02, 0.1385767E-02, 0.1026948E-01, 0.1165525E-01, 0.1299322E-02, 0.4011178E-02, 0.5310500E-02,-0.8540427E-03,-0.1273857E-02,-0.2127900E-02,-0.2685089E-02,-0.1428066E-01,-0.1696575E-01, 0.5563502E+03, 0.5445361E+03,-0.5835958E+02, 0.5597409E+03, 0.1474902E-01, 0.1899973E-01
 0.5205750E+02, 0.1384424E-02, 0.1027420E-01, 0.1165862E-01, 0.1301637E-02, 0.4015613E-02, 0.5317250E-02,-0.8497969E-03,-0.1276753E-02,-0.2126550E-02,-0.2686060E-02,-0.1428981E-01,-0.1697587E-01, 0.5562996E+03, 0.5449853E+03,-0.5806945E+02, 0.5598386E+03, 0.1475801E-01, 0.1900901E-01
 0.5209125E+02, 0.1382418E-02, 0.1028127E-01, 0.1166369E-01, 0.1305089E-02, 0.4022286E-02, 0.5327375E-02,-0.8434593E-03,-0.1281066E-02,-0.2124525E-02,-0.2687507E-02,-0.1430356E-01,-0.1699106E-01, 0.5562231E+03, 0.5456547E+03,-0.5763639E+02, 0.5599851E+03, 0.1477149E-01, 0.1902297E-01
 0.5214187E+02, 0.1379430E-02, 0.1029185E-01, 0.1167128E-01, 0.1310225E-02, 0.4032338E-02, 0.5342562E-02,-0.8340236E-03,-0.1287464E-02,-0.2121488E-02,-0.2689654E-02,-0.1432419E-01,-0.1701384E-01, 0.5561082E+03, 0.5466501E+03,-0.5699161E+02, 0.5602055E+03, 0.1479173E-01, 0.1904394E-01
 0.5221781E+02, 0.1374989E-02, 0.1030768E-01, 0.1168267E-01, 0.1317833E-02, 0.4047511E-02, 0.5365344E-02,-0.8200259E-03,-0.1296905E-02,-0.2116931E-02,-0.2692822E-02,-0.1435519E-01,-0.1704802E-01, 0.5559343E+03, 0.5481229E+03,-0.5603510E+02, 0.5605365E+03, 0.1482213E-01, 0.1907542E-01
 0.5231781E+02, 0.1369214E-02, 0.1032846E-01, 0.1169767E-01, 0.1327688E-02, 0.4067656E-02, 0.5395344E-02,-0.8018590E-03,-0.1309072E-02,-0.2110931E-02,-0.2696901E-02,-0.1439611E-01,-0.1709302E-01, 0.5557024E+03, 0.5500272E+03,-0.5479370E+02, 0.5609730E+03, 0.1486221E-01, 0.1911694E-01
 0.5241781E+02, 0.1363506E-02, 0.1034917E-01, 0.1171267E-01, 0.1337377E-02, 0.4087967E-02, 0.5425344E-02,-0.7839530E-03,-0.1320978E-02,-0.2104931E-02,-0.2700882E-02,-0.1443713E-01,-0.1713802E-01, 0.5554664E+03, 0.5518954E+03,-0.5357012E+02, 0.5614102E+03, 0.1490235E-01, 0.1915853E-01
 0.5251781E+02, 0.1357866E-02, 0.1036981E-01, 0.1172767E-01, 0.1346904E-02, 0.4108440E-02, 0.5455344E-02,-0.7663051E-03,-0.1332626E-02,-0.2098931E-02,-0.2704770E-02,-0.1447825E-01,-0.1718302E-01, 0.5552269E+03, 0.5537287E+03,-0.5236418E+02, 0.5618482E+03, 0.1494255E-01, 0.1920019E-01
 0.5261781E+02, 0.1352295E-02, 0.1039038E-01, 0.1174267E-01, 0.1356272E-02, 0.4129072E-02, 0.5485344E-02,-0.7489125E-03,-0.1344019E-02,-0.2092931E-02,-0.2708567E-02,-0.1451945E-01,-0.1722802E-01, 0.5549844E+03, 0.5555279E+03,-0.5117569E+02, 0.5622868E+03, 0.1498281E-01, 0.1924192E-01
 0.5271781E+02, 0.1346792E-02, 0.1041088E-01, 0.1175767E-01, 0.1365484E-02, 0.4149859E-02, 0.5515344E-02,-0.7317723E-03,-0.1355159E-02,-0.2086931E-02,-0.2712276E-02,-0.1456074E-01,-0.1727302E-01, 0.5547393E+03, 0.5572939E+03,-0.5000444E+02, 0.5627261E+03, 0.1502312E-01, 0.1928370E-01
 0.5281781E+02, 0.1341358E-02, 0.1043131E-01, 0.1177267E-01, 0.1374544E-02, 0.4170799E-02, 0.5545344E-02,-0.7148818E-03,-0.1366050E-02,-0.2080931E-02,-0.2715902E-02,-0.1460211E-01,-0.1731802E-01, 0.5544921E+03, 0.5590276E+03,-0.4885025E+02, 0.5631661E+03, 0.1506348E-01, 0.1932555E-01
 0.5291781E+02, 0.1335992E-02, 0.1045168E-01, 0.1178767E-01, 0.1383455E-02, 0.4191888E-02, 0.5575344E-02,-0.6982379E-03,-0.1376693E-02,-0.2074931E-02,-0.2719447E-02,-0.1464357E-01,-0.1736302E-01, 0.5542433E+03, 0.5607300E+03,-0.4771292E+02, 0.5636067E+03, 0.1510389E-01, 0.1936746E-01
 0.5300000E+02, 0.1331626E-02, 0.1046837E-01, 0.1180000E-01, 0.1390678E-02, 0.4209322E-02, 0.5600000E-02,-0.6847229E-03,-0.1385277E-02,-0.2070000E-02,-0.2722304E-02,-0.1467770E-01,-0.1740000E-01, 0.5540372E+03, 0.5621075E+03,-0.4678939E+02, 0.5639692E+03, 0.1513714E-01, 0.1940195E-01
 0.5301000E+02, 0.1330797E-02, 0.1047010E-01, 0.1180090E-01, 0.1391869E-02, 0.4211131E-02, 0.5603000E-02,-0.6824360E-03,-0.1386164E-02,-0.2068600E-02,-0.2722666E-02,-0.1468123E-01,-0.1740390E-01, 0.5539733E+03, 0.5623197E+03,-0.4663313E+02, 0.5640068E+03, 0.1514059E-01, 0.1940552E-01
 0.5302000E+02, 0.1329968E-02, 0.1047183E-01, 0.1180180E-01, 0.1393058E-02, 0.4212942E-02, 0.5606000E-02,-0.6801519E-03,-0.1387048E-02,-0.2067200E-02,-0.2723026E-02,-0.1468477E-01,-0.1740780E-01, 0.5539092E+03, 0.5625315E+03,-0.4647704E+02, 0.5640444E+03, 0.1514403E-01, 0.1940910E-01
 0.5303500E+02, 0.1328727E-02, 0.1047442E-01, 0.1180315E-01, 0.1394837E-02, 0.4215662E-02, 0.5610500E-02,-0.6767319E-03,-0.1388368E-02,-0.2065100E-02,-0.2723564E-02,-0.1469009E-01,-0.1741365E-01, 0.5538130E+03, 0.5628482E+03,-0.4624335E+02, 0.5641008E+03, 0.1514921E-01, 0.1941445E-01
 0.5305750E+02, 0.1326868E-02, 0.1047831E-01, 0.1180517E-01, 0.1397497E-02, 0.4219753E-02, 0.5617250E-02,-0.6716162E-03,-0.1390334E-02,-0.2061950E-02,-0.2724365E-02,-0.1469806E-01,-0.1742243E-01, 0.5536685E+03, 0.5633212E+03,-0.4589377E+02, 0.5641853E+03, 0.1515697E-01, 0.1942248E-01
 0.5309125E+02, 0.1324088E-02, 0.1048412E-01, 0.1180821E-01, 0.1401465E-02, 0.4225910E-02, 0.5627375E-02,-0.6639741E-03,-0.1393251E-02,-0.2057225E-02,-0.2725553E-02,-0.1471003E-01,-0.1743559E-01, 0.5534510E+03, 0.5640259E+03,-0.4537157E+02, 0.5643122E+03, 0.1516863E-01, 0.1943458E-01
 0.5314187E+02, 0.1319939E-02, 0.1049283E-01, 0.1181277E-01, 0.1407370E-02, 0.4235192E-02, 0.5642563E-02,-0.6525826E-03,-0.1397555E-02,-0.2050137E-02,-0.2727309E-02,-0.1472802E-01,-0.1745533E-01, 0.5531240E+03, 0.5650729E+03,-0.4459314E+02, 0.5645031E+03, 0.1518612E-01, 0.1945274E-01
 0.5321781E+02, 0.1313759E-02, 0.1050584E-01, 0.1181960E-01, 0.1416123E-02, 0.4249221E-02, 0.5665344E-02,-0.6356542E-03,-0.1403852E-02,-0.2039506E-02,-0.2729881E-02,-0.1475507E-01,-0.1748495E-01, 0.5526308E+03, 0.5666205E+03,-0.4343637E+02, 0.5647901E+03, 0.1521241E-01, 0.1948003E-01
 0.5331781E+02, 0.1305693E-02, 0.1052291E-01, 0.1182860E-01, 0.1427466E-02, 0.4267878E-02, 0.5695344E-02,-0.6136340E-03,-0.1411872E-02,-0.2025506E-02,-0.2733159E-02,-0.1479079E-01,-0.1752395E-01, 0.5519764E+03, 0.5686187E+03,-0.4193166E+02, 0.5651689E+03, 0.1524709E-01, 0.1951607E-01
 0.5341781E+02, 0.1297696E-02, 0.1053991E-01, 0.1183760E-01, 0.1438623E-02, 0.4286721E-02, 0.5725344E-02,-0.5918816E-03,-0.1419625E-02,-0.2011506E-02,-0.2736319E-02,-0.1482663E-01,-0.1756295E-01, 0.5513154E+03, 0.5705754E+03,-0.4044524E+02, 0.5655487E+03, 0.1528184E-01, 0.1955220E-01
 0.5351781E+02, 0.1289769E-02, 0.1055683E-01, 0.1184660E-01, 0.1449598E-02, 0.4305746E-02, 0.5755344E-02,-0.5703954E-03,-0.1427111E-02,-0.1997506E-02,-0.2739366E-02,-0.1486258E-01,-0.1760195E-01, 0.5506484E+03, 0.5724917E+03,-0.3897702E+02, 0.5659297E+03, 0.1531668E-01, 0.1958843E-01
 0.5361781E+02, 0.1281911E-02, 0.1057369E-01, 0.1185560E-01, 0.1460393E-02, 0.4324951E-02, 0.5785344E-02,-0.5491737E-03,-0.1434333E-02,-0.1983506E-02,-0.2742304E-02,-0.1489864E-01,-0.1764095E-01, 0.5499761E+03, 0.5743686E+03,-0.3752687E+02, 0.5663116E+03, 0.1535158E-01, 0.1962476E-01
 0.5371781E+02, 0.1274125E-02, 0.1059048E-01, 0.1186460E-01, 0.1471013E-02, 0.4344331E-02, 0.5815344E-02,-0.5282145E-03,-0.1441292E-02,-0.1969506E-02,-0.2745137E-02,-0.1493481E-01,-0.1767995E-01, 0.5492991E+03, 0.5762072E+03,-0.3609466E+02, 0.5666945E+03, 0.1538655E-01, 0.1966118E-01
 0.5381781E+02, 0.1266410E-02, 0.1060719E-01, 0.1187360E-01, 0.1481459E-02, 0.4363884E-02, 0.5845344E-02,-0.5075160E-03,-0.1447990E-02,-0.1955506E-02,-0.2747869E-02,-0.1497108E-01,-0.1771895E-01, 0.5486182E+03, 0.5780082E+03,-0.3468026E+02, 0.5670783E+03, 0.1542158E-01, 0.1969769E-01
 0.5391781E+02, 0.1258767E-02, 0.1062384E-01, 0.1188260E-01, 0.1491737E-02, 0.4383607E-02, 0.5875344E-02,-0.4870762E-03,-0.1454430E-02,-0.1941506E-02,-0.2750504E-02,-0.1500744E-01,-0.1775795E-01, 0.5479338E+03, 0.5797729E+03,-0.3328354E+02, 0.5674630E+03, 0.1545667E-01, 0.1973429E-01
 0.5400000E+02, 0.1252533E-02, 0.1063747E-01, 0.1189000E-01, 0.1500067E-02, 0.4399932E-02, 0.5900000E-02,-0.4704500E-03,-0.1459550E-02,-0.1930000E-02,-0.2752600E-02,-0.1503740E-01,-0.1779000E-01, 0.5473681E+03, 0.5811979E+03,-0.3214742E+02, 0.5677799E+03, 0.1548556E-01, 0.1976443E-01
 0.5401000E+02, 0.1251898E-02, 0.1063920E-01, 0.1189110E-01, 0.1500987E-02, 0.4402013E-02, 0.5903000E-02,-0.4681012E-03,-0.1460199E-02,-0.1928300E-02,-0.2752885E-02,-0.1504122E-01,-0.1779410E-01, 0.5473203E+03, 0.5813625E+03,-0.3198692E+02, 0.5678202E+03, 0.1548923E-01, 0.1976826E-01
 0.5402000E+02, 0.1251263E-02, 0.1064094E-01, 0.1189220E-01, 0.1501905E-02, 0.4404095E-02, 0.5906000E-02,-0.4657556E-03,-0.1460844E-02,-0.1926600E-02,-0.2753168E-02,-0.1504503E-01,-0.1779820E-01, 0.5472723E+03, 0.5815267E+03,-0.3182663E+02, 0.5678605E+03, 0.1549291E-01, 0.1977210E-01
 0.5403500E+02, 0.1250313E-02, 0.1064354E-01, 0.1189385E-01, 0.1503279E-02, 0.4407221E-02, 0.5910500E-02,-0.4622443E-03,-0.1461806E-02,-0.1924050E-02,-0.2753592E-02,-0.1505076E-01,-0.1780435E-01, 0.5472003E+03, 0.5817723E+03,-0.3158669E+02, 0.5679211E+03, 0.1549844E-01, 0.1977785E-01
 0.5405750E+02, 0.1248891E-02, 0.1064743E-01, 0.1189633E-01, 0.1505331E-02, 0.4411919E-02, 0.5917250E-02,-0.4569932E-03,-0.1463232E-02,-0.1920225E-02,-0.2754222E-02,-0.1505935E-01,-0.1781357E-01, 0.5470921E+03, 0.5821390E+03,-0.3122787E+02, 0.5680118E+03, 0.1550672E-01, 0.1978647E-01
 0.5409125E+02, 0.1246765E-02, 0.1065327E-01, 0.1190004E-01, 0.1508393E-02, 0.4418982E-02, 0.5927375E-02,-0.4491524E-03,-0.1465335E-02,-0.1914488E-02,-0.2755157E-02,-0.1507225E-01,-0.1782741E-01, 0.5469294E+03, 0.5826852E+03,-0.3069208E+02, 0.5681480E+03, 0.1551915E-01, 0.1979944E-01
 0.5414187E+02, 0.1243594E-02, 0.1066201E-01, 0.1190561E-01, 0.1512947E-02, 0.4429615E-02, 0.5942562E-02,-0.4374716E-03,-0.1468410E-02,-0.1905881E-02,-0.2756541E-02,-0.1509163E-01,-0.1784817E-01, 0.5466850E+03, 0.5834967E+03,-0.2989389E+02, 0.5683528E+03, 0.1553781E-01, 0.1981893E-01
 0.5421781E+02, 0.1238875E-02, 0.1067508E-01, 0.1191396E-01, 0.1519694E-02, 0.4445650E-02, 0.5965344E-02,-0.4201292E-03,-0.1472843E-02,-0.1892972E-02,-0.2758568E-02,-0.1512074E-01,-0.1787930E-01, 0.5463171E+03, 0.5846957E+03,-0.2870883E+02, 0.5686605E+03, 0.1556583E-01, 0.1984820E-01
 0.5431781E+02, 0.1232724E-02, 0.1069224E-01, 0.1192496E-01, 0.1528429E-02, 0.4466915E-02, 0.5995344E-02,-0.3975977E-03,-0.1478374E-02,-0.1875972E-02,-0.2761154E-02,-0.1515915E-01,-0.1792030E-01, 0.5458300E+03, 0.5862430E+03,-0.2716917E+02, 0.5690666E+03, 0.1560277E-01, 0.1988682E-01
 0.5441781E+02, 0.1226634E-02, 0.1070932E-01, 0.1193596E-01, 0.1537015E-02, 0.4488329E-02, 0.6025344E-02,-0.3753678E-03,-0.1483604E-02,-0.1858972E-02,-0.2763649E-02,-0.1519765E-01,-0.1796130E-01, 0.5453387E+03, 0.5877574E+03,-0.2565014E+02, 0.5694734E+03, 0.1563978E-01, 0.1992552E-01
 0.5451781E+02, 0.1220605E-02, 0.1072636E-01, 0.1194696E-01, 0.1545453E-02, 0.4509891E-02, 0.6055344E-02,-0.3534367E-03,-0.1488535E-02,-0.1841972E-02,-0.2766058E-02,-0.1523625E-01,-0.1800230E-01, 0.5448438E+03, 0.5892397E+03,-0.2415151E+02, 0.5698811E+03, 0.1567684E-01, 0.1996431E-01
 0.5461781E+02, 0.1214636E-02, 0.1074332E-01, 0.1195796E-01, 0.1553747E-02, 0.4531597E-02, 0.6085344E-02,-0.3318014E-03,-0.1493170E-02,-0.1824972E-02,-0.2768383E-02,-0.1527492E-01,-0.1804330E-01, 0.5443459E+03, 0.5906911E+03,-0.2267310E+02, 0.5702897E+03, 0.1571395E-01, 0.2000317E-01
 0.5471781E+02, 0.1208729E-02, 0.1076023E-01, 0.1196896E-01, 0.1561900E-02, 0.4553444E-02, 0.6115344E-02,-0.3104589E-03,-0.1497513E-02,-0.1807972E-02,-0.2770629E-02,-0.1531367E-01,-0.1808430E-01, 0.5438455E+03, 0.5921122E+03,-0.2121469E+02, 0.5706991E+03, 0.1575111E-01, 0.2004211E-01
 0.5481781E+02, 0.1202884E-02, 0.1077708E-01, 0.1197996E-01, 0.1569915E-02, 0.4575429E-02, 0.6145344E-02,-0.2894060E-03,-0.1501566E-02,-0.1790972E-02,-0.2772798E-02,-0.1535251E-01,-0.1812530E-01, 0.5433431E+03, 0.5935041E+03,-0.1977608E+02, 0.5711093E+03, 0.1578832E-01, 0.2008112E-01
 0.5491781E+02, 0.1197100E-02, 0.1079386E-01, 0.1199096E-01, 0.1577794E-02, 0.4597550E-02, 0.6175344E-02,-0.2686397E-03,-0.1505332E-02,-0.1773972E-02,-0.2774894E-02,-0.1539141E-01,-0.1816630E-01, 0.5428393E+03, 0.5948674E+03,-0.1835705E+02, 0.5715202E+03, 0.1582558E-01, 0.2012021E-01
 0.5500000E+02, 0.1192387E-02, 0.1080761E-01, 0.1200000E-01, 0.1584178E-02, 0.4615822E-02, 0.6200000E-02,-0.2517638E-03,-0.1508236E-02,-0.1760000E-02,-0.2776565E-02,-0.1542343E-01,-0.1820000E-01, 0.5424235E+03, 0.5959681E+03,-0.1720386E+02, 0.5718584E+03, 0.1585623E-01, 0.2015239E-01
 0.5501000E+02, 0.1192251E-02, 0.1080955E-01, 0.1200180E-01, 0.1584605E-02, 0.4618396E-02, 0.6203000E-02,-0.2489596E-03,-0.1508640E-02,-0.1757600E-02,-0.2776856E-02,-0.1542794E-01,-0.1820480E-01, 0.5424447E+03, 0.5960663E+03,-0.1701224E+02, 0.5719060E+03, 0.1586055E-01, 0.2015691E-01
 0.5502000E+02, 0.1192115E-02, 0.1081148E-01, 0.1200360E-01, 0.1585030E-02, 0.4620970E-02, 0.6206000E-02,-0.2461598E-03,-0.1509040E-02,-0.1755200E-02,-0.2777146E-02,-0.1543245E-01,-0.1820960E-01, 0.5424657E+03, 0.5961641E+03,-0.1682092E+02, 0.5719536E+03, 0.1586486E-01, 0.2016143E-01
 0.5503500E+02, 0.1191912E-02, 0.1081439E-01, 0.1200630E-01, 0.1585667E-02, 0.4624833E-02, 0.6210500E-02,-0.2419703E-03,-0.1509630E-02,-0.1751600E-02,-0.2777579E-02,-0.1543922E-01,-0.1821680E-01, 0.5424970E+03, 0.5963102E+03,-0.1653464E+02, 0.5720250E+03, 0.1587134E-01, 0.2016822E-01
 0.5505750E+02, 0.1191606E-02, 0.1081874E-01, 0.1201035E-01, 0.1586618E-02, 0.4630632E-02, 0.6217250E-02,-0.2357087E-03,-0.1510491E-02,-0.1746200E-02,-0.2778223E-02,-0.1544938E-01,-0.1822760E-01, 0.5425433E+03, 0.5965283E+03,-0.1610676E+02, 0.5721321E+03, 0.1588106E-01, 0.2017841E-01
 0.5509125E+02, 0.1191148E-02, 0.1082528E-01, 0.1201642E-01, 0.1588034E-02, 0.4639341E-02, 0.6227375E-02,-0.2263673E-03,-0.1511733E-02,-0.1738100E-02,-0.2779182E-02,-0.1546462E-01,-0.1824380E-01, 0.5426118E+03, 0.5968528E+03,-0.1546843E+02, 0.5722930E+03, 0.1589564E-01, 0.2019373E-01
 0.5514187E+02, 0.1190464E-02, 0.1083507E-01, 0.1202554E-01, 0.1590135E-02, 0.4652428E-02, 0.6242562E-02,-0.2124688E-03,-0.1513481E-02,-0.1725950E-02,-0.2780599E-02,-0.1548750E-01,-0.1826810E-01, 0.5427119E+03, 0.5973336E+03,-0.1451870E+02, 0.5725346E+03, 0.1591754E-01, 0.2021671E-01
 0.5521781E+02, 0.1189440E-02, 0.1084977E-01, 0.1203921E-01, 0.1593236E-02, 0.4672107E-02, 0.6265344E-02,-0.1918737E-03,-0.1515851E-02,-0.1707725E-02,-0.2782677E-02,-0.1552187E-01,-0.1830455E-01, 0.5428560E+03, 0.5980414E+03,-0.1311137E+02, 0.5728975E+03, 0.1595041E-01, 0.2025123E-01
 0.5531781E+02, 0.1188099E-02, 0.1086911E-01, 0.1205721E-01, 0.1597234E-02, 0.4698110E-02, 0.6295344E-02,-0.1651846E-03,-0.1518540E-02,-0.1683725E-02,-0.2785333E-02,-0.1556722E-01,-0.1835255E-01, 0.5430356E+03, 0.5989507E+03,-0.1128761E+02, 0.5733762E+03, 0.1599377E-01, 0.2029676E-01
 0.5541781E+02, 0.1186759E-02, 0.1088845E-01, 0.1207521E-01, 0.1601142E-02, 0.4724202E-02, 0.6325344E-02,-0.1389207E-03,-0.1520804E-02,-0.1659725E-02,-0.2787901E-02,-0.1561265E-01,-0.1840055E-01, 0.5432035E+03, 0.5998358E+03,-0.9492915E+01, 0.5738558E+03, 0.1603720E-01, 0.2034238E-01
 0.5551781E+02, 0.1185423E-02, 0.1090778E-01, 0.1209321E-01, 0.1604963E-02, 0.4750381E-02, 0.6355344E-02,-0.1130763E-03,-0.1522649E-02,-0.1635725E-02,-0.2790386E-02,-0.1565816E-01,-0.1844855E-01, 0.5433606E+03, 0.6006976E+03,-0.7726880E+01, 0.5743362E+03, 0.1608070E-01, 0.2038808E-01
 0.5561781E+02, 0.1184092E-02, 0.1092711E-01, 0.1211121E-01, 0.1608700E-02, 0.4776644E-02, 0.6385344E-02,-0.8764544E-04,-0.1524080E-02,-0.1611725E-02,-0.2792792E-02,-0.1570376E-01,-0.1849655E-01, 0.5435076E+03, 0.6015372E+03,-0.5989105E+01, 0.5748174E+03, 0.1612426E-01, 0.2043385E-01
 0.5571781E+02, 0.1182768E-02, 0.1094644E-01, 0.1212921E-01, 0.1612356E-02, 0.4802988E-02, 0.6415344E-02,-0.6262227E-04,-0.1525103E-02,-0.1587725E-02,-0.2795123E-02,-0.1574943E-01,-0.1854455E-01, 0.5436451E+03, 0.6023555E+03,-0.4279188E+01, 0.5752995E+03, 0.1616788E-01, 0.2047971E-01
 0.5581781E+02, 0.1181450E-02, 0.1096576E-01, 0.1214721E-01, 0.1615934E-02, 0.4829410E-02, 0.6445344E-02,-0.3800092E-04,-0.1525724E-02,-0.1563725E-02,-0.2797384E-02,-0.1579517E-01,-0.1859255E-01, 0.5437739E+03, 0.6031534E+03,-0.2596729E+01, 0.5757823E+03, 0.1621156E-01, 0.2052563E-01
 0.5591781E+02, 0.1180140E-02, 0.1098507E-01, 0.1216521E-01, 0.1619436E-02, 0.4855908E-02, 0.6475344E-02,-0.1377552E-04,-0.1525949E-02,-0.1539725E-02,-0.2799576E-02,-0.1584097E-01,-0.1864055E-01, 0.5438945E+03, 0.6039317E+03,-0.9413270E+00, 0.5762658E+03, 0.1625530E-01, 0.2057162E-01
 0.5600000E+02, 0.1179068E-02, 0.1100093E-01, 0.1218000E-01, 0.1622262E-02, 0.4877738E-02, 0.6500000E-02, 0.5870486E-05,-0.1525871E-02,-0.1520000E-02,-0.2801330E-02,-0.1587867E-01,-0.1868000E-01, 0.5439877E+03, 0.6045576E+03, 0.4011499E+00, 0.5766638E+03, 0.1629129E-01, 0.2060948E-01
 0.5601000E+02, 0.1179061E-02, 0.1100294E-01, 0.1218200E-01, 0.1622501E-02, 0.4880499E-02, 0.6503000E-02, 0.8555923E-05,-0.1525856E-02,-0.1517300E-02,-0.2801561E-02,-0.1588344E-01,-0.1868500E-01, 0.5440183E+03, 0.6046218E+03, 0.5846547E+00, 0.5767141E+03, 0.1629584E-01, 0.2061426E-01
 0.5602000E+02, 0.1179053E-02, 0.1100495E-01, 0.1218400E-01, 0.1622738E-02, 0.4883262E-02, 0.6506000E-02, 0.1123679E-04,-0.1525837E-02,-0.1514600E-02,-0.2801791E-02,-0.1588821E-01,-0.1869000E-01, 0.5440488E+03, 0.6046857E+03, 0.7678475E+00, 0.5767643E+03, 0.1630040E-01, 0.2061904E-01
 0.5603500E+02, 0.1179042E-02, 0.1100796E-01, 0.1218700E-01, 0.1623093E-02, 0.4887407E-02, 0.6510500E-02, 0.1524785E-04,-0.1525798E-02,-0.1510550E-02,-0.2802135E-02,-0.1589536E-01,-0.1869750E-01, 0.5440943E+03, 0.6047812E+03, 0.1041937E+01, 0.5768398E+03, 0.1630723E-01, 0.2062621E-01
 0.5605750E+02, 0.1179025E-02, 0.1101248E-01, 0.1219150E-01, 0.1623623E-02, 0.4893627E-02, 0.6517250E-02, 0.2124147E-04,-0.1525717E-02,-0.1504475E-02,-0.2802648E-02,-0.1590610E-01,-0.1870875E-01, 0.5441620E+03, 0.6049236E+03, 0.1451501E+01, 0.5769530E+03, 0.1631748E-01, 0.2063699E-01
 0.5609125E+02, 0.1178999E-02, 0.1101925E-01, 0.1219825E-01, 0.1624412E-02, 0.4902964E-02, 0.6527375E-02, 0.3018051E-04,-0.1525543E-02,-0.1495363E-02,-0.2803411E-02,-0.1592221E-01,-0.1872563E-01, 0.5442626E+03, 0.6051357E+03, 0.2062335E+01, 0.5771231E+03, 0.1633286E-01, 0.2065317E-01
 0.5614187E+02, 0.1178958E-02, 0.1102942E-01, 0.1220838E-01, 0.1625581E-02, 0.4916981E-02, 0.6542563E-02, 0.4347437E-04,-0.1525168E-02,-0.1481694E-02,-0.2804539E-02,-0.1594640E-01,-0.1875094E-01, 0.5444112E+03, 0.6054498E+03, 0.2970749E+01, 0.5773784E+03, 0.1635595E-01, 0.2067746E-01
 0.5621781E+02, 0.1178891E-02, 0.1104467E-01, 0.1222356E-01, 0.1627306E-02, 0.4938038E-02, 0.6565344E-02, 0.6316025E-04,-0.1524351E-02,-0.1461191E-02,-0.2806197E-02,-0.1598271E-01,-0.1878891E-01, 0.5446287E+03, 0.6059121E+03, 0.4315950E+01, 0.5777618E+03, 0.1639060E-01, 0.2071393E-01
 0.5631781E+02, 0.1178795E-02, 0.1106477E-01, 0.1224356E-01, 0.1629526E-02, 0.4965818E-02, 0.6595344E-02, 0.8864895E-04,-0.1522840E-02,-0.1434191E-02,-0.2808321E-02,-0.1603059E-01,-0.1883891E-01, 0.5449058E+03, 0.6065057E+03, 0.6057678E+01, 0.5782673E+03, 0.1643629E-01, 0.2076202E-01
 0.5641781E+02, 0.1178688E-02, 0.1108487E-01, 0.1226356E-01, 0.1631691E-02, 0.4993652E-02, 0.6625344E-02, 0.1137092E-03,-0.1520900E-02,-0.1407191E-02,-0.2810379E-02,-0.1607853E-01,-0.1888891E-01, 0.5451725E+03, 0.6070829E+03, 0.7770129E+01, 0.5787737E+03, 0.1648204E-01, 0.2081018E-01
 0.5651781E+02, 0.1178571E-02, 0.1110499E-01, 0.1228356E-01, 0.1633805E-02, 0.5021539E-02, 0.6655344E-02, 0.1383478E-03,-0.1518538E-02,-0.1380191E-02,-0.2812376E-02,-0.1612653E-01,-0.1893891E-01, 0.5454294E+03, 0.6076447E+03, 0.9453767E+01, 0.5792807E+03, 0.1652785E-01, 0.2085841E-01
 0.5661781E+02, 0.1178446E-02, 0.1112512E-01, 0.1230356E-01, 0.1635868E-02, 0.5049475E-02, 0.6685344E-02, 0.1625715E-03,-0.1515762E-02,-0.1353191E-02,-0.2814315E-02,-0.1617459E-01,-0.1898891E-01, 0.5456773E+03, 0.6081916E+03, 0.1110905E+02, 0.5797884E+03, 0.1657371E-01, 0.2090671E-01
 0.5671781E+02, 0.1178315E-02, 0.1114525E-01, 0.1232356E-01, 0.1637884E-02, 0.5077459E-02, 0.6715344E-02, 0.1863870E-03,-0.1512578E-02,-0.1326191E-02,-0.2816199E-02,-0.1622271E-01,-0.1903891E-01, 0.5459168E+03, 0.6087247E+03, 0.1273645E+02, 0.5802969E+03, 0.1661961E-01, 0.2095507E-01
 0.5681781E+02, 0.1178176E-02, 0.1116539E-01, 0.1234356E-01, 0.1639855E-02, 0.5105489E-02, 0.6745344E-02, 0.2098010E-03,-0.1508992E-02,-0.1299191E-02,-0.2818031E-02,-0.1627087E-01,-0.1908891E-01, 0.5461484E+03, 0.6092444E+03, 0.1433640E+02, 0.5808060E+03, 0.1666557E-01, 0.2100350E-01
 0.5691781E+02, 0.1178034E-02, 0.1118553E-01, 0.1236356E-01, 0.1641782E-02, 0.5133561E-02, 0.6775344E-02, 0.2328200E-03,-0.1505011E-02,-0.1272191E-02,-0.2819816E-02,-0.1631909E-01,-0.1913891E-01, 0.5463727E+03, 0.6097518E+03, 0.1590937E+02, 0.5813157E+03, 0.1671157E-01, 0.2105198E-01
 0.5700000E+02, 0.1177912E-02, 0.1120209E-01, 0.1238000E-01, 0.1643336E-02, 0.5156664E-02, 0.6800000E-02, 0.2514753E-03,-0.1501475E-02,-0.1250000E-02,-0.2821248E-02,-0.1635875E-01,-0.1918000E-01, 0.5465518E+03, 0.6101597E+03, 0.1718415E+02, 0.5817351E+03, 0.1674941E-01, 0.2109188E-01
 0.5701000E+02, 0.1178441E-02, 0.1120376E-01, 0.1238220E-01, 0.1643007E-02, 0.5158993E-02, 0.6802000E-02, 0.2533162E-03,-0.1501116E-02,-0.1247800E-02,-0.2821447E-02,-0.1636275E-01,-0.1918420E-01, 0.5466514E+03, 0.6101420E+03, 0.1730994E+02, 0.5817774E+03, 0.1675322E-01, 0.2109590E-01
 0.5702000E+02, 0.1178969E-02, 0.1120543E-01, 0.1238440E-01, 0.1642677E-02, 0.5161323E-02, 0.6804000E-02, 0.2551544E-03,-0.1500754E-02,-0.1245600E-02,-0.2821646E-02,-0.1636675E-01,-0.1918840E-01, 0.5467508E+03, 0.6101243E+03, 0.1743555E+02, 0.5818197E+03, 0.1675704E-01, 0.2109991E-01
 0.5703500E+02, 0.1179760E-02, 0.1120794E-01, 0.1238770E-01, 0.1642185E-02, 0.5164815E-02, 0.6807000E-02, 0.2579059E-03,-0.1500206E-02,-0.1242300E-02,-0.2821944E-02,-0.1637276E-01,-0.1919470E-01, 0.5468996E+03, 0.6100977E+03, 0.1762357E+02, 0.5818831E+03, 0.1676277E-01, 0.2110594E-01
 0.5705750E+02, 0.1180942E-02, 0.1121171E-01, 0.1239265E-01, 0.1641447E-02, 0.5170052E-02, 0.6811500E-02, 0.2620198E-03,-0.1499370E-02,-0.1237350E-02,-0.2822389E-02,-0.1638176E-01,-0.1920415E-01, 0.5471219E+03, 0.6100577E+03, 0.1790469E+02, 0.5819782E+03, 0.1677136E-01, 0.2111497E-01
 0.5709125E+02, 0.1182706E-02, 0.1121737E-01, 0.1240007E-01, 0.1640346E-02, 0.5177904E-02, 0.6818250E-02, 0.2681613E-03,-0.1498086E-02,-0.1229925E-02,-0.2823052E-02,-0.1639527E-01,-0.1921832E-01, 0.5474536E+03, 0.6099977E+03, 0.1832436E+02, 0.5821208E+03, 0.1678426E-01, 0.2112856E-01
 0.5714187E+02, 0.1185333E-02, 0.1122588E-01, 0.1241121E-01, 0.1638706E-02, 0.5189669E-02, 0.6828375E-02, 0.2773078E-03,-0.1496095E-02,-0.1218787E-02,-0.2824039E-02,-0.1641555E-01,-0.1923959E-01, 0.5479475E+03, 0.6099084E+03, 0.1894937E+02, 0.5823351E+03, 0.1680362E-01, 0.2114895E-01
 0.5721781E+02, 0.1189230E-02, 0.1123869E-01, 0.1242792E-01, 0.1636269E-02, 0.5207293E-02, 0.6843562E-02, 0.2908811E-03,-0.1492962E-02,-0.1202081E-02,-0.2825500E-02,-0.1644598E-01,-0.1927148E-01, 0.5486797E+03, 0.6097751E+03, 0.1987687E+02, 0.5826570E+03, 0.1683268E-01, 0.2117957E-01
 0.5731781E+02, 0.1194287E-02, 0.1125563E-01, 0.1244992E-01, 0.1633101E-02, 0.5230462E-02, 0.6863563E-02, 0.3085044E-03,-0.1488586E-02,-0.1180081E-02,-0.2827388E-02,-0.1648609E-01,-0.1931348E-01, 0.5496290E+03, 0.6096002E+03, 0.2108113E+02, 0.5830812E+03, 0.1687100E-01, 0.2121992E-01
 0.5741781E+02, 0.1199268E-02, 0.1127265E-01, 0.1247192E-01, 0.1629970E-02, 0.5253593E-02, 0.6883563E-02, 0.3258798E-03,-0.1483961E-02,-0.1158081E-02,-0.2829238E-02,-0.1652624E-01,-0.1935548E-01, 0.5505626E+03, 0.6094250E+03, 0.2226845E+02, 0.5835058E+03, 0.1690938E-01, 0.2126031E-01
 0.5751781E+02, 0.1204175E-02, 0.1128974E-01, 0.1249392E-01, 0.1626876E-02, 0.5276686E-02, 0.6903562E-02, 0.3430108E-03,-0.1479092E-02,-0.1136081E-02,-0.2831051E-02,-0.1656643E-01,-0.1939748E-01, 0.5514810E+03, 0.6092501E+03, 0.2343907E+02, 0.5839309E+03, 0.1694781E-01, 0.2130074E-01
 0.5761781E+02, 0.1209009E-02, 0.1130691E-01, 0.1251592E-01, 0.1623821E-02, 0.5299742E-02, 0.6923563E-02, 0.3599008E-03,-0.1473982E-02,-0.1114081E-02,-0.2832830E-02,-0.1660665E-01,-0.1943948E-01, 0.5523847E+03, 0.6090756E+03, 0.2459322E+02, 0.5843564E+03, 0.1698628E-01, 0.2134122E-01
 0.5771781E+02, 0.1213772E-02, 0.1132415E-01, 0.1253792E-01, 0.1620803E-02, 0.5322759E-02, 0.6943562E-02, 0.3765532E-03,-0.1468634E-02,-0.1092081E-02,-0.2834575E-02,-0.1664691E-01,-0.1948148E-01, 0.5532742E+03, 0.6089017E+03, 0.2573114E+02, 0.5847823E+03, 0.1702481E-01, 0.2138173E-01
 0.5781781E+02, 0.1218465E-02, 0.1134145E-01, 0.1255992E-01, 0.1617824E-02, 0.5345738E-02, 0.6963562E-02, 0.3929715E-03,-0.1463053E-02,-0.1070081E-02,-0.2836289E-02,-0.1668719E-01,-0.1952348E-01, 0.5541498E+03, 0.6087288E+03, 0.2685305E+02, 0.5852085E+03, 0.1706337E-01, 0.2142228E-01
 0.5791781E+02, 0.1223090E-02, 0.1135883E-01, 0.1258192E-01, 0.1614883E-02, 0.5368680E-02, 0.6983563E-02, 0.4091590E-03,-0.1457240E-02,-0.1048081E-02,-0.2837973E-02,-0.1672751E-01,-0.1956548E-01, 0.5550119E+03, 0.6085569E+03, 0.2795920E+02, 0.5856352E+03, 0.1710199E-01, 0.2146286E-01
 0.5800000E+02, 0.1226844E-02, 0.1137316E-01, 0.1260000E-01, 0.1612490E-02, 0.5387510E-02, 0.7000000E-02, 0.4223087E-03,-0.1452309E-02,-0.1030000E-02,-0.2839335E-02,-0.1676067E-01,-0.1960000E-01, 0.5557111E+03, 0.6084161E+03, 0.2885776E+02, 0.5859861E+03, 0.1713376E-01, 0.2149624E-01
 0.5801000E+02, 0.1227472E-02, 0.1137503E-01, 0.1260250E-01, 0.1612030E-02, 0.5389969E-02, 0.7002000E-02, 0.4244610E-03,-0.1451661E-02,-0.1027200E-02,-0.2839502E-02,-0.1676500E-01,-0.1960450E-01, 0.5558197E+03, 0.6083761E+03, 0.2900483E+02, 0.5860319E+03, 0.1713791E-01, 0.2150059E-01
 0.5802000E+02, 0.1228097E-02, 0.1137690E-01, 0.1260500E-01, 0.1611571E-02, 0.5392429E-02, 0.7004000E-02, 0.4266099E-03,-0.1451010E-02,-0.1024400E-02,-0.2839668E-02,-0.1676933E-01,-0.1960900E-01, 0.5559280E+03, 0.6083361E+03, 0.2915168E+02, 0.5860777E+03, 0.1714206E-01, 0.2150495E-01
 0.5803500E+02, 0.1229034E-02, 0.1137972E-01, 0.1260875E-01, 0.1610884E-02, 0.5396117E-02, 0.7007000E-02, 0.4298260E-03,-0.1450026E-02,-0.1020200E-02,-0.2839917E-02,-0.1677583E-01,-0.1961575E-01, 0.5560900E+03, 0.6082761E+03, 0.2937144E+02, 0.5861465E+03, 0.1714829E-01, 0.2151148E-01
 0.5805750E+02, 0.1230433E-02, 0.1138394E-01, 0.1261437E-01, 0.1609855E-02, 0.5401645E-02, 0.7011500E-02, 0.4346334E-03,-0.1448533E-02,-0.1013900E-02,-0.2840288E-02,-0.1678559E-01,-0.1962587E-01, 0.5563320E+03, 0.6081862E+03, 0.2969995E+02, 0.5862496E+03, 0.1715764E-01, 0.2152130E-01
 0.5809125E+02, 0.1232521E-02, 0.1139029E-01, 0.1262281E-01, 0.1608319E-02, 0.5409930E-02, 0.7018250E-02, 0.4418074E-03,-0.1446257E-02,-0.1004450E-02,-0.2840841E-02,-0.1680022E-01,-0.1964106E-01, 0.5566928E+03, 0.6080519E+03, 0.3019017E+02, 0.5864045E+03, 0.1717167E-01, 0.2153604E-01
 0.5814187E+02, 0.1235628E-02, 0.1139984E-01, 0.1263547E-01, 0.1606031E-02, 0.5422343E-02, 0.7028375E-02, 0.4524851E-03,-0.1442760E-02,-0.9902750E-03,-0.2841659E-02,-0.1682219E-01,-0.1966384E-01, 0.5572291E+03, 0.6078510E+03, 0.3091982E+02, 0.5866370E+03, 0.1719273E-01, 0.2155816E-01
 0.5821781E+02, 0.1240229E-02, 0.1141422E-01, 0.1265445E-01, 0.1602634E-02, 0.5440929E-02, 0.7043563E-02, 0.4683167E-03,-0.1437329E-02,-0.9690124E-03,-0.2842863E-02,-0.1685515E-01,-0.1969802E-01, 0.5580226E+03, 0.6075511E+03, 0.3200164E+02, 0.5869861E+03, 0.1722435E-01, 0.2159136E-01
 0.5831781E+02, 0.1246191E-02, 0.1143326E-01, 0.1267945E-01, 0.1598217E-02, 0.5465346E-02, 0.7063563E-02, 0.4888483E-03,-0.1429861E-02,-0.9410125E-03,-0.2844407E-02,-0.1689861E-01,-0.1974302E-01, 0.5590483E+03, 0.6071586E+03, 0.3340463E+02, 0.5874463E+03, 0.1726605E-01, 0.2163514E-01
 0.5841781E+02, 0.1252052E-02, 0.1145240E-01, 0.1270445E-01, 0.1593854E-02, 0.5489709E-02, 0.7083563E-02, 0.5090669E-03,-0.1422079E-02,-0.9130125E-03,-0.2845906E-02,-0.1694211E-01,-0.1978802E-01, 0.5600543E+03, 0.6067672E+03, 0.3478624E+02, 0.5879072E+03, 0.1730781E-01, 0.2167898E-01
 0.5851781E+02, 0.1257817E-02, 0.1147164E-01, 0.1272945E-01, 0.1589545E-02, 0.5514017E-02, 0.7103562E-02, 0.5289773E-03,-0.1413990E-02,-0.8850126E-03,-0.2847361E-02,-0.1698565E-01,-0.1983302E-01, 0.5610410E+03, 0.6063772E+03, 0.3614678E+02, 0.5883686E+03, 0.1734964E-01, 0.2172287E-01
 0.5861781E+02, 0.1263486E-02, 0.1149097E-01, 0.1275445E-01, 0.1585291E-02, 0.5538272E-02, 0.7123563E-02, 0.5485842E-03,-0.1405597E-02,-0.8570125E-03,-0.2848777E-02,-0.1702924E-01,-0.1987802E-01, 0.5620092E+03, 0.6059892E+03, 0.3748659E+02, 0.5888306E+03, 0.1739152E-01, 0.2176681E-01
 0.5871781E+02, 0.1269062E-02, 0.1151039E-01, 0.1277945E-01, 0.1581091E-02, 0.5562471E-02, 0.7143563E-02, 0.5678923E-03,-0.1396905E-02,-0.8290125E-03,-0.2850153E-02,-0.1707286E-01,-0.1992302E-01, 0.5629594E+03, 0.6056035E+03, 0.3880597E+02, 0.5892931E+03, 0.1743346E-01, 0.2181081E-01
 0.5881781E+02, 0.1274548E-02, 0.1152991E-01, 0.1280445E-01, 0.1576947E-02, 0.5586616E-02, 0.7163563E-02, 0.5869062E-03,-0.1387919E-02,-0.8010126E-03,-0.2851494E-02,-0.1711652E-01,-0.1996801E-01, 0.5638923E+03, 0.6052203E+03, 0.4010526E+02, 0.5897562E+03, 0.1747546E-01, 0.2185486E-01
 0.5891781E+02, 0.1279944E-02, 0.1154951E-01, 0.1282945E-01, 0.1572857E-02, 0.5610705E-02, 0.7183562E-02, 0.6056305E-03,-0.1378643E-02,-0.7730125E-03,-0.2852801E-02,-0.1716021E-01,-0.2001302E-01, 0.5648085E+03, 0.6048400E+03, 0.4138475E+02, 0.5902198E+03, 0.1751751E-01, 0.2189896E-01
 0.5900000E+02, 0.1284319E-02, 0.1156568E-01, 0.1285000E-01, 0.1569531E-02, 0.5630468E-02, 0.7200000E-02, 0.6208256E-03,-0.1370826E-02,-0.7499999E-03,-0.2853850E-02,-0.1719615E-01,-0.2005000E-01, 0.5655498E+03, 0.6045289E+03, 0.4242308E+02, 0.5906011E+03, 0.1755210E-01, 0.2193523E-01
 0.5901000E+02, 0.1285073E-02, 0.1156743E-01, 0.1285250E-01, 0.1568899E-02, 0.5632601E-02, 0.7201500E-02, 0.6225795E-03,-0.1369980E-02,-0.7474000E-03,-0.2853972E-02,-0.1720003E-01,-0.2005400E-01, 0.5656694E+03, 0.6044590E+03, 0.4254293E+02, 0.5906423E+03, 0.1755583E-01, 0.2193914E-01
 0.5902000E+02, 0.1285825E-02, 0.1156917E-01, 0.1285500E-01, 0.1568268E-02, 0.5634733E-02, 0.7203000E-02, 0.6243309E-03,-0.1369131E-02,-0.7448000E-03,-0.2854093E-02,-0.1720391E-01,-0.2005800E-01, 0.5657887E+03, 0.6043892E+03, 0.4266261E+02, 0.5906834E+03, 0.1755957E-01, 0.2194305E-01
 0.5903500E+02, 0.1286951E-02, 0.1157180E-01, 0.1285875E-01, 0.1567322E-02, 0.5637928E-02, 0.7205250E-02, 0.6269526E-03,-0.1367853E-02,-0.7409001E-03,-0.2854273E-02,-0.1720973E-01,-0.2006400E-01, 0.5659673E+03, 0.6042847E+03, 0.4284176E+02, 0.5907451E+03, 0.1756517E-01, 0.2194892E-01
 0.5905750E+02, 0.1288634E-02, 0.1157574E-01, 0.1286438E-01, 0.1565907E-02, 0.5642718E-02, 0.7208625E-02, 0.6308730E-03,-0.1365923E-02,-0.7350500E-03,-0.2854542E-02,-0.1721846E-01,-0.2007300E-01, 0.5662341E+03, 0.6041281E+03, 0.4310965E+02, 0.5908377E+03, 0.1757358E-01, 0.2195770E-01
 0.5909125E+02, 0.1291147E-02, 0.1158167E-01, 0.1287281E-01, 0.1563794E-02, 0.5649894E-02, 0.7213687E-02, 0.6367261E-03,-0.1363001E-02,-0.7262750E-03,-0.2854941E-02,-0.1723156E-01,-0.2008650E-01, 0.5666320E+03, 0.6038937E+03, 0.4350962E+02, 0.5909765E+03, 0.1758620E-01, 0.2197093E-01
 0.5914187E+02, 0.1294889E-02, 0.1159058E-01, 0.1288547E-01, 0.1560644E-02, 0.5660637E-02, 0.7221281E-02, 0.6454453E-03,-0.1358558E-02,-0.7131125E-03,-0.2855533E-02,-0.1725122E-01,-0.2010675E-01, 0.5672243E+03, 0.6035441E+03, 0.4410543E+02, 0.5911852E+03, 0.1760514E-01, 0.2199079E-01
 0.5921781E+02, 0.1300441E-02, 0.1160401E-01, 0.1290445E-01, 0.1555962E-02, 0.5676710E-02, 0.7232672E-02, 0.6583883E-03,-0.1351757E-02,-0.6933688E-03,-0.2856403E-02,-0.1728072E-01,-0.2013713E-01, 0.5681020E+03, 0.6030233E+03, 0.4498987E+02, 0.5914985E+03, 0.1763359E-01, 0.2202059E-01
 0.5931781E+02, 0.1307646E-02, 0.1162181E-01, 0.1292945E-01, 0.1549871E-02, 0.5697801E-02, 0.7247672E-02, 0.6752000E-03,-0.1342569E-02,-0.6673687E-03,-0.2857517E-02,-0.1731961E-01,-0.2017713E-01, 0.5692389E+03, 0.6023431E+03, 0.4613866E+02, 0.5919116E+03, 0.1767110E-01, 0.2205988E-01
 0.5941781E+02, 0.1314744E-02, 0.1163971E-01, 0.1295445E-01, 0.1543850E-02, 0.5718822E-02, 0.7262672E-02, 0.6917808E-03,-0.1333149E-02,-0.6413687E-03,-0.2858595E-02,-0.1735853E-01,-0.2021713E-01, 0.5703563E+03, 0.6016675E+03, 0.4727169E+02, 0.5923251E+03, 0.1770866E-01, 0.2209922E-01
 0.5951781E+02, 0.1321739E-02, 0.1165771E-01, 0.1297945E-01, 0.1537900E-02, 0.5739772E-02, 0.7277672E-02, 0.7081340E-03,-0.1323503E-02,-0.6153688E-03,-0.2859638E-02,-0.1739749E-01,-0.2025712E-01, 0.5714548E+03, 0.6009969E+03, 0.4838915E+02, 0.5927393E+03, 0.1774628E-01, 0.2213861E-01
 0.5961781E+02, 0.1328630E-02, 0.1167582E-01, 0.1300445E-01, 0.1532019E-02, 0.5760652E-02, 0.7292672E-02, 0.7242627E-03,-0.1313631E-02,-0.5893687E-03,-0.2860649E-02,-0.1743647E-01,-0.2029712E-01, 0.5725349E+03, 0.6003314E+03, 0.4949128E+02, 0.5931539E+03, 0.1778395E-01, 0.2217805E-01
 0.5971781E+02, 0.1335421E-02, 0.1169403E-01, 0.1302945E-01, 0.1526209E-02, 0.5781463E-02, 0.7307672E-02, 0.7401702E-03,-0.1303539E-02,-0.5633687E-03,-0.2861630E-02,-0.1747550E-01,-0.2033713E-01, 0.5735970E+03, 0.5996713E+03, 0.5057830E+02, 0.5935689E+03, 0.1782168E-01, 0.2221753E-01
 0.5981781E+02, 0.1342113E-02, 0.1171234E-01, 0.1305445E-01, 0.1520468E-02, 0.5802203E-02, 0.7322672E-02, 0.7558595E-03,-0.1293228E-02,-0.5373688E-03,-0.2862582E-02,-0.1751454E-01,-0.2037713E-01, 0.5746417E+03, 0.5990168E+03, 0.5165040E+02, 0.5939844E+03, 0.1785945E-01, 0.2225705E-01
 0.5991781E+02, 0.1348709E-02, 0.1173074E-01, 0.1307945E-01, 0.1514797E-02, 0.5822875E-02, 0.7337672E-02, 0.7713339E-03,-0.1282703E-02,-0.5113688E-03,-0.2863506E-02,-0.1755362E-01,-0.2041712E-01, 0.5756694E+03, 0.5983681E+03, 0.5270782E+02, 0.5944003E+03, 0.1789727E-01, 0.2229662E-01
 0.6000000E+02, 0.1354064E-02, 0.1174594E-01, 0.1310000E-01, 0.1510182E-02, 0.5839818E-02, 0.7350000E-02, 0.7839075E-03,-0.1273907E-02,-0.4899999E-03,-0.2864246E-02,-0.1758575E-01,-0.2045000E-01, 0.5765023E+03, 0.5978384E+03, 0.5356702E+02, 0.5947425E+03, 0.1792839E-01, 0.2232917E-01
 0.6001000E+02, 0.1354925E-02, 0.1174758E-01, 0.1310250E-01, 0.1509356E-02, 0.5841644E-02, 0.7351000E-02, 0.7858568E-03,-0.1272957E-02,-0.4871000E-03,-0.2864280E-02,-0.1758922E-01,-0.2045350E-01, 0.5766247E+03, 0.5977303E+03, 0.5370021E+02, 0.5947795E+03, 0.1793174E-01, 0.2233268E-01
 0.6002000E+02, 0.1355784E-02, 0.1174922E-01, 0.1310500E-01, 0.1508530E-02, 0.5843469E-02, 0.7352000E-02, 0.7878035E-03,-0.1272004E-02,-0.4842000E-03,-0.2864314E-02,-0.1759269E-01,-0.2045700E-01, 0.5767468E+03, 0.5976221E+03, 0.5383324E+02, 0.5948163E+03, 0.1793510E-01, 0.2233618E-01
 0.6003500E+02, 0.1357071E-02, 0.1175168E-01, 0.1310875E-01, 0.1507294E-02, 0.5846206E-02, 0.7353500E-02, 0.7907181E-03,-0.1270568E-02,-0.4798500E-03,-0.2864365E-02,-0.1759789E-01,-0.2046225E-01, 0.5769294E+03, 0.5974600E+03, 0.5403240E+02, 0.5948717E+03, 0.1794014E-01, 0.2234144E-01
 0.6005750E+02, 0.1358994E-02, 0.1175538E-01, 0.1311437E-01, 0.1505444E-02, 0.5850306E-02, 0.7355750E-02, 0.7950775E-03,-0.1268403E-02,-0.4733250E-03,-0.2864438E-02,-0.1760569E-01,-0.2047012E-01, 0.5772023E+03, 0.5972171E+03, 0.5433030E+02, 0.5949547E+03, 0.1794770E-01, 0.2234932E-01
 0.6009125E+02, 0.1361865E-02, 0.1176095E-01, 0.1312281E-01, 0.1502677E-02, 0.5856448E-02, 0.7359125E-02, 0.8015888E-03,-0.1265126E-02,-0.4635375E-03,-0.2864542E-02,-0.1761740E-01,-0.2048194E-01, 0.5776091E+03, 0.5968533E+03, 0.5477524E+02, 0.5950792E+03, 0.1795904E-01, 0.2236119E-01
 0.6014187E+02, 0.1366143E-02, 0.1176933E-01, 0.1313547E-01, 0.1498548E-02, 0.5865639E-02, 0.7364188E-02, 0.8112941E-03,-0.1260150E-02,-0.4488562E-03,-0.2864691E-02,-0.1763497E-01,-0.2049966E-01, 0.5782139E+03, 0.5963094E+03, 0.5543843E+02, 0.5952664E+03, 0.1797607E-01, 0.2237900E-01
 0.6021781E+02, 0.1372490E-02, 0.1178196E-01, 0.1315445E-01, 0.1492401E-02, 0.5879380E-02, 0.7371781E-02, 0.8257136E-03,-0.1252548E-02,-0.4268344E-03,-0.2864892E-02,-0.1766134E-01,-0.2052623E-01, 0.5791089E+03, 0.5954967E+03, 0.5642376E+02, 0.5955476E+03, 0.1800165E-01, 0.2240575E-01
 0.6031781E+02, 0.1380732E-02, 0.1179872E-01, 0.1317945E-01, 0.1484385E-02, 0.5897396E-02, 0.7381781E-02, 0.8444639E-03,-0.1242298E-02,-0.3978343E-03,-0.2865117E-02,-0.1769612E-01,-0.2056123E-01, 0.5802659E+03, 0.5944319E+03, 0.5770504E+02, 0.5959185E+03, 0.1803540E-01, 0.2244103E-01
 0.6041781E+02, 0.1388854E-02, 0.1181560E-01, 0.1320445E-01, 0.1476443E-02, 0.5915339E-02, 0.7391781E-02, 0.8629767E-03,-0.1231811E-02,-0.3688344E-03,-0.2865296E-02,-0.1773094E-01,-0.2059623E-01, 0.5814005E+03, 0.5933710E+03, 0.5897007E+02, 0.5962901E+03, 0.1806921E-01, 0.2247638E-01
 0.6051781E+02, 0.1396858E-02, 0.1183259E-01, 0.1322945E-01, 0.1468575E-02, 0.5933207E-02, 0.7401781E-02, 0.8812546E-03,-0.1221089E-02,-0.3398344E-03,-0.2865433E-02,-0.1776580E-01,-0.2063123E-01, 0.5825132E+03, 0.5923144E+03, 0.6021907E+02, 0.5966624E+03, 0.1810308E-01, 0.2251179E-01
 0.6061781E+02, 0.1404748E-02, 0.1184971E-01, 0.1325445E-01, 0.1460781E-02, 0.5951000E-02, 0.7411781E-02, 0.8993006E-03,-0.1210135E-02,-0.3108344E-03,-0.2865529E-02,-0.1780071E-01,-0.2066623E-01, 0.5836045E+03, 0.5912625E+03, 0.6145221E+02, 0.5970353E+03, 0.1813702E-01, 0.2254726E-01
 0.6071781E+02, 0.1412524E-02, 0.1186693E-01, 0.1327945E-01, 0.1453063E-02, 0.5968718E-02, 0.7421781E-02, 0.9171173E-03,-0.1198952E-02,-0.2818344E-03,-0.2865586E-02,-0.1783565E-01,-0.2070123E-01, 0.5846750E+03, 0.5902154E+03, 0.6266969E+02, 0.5974089E+03, 0.1817101E-01, 0.2258280E-01
 0.6081781E+02, 0.1420188E-02, 0.1188426E-01, 0.1330445E-01, 0.1445419E-02, 0.5986362E-02, 0.7431781E-02, 0.9347078E-03,-0.1187542E-02,-0.2528344E-03,-0.2865607E-02,-0.1787063E-01,-0.2073623E-01, 0.5857254E+03, 0.5891736E+03, 0.6387170E+02, 0.5977831E+03, 0.1820507E-01, 0.2261839E-01
 0.6091781E+02, 0.1427743E-02, 0.1190171E-01, 0.1332945E-01, 0.1437851E-02, 0.6003930E-02, 0.7441781E-02, 0.9520748E-03,-0.1175909E-02,-0.2238344E-03,-0.2865594E-02,-0.1790564E-01,-0.2077123E-01, 0.5867560E+03, 0.5881374E+03, 0.6505844E+02, 0.5981579E+03, 0.1823917E-01, 0.2265405E-01
 0.6100000E+02, 0.1433877E-02, 0.1191612E-01, 0.1335000E-01, 0.1431679E-02, 0.6018321E-02, 0.7450000E-02, 0.9661975E-03,-0.1166197E-02,-0.2000000E-03,-0.2865556E-02,-0.1793444E-01,-0.2080000E-01, 0.5875892E+03, 0.5872888E+03, 0.6602349E+02, 0.5984664E+03, 0.1826725E-01, 0.2268339E-01
 0.6101000E+02, 0.1434735E-02, 0.1191747E-01, 0.1335220E-01, 0.1430840E-02, 0.6019660E-02, 0.7450500E-02, 0.9672925E-03,-0.1165292E-02,-0.1980000E-03,-0.2865575E-02,-0.1793712E-01,-0.2080270E-01, 0.5877090E+03, 0.5871768E+03, 0.6609832E+02, 0.5984951E+03, 0.1826986E-01, 0.2268612E-01
 0.6102000E+02, 0.1435592E-02, 0.1191881E-01, 0.1335440E-01, 0.1430002E-02, 0.6020998E-02, 0.7451000E-02, 0.9683863E-03,-0.1164386E-02,-0.1960000E-03,-0.2865594E-02,-0.1793981E-01,-0.2080540E-01, 0.5878287E+03, 0.5870648E+03, 0.6617307E+02, 0.5985238E+03, 0.1827247E-01, 0.2268885E-01
 0.6103500E+02, 0.1436875E-02, 0.1192083E-01, 0.1335770E-01, 0.1428747E-02, 0.6023003E-02, 0.7451750E-02, 0.9700246E-03,-0.1163025E-02,-0.1930000E-03,-0.2865621E-02,-0.1794383E-01,-0.2080945E-01, 0.5880078E+03, 0.5868969E+03, 0.6628501E+02, 0.5985669E+03, 0.1827640E-01, 0.2269294E-01
 0.6105750E+02, 0.1438794E-02, 0.1192386E-01, 0.1336265E-01, 0.1426867E-02, 0.6026009E-02, 0.7452875E-02, 0.9724764E-03,-0.1160976E-02,-0.1885000E-03,-0.2865661E-02,-0.1794986E-01,-0.2081552E-01, 0.5882755E+03, 0.5866454E+03, 0.6645256E+02, 0.5986314E+03, 0.1828228E-01, 0.2269908E-01
 0.6109125E+02, 0.1441664E-02, 0.1192841E-01, 0.1337007E-01, 0.1424054E-02, 0.6030509E-02, 0.7454563E-02, 0.9761417E-03,-0.1157892E-02,-0.1817500E-03,-0.2865717E-02,-0.1795892E-01,-0.2082464E-01, 0.5886754E+03, 0.5862687E+03, 0.6670302E+02, 0.5987283E+03, 0.1829111E-01, 0.2270828E-01
 0.6114187E+02, 0.1445944E-02, 0.1193527E-01, 0.1338121E-01, 0.1419852E-02, 0.6037242E-02, 0.7457094E-02, 0.9816117E-03,-0.1153237E-02,-0.1716249E-03,-0.2865796E-02,-0.1797251E-01,-0.2083831E-01, 0.5892711E+03, 0.5857051E+03, 0.6707680E+02, 0.5988737E+03, 0.1830437E-01, 0.2272213E-01
 0.6121781E+02, 0.1452314E-02, 0.1194561E-01, 0.1339792E-01, 0.1413588E-02, 0.6047303E-02, 0.7460891E-02, 0.9897549E-03,-0.1146192E-02,-0.1564375E-03,-0.2865902E-02,-0.1799291E-01,-0.2085881E-01, 0.5901561E+03, 0.5848636E+03, 0.6763326E+02, 0.5990923E+03, 0.1832428E-01, 0.2274293E-01
 0.6131781E+02, 0.1460613E-02, 0.1195931E-01, 0.1341992E-01, 0.1405405E-02, 0.6060486E-02, 0.7465891E-02, 0.1000371E-02,-0.1136809E-02,-0.1364375E-03,-0.2866018E-02,-0.1801979E-01,-0.2088581E-01, 0.5913062E+03, 0.5837610E+03, 0.6835870E+02, 0.5993806E+03, 0.1835054E-01, 0.2277036E-01
 0.6141781E+02, 0.1468821E-02, 0.1197310E-01, 0.1344192E-01, 0.1397285E-02, 0.6073606E-02, 0.7470890E-02, 0.1010879E-02,-0.1127317E-02,-0.1164374E-03,-0.2866106E-02,-0.1804670E-01,-0.2091281E-01, 0.5924399E+03, 0.5826633E+03, 0.6907675E+02, 0.5996694E+03, 0.1837685E-01, 0.2279782E-01
 0.6151781E+02, 0.1476939E-02, 0.1198698E-01, 0.1346392E-01, 0.1389227E-02, 0.6086663E-02, 0.7475891E-02, 0.1021280E-02,-0.1117718E-02,-0.9643752E-04,-0.2866167E-02,-0.1807364E-01,-0.2093981E-01, 0.5935579E+03, 0.5815706E+03, 0.6978749E+02, 0.5999586E+03, 0.1840319E-01, 0.2282533E-01
 0.6161781E+02, 0.1484969E-02, 0.1200095E-01, 0.1348592E-01, 0.1381233E-02, 0.6099658E-02, 0.7480891E-02, 0.1031575E-02,-0.1108013E-02,-0.7643749E-04,-0.2866202E-02,-0.1810061E-01,-0.2096681E-01, 0.5946601E+03, 0.5804828E+03, 0.7049099E+02, 0.6002482E+03, 0.1842958E-01, 0.2285288E-01
 0.6171781E+02, 0.1492911E-02, 0.1201501E-01, 0.1350792E-01, 0.1373302E-02, 0.6112589E-02, 0.7485891E-02, 0.1041766E-02,-0.1098203E-02,-0.5643745E-04,-0.2866213E-02,-0.1812760E-01,-0.2099381E-01, 0.5957469E+03, 0.5794003E+03, 0.7118733E+02, 0.6005382E+03, 0.1845602E-01, 0.2288046E-01
 0.6181781E+02, 0.1500767E-02, 0.1202915E-01, 0.1352992E-01, 0.1365433E-02, 0.6125458E-02, 0.7490890E-02, 0.1051852E-02,-0.1088290E-02,-0.3643753E-04,-0.2866200E-02,-0.1815461E-01,-0.2102081E-01, 0.5968188E+03, 0.5783232E+03, 0.7187659E+02, 0.6008286E+03, 0.1848249E-01, 0.2290808E-01
 0.6191781E+02, 0.1508538E-02, 0.1204338E-01, 0.1355192E-01, 0.1357627E-02, 0.6138264E-02, 0.7495891E-02, 0.1061836E-02,-0.1078274E-02,-0.1643761E-04,-0.2866164E-02,-0.1818164E-01,-0.2104781E-01, 0.5978759E+03, 0.5772515E+03, 0.7255883E+02, 0.6011193E+03, 0.1850900E-01, 0.2293574E-01
 0.6200000E+02, 0.1514866E-02, 0.1205513E-01, 0.1357000E-01, 0.1351252E-02, 0.6148748E-02, 0.7500000E-02, 0.1069973E-02,-0.1069973E-02, 0.0000000E+00,-0.2866118E-02,-0.1820388E-01,-0.2107000E-01, 0.5987344E+03, 0.5763739E+03, 0.7311479E+02, 0.6013586E+03, 0.1853082E-01, 0.2295850E-01
 0.6201000E+02, 0.1515911E-02, 0.1205649E-01, 0.1357240E-01, 0.1350046E-02, 0.6149954E-02, 0.7500000E-02, 0.1072015E-02,-0.1069015E-02, 0.3000023E-05,-0.2865958E-02,-0.1820644E-01,-0.2107240E-01, 0.5988555E+03, 0.5761873E+03, 0.7325436E+02, 0.6013862E+03, 0.1853334E-01, 0.2296112E-01
 0.6202000E+02, 0.1516956E-02, 0.1205784E-01, 0.1357480E-01, 0.1348841E-02, 0.6151159E-02, 0.7500000E-02, 0.1074055E-02,-0.1068055E-02, 0.6000046E-05,-0.2865797E-02,-0.1820900E-01,-0.2107480E-01, 0.5989762E+03, 0.5760005E+03, 0.7339377E+02, 0.6014137E+03, 0.1853585E-01, 0.2296374E-01
 0.6203500E+02, 0.1518520E-02, 0.1205988E-01, 0.1357840E-01, 0.1347035E-02, 0.6152965E-02, 0.7500000E-02, 0.1077111E-02,-0.1066611E-02, 0.1049996E-04,-0.2865555E-02,-0.1821285E-01,-0.2107840E-01, 0.5991568E+03, 0.5757205E+03, 0.7360258E+02, 0.6014550E+03, 0.1853962E-01, 0.2296767E-01
 0.6205750E+02, 0.1520859E-02, 0.1206294E-01, 0.1358380E-01, 0.1344329E-02, 0.6155671E-02, 0.7500000E-02, 0.1081684E-02,-0.1064434E-02, 0.1725007E-04,-0.2865188E-02,-0.1821861E-01,-0.2108380E-01, 0.5994264E+03, 0.5753007E+03, 0.7391506E+02, 0.6015170E+03, 0.1854528E-01, 0.2297356E-01
 0.6209125E+02, 0.1524353E-02, 0.1206755E-01, 0.1359190E-01, 0.1340279E-02, 0.6159721E-02, 0.7500000E-02, 0.1088520E-02,-0.1061145E-02, 0.2737506E-04,-0.2864632E-02,-0.1822727E-01,-0.2109190E-01, 0.5998279E+03, 0.5746712E+03, 0.7438218E+02, 0.6016102E+03, 0.1855378E-01, 0.2298240E-01
 0.6214187E+02, 0.1529560E-02, 0.1207449E-01, 0.1360405E-01, 0.1334223E-02, 0.6165776E-02, 0.7500000E-02, 0.1098720E-02,-0.1056158E-02, 0.4256249E-04,-0.2863784E-02,-0.1824027E-01,-0.2110405E-01, 0.6004236E+03, 0.5737277E+03, 0.7507922E+02, 0.6017499E+03, 0.1856655E-01, 0.2299573E-01
 0.6221781E+02, 0.1537299E-02, 0.1208498E-01, 0.1362228E-01, 0.1325184E-02, 0.6174816E-02, 0.7500000E-02, 0.1113903E-02,-0.1048560E-02, 0.6534380E-04,-0.2862483E-02,-0.1825979E-01,-0.2112228E-01, 0.6013036E+03, 0.5723146E+03, 0.7611674E+02, 0.6019605E+03, 0.1858574E-01, 0.2301576E-01
 0.6231781E+02, 0.1547362E-02, 0.1209891E-01, 0.1364628E-01, 0.1313355E-02, 0.6186645E-02, 0.7500000E-02, 0.1133692E-02,-0.1038349E-02, 0.9534368E-04,-0.2860717E-02,-0.1828556E-01,-0.2114627E-01, 0.6024374E+03, 0.5704565E+03, 0.7746897E+02, 0.6022387E+03, 0.1861109E-01, 0.2304222E-01
 0.6241781E+02, 0.1557292E-02, 0.1211298E-01, 0.1367027E-01, 0.1301595E-02, 0.6198405E-02, 0.7500000E-02, 0.1153273E-02,-0.1027929E-02, 0.1253438E-03,-0.2858887E-02,-0.1831139E-01,-0.2117027E-01, 0.6035446E+03, 0.5685992E+03, 0.7880696E+02, 0.6025179E+03, 0.1863652E-01, 0.2306877E-01
 0.6251781E+02, 0.1567091E-02, 0.1212718E-01, 0.1369427E-01, 0.1289906E-02, 0.6210094E-02, 0.7500000E-02, 0.1172646E-02,-0.1017302E-02, 0.1553438E-03,-0.2856997E-02,-0.1833728E-01,-0.2119428E-01, 0.6046254E+03, 0.5667435E+03, 0.8013082E+02, 0.6027980E+03, 0.1866203E-01, 0.2309542E-01
 0.6261781E+02, 0.1576761E-02, 0.1214151E-01, 0.1371827E-01, 0.1278288E-02, 0.6221712E-02, 0.7500000E-02, 0.1191814E-02,-0.1006471E-02, 0.1853438E-03,-0.2855049E-02,-0.1836323E-01,-0.2121828E-01, 0.6056807E+03, 0.5648895E+03, 0.8144065E+02, 0.6030790E+03, 0.1868762E-01, 0.2312215E-01
 0.6271781E+02, 0.1586303E-02, 0.1215597E-01, 0.1374228E-01, 0.1266743E-02, 0.6233257E-02, 0.7500000E-02, 0.1210779E-02,-0.9954353E-03, 0.2153438E-03,-0.2853046E-02,-0.1838923E-01,-0.2124227E-01, 0.6067110E+03, 0.5630378E+03, 0.8273656E+02, 0.6033611E+03, 0.1871328E-01, 0.2314898E-01
 0.6281781E+02, 0.1595719E-02, 0.1217056E-01, 0.1376627E-01, 0.1255270E-02, 0.6244730E-02, 0.7500000E-02, 0.1229542E-02,-0.9841978E-03, 0.2453438E-03,-0.2850989E-02,-0.1841529E-01,-0.2126627E-01, 0.6077167E+03, 0.5611888E+03, 0.8401868E+02, 0.6036440E+03, 0.1873902E-01, 0.2317589E-01
 0.6291781E+02, 0.1605010E-02, 0.1218526E-01, 0.1379027E-01, 0.1243871E-02, 0.6256129E-02, 0.7500000E-02, 0.1248104E-02,-0.9727600E-03, 0.2753437E-03,-0.2848881E-02,-0.1844139E-01,-0.2129028E-01, 0.6086985E+03, 0.5593428E+03, 0.8528709E+02, 0.6039278E+03, 0.1876482E-01, 0.2320289E-01
 0.6300000E+02, 0.1612560E-02, 0.1219744E-01, 0.1381000E-01, 0.1234550E-02, 0.6265450E-02, 0.7500000E-02, 0.1263222E-02,-0.9632225E-03, 0.3000000E-03,-0.2847110E-02,-0.1846289E-01,-0.2131000E-01, 0.6094883E+03, 0.5578269E+03, 0.8632020E+02, 0.6041617E+03, 0.1878609E-01, 0.2322514E-01
 0.6301000E+02, 0.1614027E-02, 0.1219887E-01, 0.1381290E-01, 0.1232956E-02, 0.6266544E-02, 0.7499500E-02, 0.1264100E-02,-0.9621004E-03, 0.3020000E-03,-0.2846983E-02,-0.1846542E-01,-0.2131240E-01, 0.6096714E+03, 0.5575917E+03, 0.8638020E+02, 0.6041892E+03, 0.1878859E-01, 0.2322775E-01
 0.6302000E+02, 0.1615493E-02, 0.1220031E-01, 0.1381580E-01, 0.1231362E-02, 0.6267637E-02, 0.7499000E-02, 0.1264977E-02,-0.9609771E-03, 0.3040000E-03,-0.2846855E-02,-0.1846794E-01,-0.2131480E-01, 0.6098542E+03, 0.5573564E+03, 0.8644010E+02, 0.6042167E+03, 0.1879109E-01, 0.2323037E-01
 0.6303500E+02, 0.1617687E-02, 0.1220246E-01, 0.1382015E-01, 0.1228975E-02, 0.6269275E-02, 0.7498250E-02, 0.1266290E-02,-0.9592897E-03, 0.3070000E-03,-0.2846662E-02,-0.1847174E-01,-0.2131840E-01, 0.6101277E+03, 0.5570037E+03, 0.8652979E+02, 0.6042580E+03, 0.1879484E-01, 0.2323429E-01
 0.6305750E+02, 0.1620970E-02, 0.1220571E-01, 0.1382667E-01, 0.1225399E-02, 0.6271726E-02, 0.7497125E-02, 0.1268253E-02,-0.9567529E-03, 0.3115000E-03,-0.2846368E-02,-0.1847743E-01,-0.2132380E-01, 0.6105362E+03, 0.5564748E+03, 0.8666395E+02, 0.6043199E+03, 0.1880048E-01, 0.2324018E-01
 0.6309125E+02, 0.1625874E-02, 0.1221059E-01, 0.1383646E-01, 0.1220047E-02, 0.6275391E-02, 0.7495438E-02, 0.1271185E-02,-0.9529349E-03, 0.3182500E-03,-0.2845921E-02,-0.1848598E-01,-0.2133190E-01, 0.6111453E+03, 0.5556823E+03, 0.8686430E+02, 0.6044129E+03, 0.1880894E-01, 0.2324901E-01
 0.6314187E+02, 0.1633186E-02, 0.1221796E-01, 0.1385114E-01, 0.1212047E-02, 0.6280859E-02, 0.7492906E-02, 0.1275555E-02,-0.9471796E-03, 0.3283750E-03,-0.2845233E-02,-0.1849882E-01,-0.2134405E-01, 0.6120507E+03, 0.5544949E+03, 0.8716290E+02, 0.6045525E+03, 0.1882166E-01, 0.2326231E-01
 0.6321781E+02, 0.1644058E-02, 0.1222911E-01, 0.1387317E-01, 0.1200110E-02, 0.6288999E-02, 0.7489110E-02, 0.1282047E-02,-0.9384844E-03, 0.3435625E-03,-0.2844168E-02,-0.1851811E-01,-0.2136228E-01, 0.6133909E+03, 0.5527180E+03, 0.8760654E+02, 0.6047628E+03, 0.1884079E-01, 0.2328232E-01
 0.6331781E+02, 0.1658203E-02, 0.1224396E-01, 0.1390217E-01, 0.1184499E-02, 0.6299610E-02, 0.7484109E-02, 0.1290486E-02,-0.9269237E-03, 0.3635625E-03,-0.2842702E-02,-0.1854357E-01,-0.2138628E-01, 0.6151237E+03, 0.5503842E+03, 0.8818323E+02, 0.6050408E+03, 0.1886608E-01, 0.2330876E-01
 0.6341781E+02, 0.1672172E-02, 0.1225899E-01, 0.1393117E-01, 0.1168991E-02, 0.6310118E-02, 0.7479110E-02, 0.1298811E-02,-0.9152488E-03, 0.3835625E-03,-0.2841163E-02,-0.1856911E-01,-0.2141027E-01, 0.6168224E+03, 0.5480544E+03, 0.8875211E+02, 0.6053198E+03, 0.1889147E-01, 0.2333530E-01
 0.6351781E+02, 0.1685967E-02, 0.1227420E-01, 0.1396017E-01, 0.1153587E-02, 0.6320522E-02, 0.7474109E-02, 0.1307024E-02,-0.9034611E-03, 0.4035625E-03,-0.2839554E-02,-0.1859472E-01,-0.2143428E-01, 0.6184878E+03, 0.5457292E+03, 0.8931328E+02, 0.6055999E+03, 0.1891695E-01, 0.2336195E-01
 0.6361781E+02, 0.1699589E-02, 0.1228958E-01, 0.1398917E-01, 0.1138288E-02, 0.6330821E-02, 0.7469109E-02, 0.1315124E-02,-0.8915620E-03, 0.4235625E-03,-0.2837877E-02,-0.1862040E-01,-0.2145827E-01, 0.6201204E+03, 0.5434092E+03, 0.8986684E+02, 0.6058811E+03, 0.1894254E-01, 0.2338869E-01
 0.6371781E+02, 0.1713041E-02, 0.1230512E-01, 0.1401817E-01, 0.1123095E-02, 0.6341015E-02, 0.7464110E-02, 0.1323115E-02,-0.8795529E-03, 0.4435625E-03,-0.2836135E-02,-0.1864614E-01,-0.2148227E-01, 0.6217207E+03, 0.5410947E+03, 0.9041289E+02, 0.6061632E+03, 0.1896822E-01, 0.2341552E-01
 0.6381781E+02, 0.1726324E-02, 0.1232084E-01, 0.1404717E-01, 0.1108007E-02, 0.6351102E-02, 0.7459109E-02, 0.1330998E-02,-0.8674353E-03, 0.4635625E-03,-0.2834331E-02,-0.1867194E-01,-0.2150627E-01, 0.6232896E+03, 0.5387862E+03, 0.9095152E+02, 0.6064463E+03, 0.1899399E-01, 0.2344246E-01
 0.6391781E+02, 0.1739441E-02, 0.1233672E-01, 0.1407617E-01, 0.1093026E-02, 0.6361083E-02, 0.7454109E-02, 0.1338773E-02,-0.8552106E-03, 0.4835625E-03,-0.2832467E-02,-0.1869781E-01,-0.2153027E-01, 0.6248274E+03, 0.5364841E+03, 0.9148283E+02, 0.6067304E+03, 0.1901985E-01, 0.2346948E-01
 0.6400000E+02, 0.1750106E-02, 0.1234989E-01, 0.1410000E-01, 0.1080784E-02, 0.6369216E-02, 0.7450000E-02, 0.1345089E-02,-0.8450889E-03, 0.5000000E-03,-0.2830890E-02,-0.1871911E-01,-0.2155000E-01, 0.6260694E+03, 0.5345955E+03, 0.9191441E+02, 0.6069647E+03, 0.1904117E-01, 0.2349176E-01
 0.6401000E+02, 0.1751190E-02, 0.1235121E-01, 0.1410240E-01, 0.1079473E-02, 0.6370027E-02, 0.7449500E-02, 0.1346078E-02,-0.8440777E-03, 0.5019999E-03,-0.2830663E-02,-0.1872124E-01,-0.2155190E-01, 0.6261866E+03, 0.5343853E+03, 0.9198198E+02, 0.6069880E+03, 0.1904329E-01, 0.2349398E-01
 0.6402000E+02, 0.1752273E-02, 0.1235253E-01, 0.1410480E-01, 0.1078163E-02, 0.6370837E-02, 0.7449000E-02, 0.1347065E-02,-0.8430654E-03, 0.5040000E-03,-0.2830436E-02,-0.1872336E-01,-0.2155380E-01, 0.6263036E+03, 0.5341752E+03, 0.9204947E+02, 0.6070114E+03, 0.1904542E-01, 0.2349621E-01
 0.6403500E+02, 0.1753896E-02, 0.1235450E-01, 0.1410840E-01, 0.1076199E-02, 0.6372050E-02, 0.7448250E-02, 0.1348545E-02,-0.8415448E-03, 0.5070000E-03,-0.2830095E-02,-0.1872656E-01,-0.2155665E-01, 0.6264788E+03, 0.5338603E+03, 0.9215056E+02, 0.6070465E+03, 0.1904862E-01, 0.2349954E-01
 0.6405750E+02, 0.1756324E-02, 0.1235748E-01, 0.1411380E-01, 0.1073258E-02, 0.6373867E-02, 0.7447125E-02, 0.1350759E-02,-0.8392589E-03, 0.5115001E-03,-0.2829582E-02,-0.1873134E-01,-0.2156092E-01, 0.6267404E+03, 0.5333881E+03, 0.9230186E+02, 0.6070992E+03, 0.1905341E-01, 0.2350455E-01
 0.6409125E+02, 0.1759952E-02, 0.1236195E-01, 0.1412190E-01, 0.1068855E-02, 0.6376582E-02, 0.7445437E-02, 0.1354069E-02,-0.8358189E-03, 0.5182500E-03,-0.2828808E-02,-0.1873853E-01,-0.2156734E-01, 0.6271305E+03, 0.5326806E+03, 0.9252804E+02, 0.6071782E+03, 0.1906061E-01, 0.2351205E-01
 0.6414187E+02, 0.1765367E-02, 0.1236868E-01, 0.1413405E-01, 0.1062271E-02, 0.6380635E-02, 0.7442906E-02, 0.1359009E-02,-0.8306338E-03, 0.5283750E-03,-0.2827638E-02,-0.1874932E-01,-0.2157696E-01, 0.6277106E+03, 0.5316209E+03, 0.9286560E+02, 0.6072968E+03, 0.1907142E-01, 0.2352335E-01
 0.6421781E+02, 0.1773426E-02, 0.1237885E-01, 0.1415228E-01, 0.1052441E-02, 0.6386668E-02, 0.7439109E-02, 0.1366364E-02,-0.8228013E-03, 0.5435625E-03,-0.2825867E-02,-0.1876552E-01,-0.2159138E-01, 0.6285701E+03, 0.5300355E+03, 0.9336819E+02, 0.6074754E+03, 0.1908767E-01, 0.2354034E-01
 0.6431781E+02, 0.1783927E-02, 0.1239235E-01, 0.1417627E-01, 0.1039575E-02, 0.6394534E-02, 0.7434109E-02, 0.1375952E-02,-0.8123898E-03, 0.5635625E-03,-0.2823502E-02,-0.1878688E-01,-0.2161038E-01, 0.6296821E+03, 0.5279539E+03, 0.9402341E+02, 0.6077112E+03, 0.1910911E-01, 0.2356277E-01
 0.6441781E+02, 0.1794314E-02, 0.1240596E-01, 0.1420028E-01, 0.1026785E-02, 0.6402325E-02, 0.7429109E-02, 0.1385441E-02,-0.8018781E-03, 0.5835625E-03,-0.2821098E-02,-0.1880829E-01,-0.2162938E-01, 0.6307729E+03, 0.5258773E+03, 0.9467178E+02, 0.6079477E+03, 0.1913062E-01, 0.2358527E-01
 0.6451781E+02, 0.1804586E-02, 0.1241969E-01, 0.1422428E-01, 0.1014070E-02, 0.6410039E-02, 0.7424109E-02, 0.1394830E-02,-0.7912673E-03, 0.6035625E-03,-0.2818656E-02,-0.1882973E-01,-0.2164839E-01, 0.6318430E+03, 0.5238059E+03, 0.9531337E+02, 0.6081850E+03, 0.1915218E-01, 0.2360784E-01
 0.6461781E+02, 0.1814745E-02, 0.1243353E-01, 0.1424827E-01, 0.1001433E-02, 0.6417677E-02, 0.7419109E-02, 0.1404121E-02,-0.7805583E-03, 0.6235624E-03,-0.2816177E-02,-0.1885121E-01,-0.2166738E-01, 0.6328926E+03, 0.5217400E+03, 0.9594825E+02, 0.6084230E+03, 0.1917380E-01, 0.2363048E-01
 0.6471781E+02, 0.1824792E-02, 0.1244748E-01, 0.1427228E-01, 0.9888714E-03, 0.6425238E-02, 0.7414109E-02, 0.1413314E-02,-0.7697519E-03, 0.6435625E-03,-0.2813664E-02,-0.1887272E-01,-0.2168638E-01, 0.6339222E+03, 0.5196798E+03, 0.9657648E+02, 0.6086616E+03, 0.1919547E-01, 0.2365318E-01
 0.6481781E+02, 0.1834729E-02, 0.1246155E-01, 0.1429627E-01, 0.9763875E-03, 0.6432722E-02, 0.7409109E-02, 0.1422412E-02,-0.7588491E-03, 0.6635625E-03,-0.2811116E-02,-0.1889427E-01,-0.2170538E-01, 0.6349322E+03, 0.5176255E+03, 0.9719813E+02, 0.6089010E+03, 0.1921720E-01, 0.2367595E-01
 0.6491781E+02, 0.1844556E-02, 0.1247572E-01, 0.1432028E-01, 0.9639808E-03, 0.6440129E-02, 0.7404109E-02, 0.1431413E-02,-0.7478510E-03, 0.6835625E-03,-0.2808537E-02,-0.1891585E-01,-0.2172438E-01, 0.6359228E+03, 0.5155775E+03, 0.9781326E+02, 0.6091410E+03, 0.1923898E-01, 0.2369878E-01
 0.6500000E+02, 0.1852557E-02, 0.1248744E-01, 0.1434000E-01, 0.9538350E-03, 0.6446165E-02, 0.7400000E-02, 0.1438746E-02,-0.7387457E-03, 0.7000000E-03,-0.2806392E-02,-0.1893361E-01,-0.2174000E-01, 0.6367231E+03, 0.5138977E+03, 0.9831429E+02, 0.6093387E+03, 0.1925692E-01, 0.2371759E-01
 0.6501000E+02, 0.1853674E-02, 0.1248843E-01, 0.1434210E-01, 0.9523297E-03, 0.6446670E-02, 0.7399000E-02, 0.1439882E-02,-0.7379817E-03, 0.7019000E-03,-0.2806003E-02,-0.1893510E-01,-0.2174110E-01, 0.6368225E+03, 0.5136389E+03, 0.9839191E+02, 0.6093553E+03, 0.1925843E-01, 0.2371917E-01
 0.6502000E+02, 0.1854789E-02, 0.1248941E-01, 0.1434420E-01, 0.9508249E-03, 0.6447175E-02, 0.7398000E-02, 0.1441017E-02,-0.7372167E-03, 0.7038000E-03,-0.2805614E-02,-0.1893659E-01,-0.2174220E-01, 0.6369218E+03, 0.5133799E+03, 0.9846947E+02, 0.6093719E+03, 0.1925993E-01, 0.2372074E-01
 0.6503500E+02, 0.1856460E-02, 0.1249089E-01, 0.1434735E-01, 0.9485690E-03, 0.6447931E-02, 0.7396500E-02, 0.1442717E-02,-0.7360670E-03, 0.7066500E-03,-0.2805029E-02,-0.1893882E-01,-0.2174385E-01, 0.6370701E+03, 0.5129916E+03, 0.9858566E+02, 0.6093968E+03, 0.1926219E-01, 0.2372311E-01
 0.6505750E+02, 0.1858960E-02, 0.1249311E-01, 0.1435208E-01, 0.9451880E-03, 0.6449062E-02, 0.7394250E-02, 0.1445263E-02,-0.7343376E-03, 0.7109250E-03,-0.2804148E-02,-0.1894218E-01,-0.2174633E-01, 0.6372915E+03, 0.5124093E+03, 0.9875961E+02, 0.6094342E+03, 0.1926558E-01, 0.2372666E-01
 0.6509125E+02, 0.1862699E-02, 0.1249646E-01, 0.1435916E-01, 0.9401230E-03, 0.6450752E-02, 0.7390875E-02, 0.1449070E-02,-0.7317328E-03, 0.7173375E-03,-0.2802822E-02,-0.1894722E-01,-0.2175004E-01, 0.6376213E+03, 0.5115359E+03, 0.9901980E+02, 0.6094903E+03, 0.1927068E-01, 0.2373200E-01
 0.6514187E+02, 0.1868281E-02, 0.1250151E-01, 0.1436979E-01, 0.9325402E-03, 0.6453272E-02, 0.7385813E-02, 0.1454757E-02,-0.7278011E-03, 0.7269562E-03,-0.2800822E-02,-0.1895479E-01,-0.2175561E-01, 0.6381107E+03, 0.5102261E+03, 0.9940842E+02, 0.6095747E+03, 0.1927833E-01, 0.2374001E-01
 0.6521781E+02, 0.1876595E-02, 0.1250915E-01, 0.1438574E-01, 0.9211993E-03, 0.6457020E-02, 0.7378219E-02, 0.1463233E-02,-0.7218490E-03, 0.7413843E-03,-0.2797794E-02,-0.1896617E-01,-0.2176396E-01, 0.6388331E+03, 0.5082624E+03, 0.9998762E+02, 0.6097017E+03, 0.1928985E-01, 0.2375211E-01
 0.6531781E+02, 0.1887438E-02, 0.1251930E-01, 0.1440674E-01, 0.9063222E-03, 0.6461896E-02, 0.7368219E-02, 0.1474300E-02,-0.7139156E-03, 0.7603844E-03,-0.2793760E-02,-0.1898120E-01,-0.2177496E-01, 0.6397637E+03, 0.5056779E+03, 0.1007438E+03, 0.6098699E+03, 0.1930509E-01, 0.2376812E-01
 0.6541781E+02, 0.1898170E-02, 0.1252957E-01, 0.1442774E-01, 0.8914997E-03, 0.6466719E-02, 0.7358219E-02, 0.1485266E-02,-0.7058812E-03, 0.7793843E-03,-0.2789670E-02,-0.1899629E-01,-0.2178596E-01, 0.6406714E+03, 0.5030932E+03, 0.1014931E+03, 0.6100392E+03, 0.1932040E-01, 0.2378422E-01
 0.6551781E+02, 0.1908792E-02, 0.1253995E-01, 0.1444874E-01, 0.8767328E-03, 0.6471486E-02, 0.7348219E-02, 0.1496131E-02,-0.6977465E-03, 0.7983844E-03,-0.2785525E-02,-0.1901143E-01,-0.2179696E-01, 0.6415566E+03, 0.5005085E+03, 0.1022356E+03, 0.6102093E+03, 0.1933578E-01, 0.2380040E-01
 0.6561781E+02, 0.1919304E-02, 0.1255044E-01, 0.1446974E-01, 0.8620222E-03, 0.6476196E-02, 0.7338219E-02, 0.1506896E-02,-0.6895119E-03, 0.8173844E-03,-0.2781326E-02,-0.1902663E-01,-0.2180796E-01, 0.6424193E+03, 0.4979242E+03, 0.1029712E+03, 0.6103804E+03, 0.1935123E-01, 0.2381667E-01
 0.6571781E+02, 0.1929706E-02, 0.1256103E-01, 0.1449074E-01, 0.8473687E-03, 0.6480850E-02, 0.7328219E-02, 0.1517562E-02,-0.6811779E-03, 0.8363844E-03,-0.2777075E-02,-0.1904188E-01,-0.2181896E-01, 0.6432601E+03, 0.4953406E+03, 0.1037001E+03, 0.6105523E+03, 0.1936675E-01, 0.2383303E-01
 0.6581781E+02, 0.1940001E-02, 0.1257174E-01, 0.1451174E-01, 0.8327732E-03, 0.6485445E-02, 0.7318219E-02, 0.1528130E-02,-0.6727451E-03, 0.8553845E-03,-0.2772774E-02,-0.1905719E-01,-0.2182996E-01, 0.6440792E+03, 0.4927581E+03, 0.1044222E+03, 0.6107252E+03, 0.1938233E-01, 0.2384947E-01
 0.6591781E+02, 0.1950187E-02, 0.1258255E-01, 0.1453274E-01, 0.8182362E-03, 0.6489982E-02, 0.7308219E-02, 0.1538598E-02,-0.6642140E-03, 0.8743844E-03,-0.2768423E-02,-0.1907254E-01,-0.2184096E-01, 0.6448768E+03, 0.4901768E+03, 0.1051376E+03, 0.6108989E+03, 0.1939799E-01, 0.2386599E-01
 0.6600000E+02, 0.1958483E-02, 0.1259152E-01, 0.1455000E-01, 0.8063272E-03, 0.6493673E-02, 0.7300000E-02, 0.1547133E-02,-0.6571332E-03, 0.8900000E-03,-0.2764810E-02,-0.1908519E-01,-0.2185000E-01, 0.6455168E+03, 0.4880555E+03, 0.1057208E+03, 0.6110423E+03, 0.1941090E-01, 0.2387963E-01
 0.6601000E+02, 0.1959510E-02, 0.1259249E-01, 0.1455200E-01, 0.8049273E-03, 0.6494073E-02, 0.7299000E-02, 0.1547764E-02,-0.6563643E-03, 0.8914000E-03,-0.2764437E-02,-0.1908656E-01,-0.2185100E-01, 0.6456060E+03, 0.4878131E+03, 0.1057639E+03, 0.6110578E+03, 0.1941230E-01, 0.2388111E-01
 0.6602000E+02, 0.1960535E-02, 0.1259346E-01, 0.1455400E-01, 0.8035279E-03, 0.6494472E-02, 0.7298000E-02, 0.1548395E-02,-0.6555947E-03, 0.8928000E-03,-0.2764063E-02,-0.1908794E-01,-0.2185200E-01, 0.6456951E+03, 0.4875708E+03, 0.1058070E+03, 0.6110734E+03, 0.1941370E-01, 0.2388259E-01
 0.6603500E+02, 0.1962072E-02, 0.1259493E-01, 0.1455700E-01, 0.8014301E-03, 0.6495070E-02, 0.7296500E-02, 0.1549339E-02,-0.6544390E-03, 0.8949000E-03,-0.2763502E-02,-0.1909000E-01,-0.2185350E-01, 0.6458284E+03, 0.4872073E+03, 0.1058715E+03, 0.6110968E+03, 0.1941581E-01, 0.2388482E-01
 0.6605750E+02, 0.1964372E-02, 0.1259713E-01, 0.1456150E-01, 0.7982861E-03, 0.6495964E-02, 0.7294250E-02, 0.1550752E-02,-0.6527024E-03, 0.8980500E-03,-0.2762658E-02,-0.1909309E-01,-0.2185575E-01, 0.6460274E+03, 0.4866624E+03, 0.1059681E+03, 0.6111318E+03, 0.1941897E-01, 0.2388815E-01
 0.6609125E+02, 0.1967812E-02, 0.1260044E-01, 0.1456825E-01, 0.7935764E-03, 0.6497298E-02, 0.7290875E-02, 0.1552866E-02,-0.6500906E-03, 0.9027750E-03,-0.2761389E-02,-0.1909774E-01,-0.2185912E-01, 0.6463242E+03, 0.4858452E+03, 0.1061125E+03, 0.6111846E+03, 0.1942371E-01, 0.2389316E-01
 0.6614187E+02, 0.1972951E-02, 0.1260542E-01, 0.1457837E-01, 0.7865259E-03, 0.6499287E-02, 0.7285813E-02, 0.1556020E-02,-0.6461577E-03, 0.9098625E-03,-0.2759476E-02,-0.1910471E-01,-0.2186419E-01, 0.6467650E+03, 0.4846203E+03, 0.1063280E+03, 0.6112637E+03, 0.1943084E-01, 0.2390067E-01
 0.6621781E+02, 0.1980608E-02, 0.1261295E-01, 0.1459356E-01, 0.7759818E-03, 0.6502237E-02, 0.7278219E-02, 0.1560717E-02,-0.6402237E-03, 0.9204937E-03,-0.2756589E-02,-0.1911519E-01,-0.2187178E-01, 0.6474169E+03, 0.4827847E+03, 0.1066490E+03, 0.6113827E+03, 0.1944156E-01, 0.2391201E-01
 0.6631781E+02, 0.1990604E-02, 0.1262296E-01, 0.1461356E-01, 0.7621516E-03, 0.6506067E-02, 0.7268219E-02, 0.1566843E-02,-0.6323495E-03, 0.9344938E-03,-0.2752755E-02,-0.1912903E-01,-0.2188178E-01, 0.6482590E+03, 0.4803706E+03, 0.1070676E+03, 0.6115403E+03, 0.1945572E-01, 0.2392701E-01
 0.6641781E+02, 0.2000507E-02, 0.1263306E-01, 0.1463356E-01, 0.7483743E-03, 0.6509844E-02, 0.7258219E-02, 0.1572904E-02,-0.6244106E-03, 0.9484937E-03,-0.2748881E-02,-0.1914290E-01,-0.2189178E-01, 0.6490829E+03, 0.4779582E+03, 0.1074818E+03, 0.6116986E+03, 0.1946994E-01, 0.2394207E-01
 0.6651781E+02, 0.2010317E-02, 0.1264325E-01, 0.1465356E-01, 0.7346506E-03, 0.6513568E-02, 0.7248219E-02, 0.1578901E-02,-0.6164076E-03, 0.9624937E-03,-0.2744968E-02,-0.1915681E-01,-0.2190178E-01, 0.6498889E+03, 0.4755478E+03, 0.1078916E+03, 0.6118577E+03, 0.1948421E-01, 0.2395719E-01
 0.6661781E+02, 0.2020035E-02, 0.1265353E-01, 0.1467356E-01, 0.7209809E-03, 0.6517238E-02, 0.7238219E-02, 0.1584835E-02,-0.6083410E-03, 0.9764938E-03,-0.2741016E-02,-0.1917076E-01,-0.2191178E-01, 0.6506770E+03, 0.4731396E+03, 0.1082970E+03, 0.6120174E+03, 0.1949854E-01, 0.2397239E-01
 0.6671781E+02, 0.2029662E-02, 0.1266390E-01, 0.1469356E-01, 0.7073657E-03, 0.6520853E-02, 0.7228219E-02, 0.1590705E-02,-0.6002113E-03, 0.9904937E-03,-0.2737028E-02,-0.1918475E-01,-0.2192178E-01, 0.6514476E+03, 0.4707338E+03, 0.1086982E+03, 0.6121779E+03, 0.1951292E-01, 0.2398765E-01
 0.6681781E+02, 0.2039198E-02, 0.1267436E-01, 0.1471356E-01, 0.6938055E-03, 0.6524413E-02, 0.7218219E-02, 0.1596513E-02,-0.5920188E-03, 0.1004494E-02,-0.2733003E-02,-0.1919878E-01,-0.2193178E-01, 0.6522009E+03, 0.4683306E+03, 0.1090950E+03, 0.6123390E+03, 0.1952734E-01, 0.2400298E-01
 0.6691781E+02, 0.2048644E-02, 0.1268492E-01, 0.1473356E-01, 0.6803007E-03, 0.6527918E-02, 0.7208219E-02, 0.1602258E-02,-0.5837643E-03, 0.1018494E-02,-0.2728944E-02,-0.1921284E-01,-0.2194178E-01, 0.6529371E+03, 0.4659302E+03, 0.1094876E+03, 0.6125008E+03, 0.1954182E-01, 0.2401837E-01
 0.6700000E+02, 0.2056343E-02, 0.1269366E-01, 0.1475000E-01, 0.6692382E-03, 0.6530762E-02, 0.7200000E-02, 0.1606936E-02,-0.5769359E-03, 0.1030000E-02,-0.2725581E-02,-0.1922442E-01,-0.2195000E-01, 0.6535297E+03, 0.4639586E+03, 0.1098073E+03, 0.6126343E+03, 0.1955376E-01, 0.2403107E-01
 0.6701000E+02, 0.2057393E-02, 0.1269511E-01, 0.1475250E-01, 0.6677674E-03, 0.6531233E-02, 0.7199000E-02, 0.1607503E-02,-0.5758028E-03, 0.1031700E-02,-0.2725160E-02,-0.1922634E-01,-0.2195150E-01, 0.6536156E+03, 0.4637001E+03, 0.1098460E+03, 0.6126565E+03, 0.1955574E-01, 0.2403318E-01
 0.6702000E+02, 0.2058442E-02, 0.1269656E-01, 0.1475500E-01, 0.6662976E-03, 0.6531702E-02, 0.7198000E-02, 0.1608069E-02,-0.5746688E-03, 0.1033400E-02,-0.2724739E-02,-0.1922826E-01,-0.2195300E-01, 0.6537013E+03, 0.4634417E+03, 0.1098847E+03, 0.6126786E+03, 0.1955772E-01, 0.2403528E-01
 0.6703500E+02, 0.2060012E-02, 0.1269874E-01, 0.1475875E-01, 0.6640949E-03, 0.6532405E-02, 0.7196500E-02, 0.1608916E-02,-0.5729664E-03, 0.1035950E-02,-0.2724106E-02,-0.1923114E-01,-0.2195525E-01, 0.6538295E+03, 0.4630542E+03, 0.1099426E+03, 0.6127119E+03, 0.1956070E-01, 0.2403844E-01
 0.6705750E+02, 0.2062361E-02, 0.1270201E-01, 0.1476437E-01, 0.6607954E-03, 0.6533455E-02, 0.7194250E-02, 0.1610184E-02,-0.5704091E-03, 0.1039775E-02,-0.2723157E-02,-0.1923547E-01,-0.2195862E-01, 0.6540208E+03, 0.4624734E+03, 0.1100293E+03, 0.6127617E+03, 0.1956516E-01, 0.2404318E-01
 0.6709125E+02, 0.2065873E-02, 0.1270694E-01, 0.1477281E-01, 0.6558566E-03, 0.6535018E-02, 0.7190875E-02, 0.1612078E-02,-0.5665653E-03, 0.1045513E-02,-0.2721729E-02,-0.1924196E-01,-0.2196369E-01, 0.6543057E+03, 0.4616034E+03, 0.1101587E+03, 0.6128366E+03, 0.1957185E-01, 0.2405029E-01
 0.6714187E+02, 0.2071112E-02, 0.1271436E-01, 0.1478547E-01, 0.6484717E-03, 0.6537341E-02, 0.7185812E-02, 0.1614901E-02,-0.5607817E-03, 0.1054119E-02,-0.2719583E-02,-0.1925170E-01,-0.2197128E-01, 0.6547283E+03, 0.4603009E+03, 0.1103515E+03, 0.6129490E+03, 0.1958191E-01, 0.2406100E-01
 0.6721781E+02, 0.2078907E-02, 0.1272555E-01, 0.1480445E-01, 0.6374472E-03, 0.6540772E-02, 0.7178219E-02, 0.1619096E-02,-0.5520676E-03, 0.1067028E-02,-0.2716354E-02,-0.1926632E-01,-0.2198267E-01, 0.6553524E+03, 0.4583529E+03, 0.1106382E+03, 0.6131182E+03, 0.1959702E-01, 0.2407710E-01
 0.6731781E+02, 0.2089061E-02, 0.1274039E-01, 0.1482945E-01, 0.6230196E-03, 0.6545199E-02, 0.7168219E-02, 0.1624551E-02,-0.5405227E-03, 0.1084028E-02,-0.2712081E-02,-0.1928559E-01,-0.2199767E-01, 0.6561561E+03, 0.4557971E+03, 0.1110110E+03, 0.6133417E+03, 0.1961695E-01, 0.2409836E-01
 0.6741781E+02, 0.2099099E-02, 0.1275535E-01, 0.1485445E-01, 0.6086809E-03, 0.6549538E-02, 0.7158219E-02, 0.1629933E-02,-0.5289044E-03, 0.1101028E-02,-0.2707779E-02,-0.1930489E-01,-0.2201267E-01, 0.6569400E+03, 0.4532496E+03, 0.1113787E+03, 0.6135660E+03, 0.1963694E-01, 0.2411969E-01
 0.6751781E+02, 0.2109021E-02, 0.1277043E-01, 0.1487945E-01, 0.5944311E-03, 0.6553788E-02, 0.7148219E-02, 0.1635242E-02,-0.5172136E-03, 0.1118028E-02,-0.2703452E-02,-0.1932422E-01,-0.2202767E-01, 0.6577046E+03, 0.4507107E+03, 0.1117415E+03, 0.6137911E+03, 0.1965698E-01, 0.2414110E-01
 0.6761781E+02, 0.2118828E-02, 0.1278562E-01, 0.1490445E-01, 0.5802705E-03, 0.6557948E-02, 0.7138218E-02, 0.1640479E-02,-0.5054512E-03, 0.1135028E-02,-0.2699099E-02,-0.1934357E-01,-0.2204267E-01, 0.6584501E+03, 0.4481805E+03, 0.1120994E+03, 0.6140168E+03, 0.1967707E-01, 0.2416258E-01
 0.6771781E+02, 0.2128524E-02, 0.1280093E-01, 0.1492945E-01, 0.5661993E-03, 0.6562019E-02, 0.7128219E-02, 0.1645646E-02,-0.4936183E-03, 0.1152028E-02,-0.2694723E-02,-0.1936295E-01,-0.2205767E-01, 0.6591769E+03, 0.4456593E+03, 0.1124525E+03, 0.6142433E+03, 0.1969720E-01, 0.2418412E-01
 0.6781781E+02, 0.2138107E-02, 0.1281635E-01, 0.1495445E-01, 0.5522175E-03, 0.6566001E-02, 0.7118219E-02, 0.1650744E-02,-0.4817155E-03, 0.1169028E-02,-0.2690324E-02,-0.1938235E-01,-0.2207267E-01, 0.6598855E+03, 0.4431473E+03, 0.1128008E+03, 0.6144705E+03, 0.1971738E-01, 0.2420573E-01
 0.6791781E+02, 0.2147579E-02, 0.1283187E-01, 0.1497945E-01, 0.5383253E-03, 0.6569894E-02, 0.7108219E-02, 0.1655772E-02,-0.4697440E-03, 0.1186028E-02,-0.2685905E-02,-0.1940177E-01,-0.2208767E-01, 0.6605761E+03, 0.4406447E+03, 0.1131444E+03, 0.6146984E+03, 0.1973760E-01, 0.2422741E-01
 0.6800000E+02, 0.2155287E-02, 0.1284471E-01, 0.1500000E-01, 0.5269675E-03, 0.6573033E-02, 0.7100000E-02, 0.1659856E-02,-0.4598563E-03, 0.1200000E-02,-0.2682254E-02,-0.1941775E-01,-0.2210000E-01, 0.6611307E+03, 0.4385937E+03, 0.1134235E+03, 0.6148863E+03, 0.1975426E-01, 0.2424528E-01
 0.6801000E+02, 0.2156141E-02, 0.1284596E-01, 0.1500210E-01, 0.5256638E-03, 0.6573336E-02, 0.7099000E-02, 0.1660397E-02,-0.4588971E-03, 0.1201500E-02,-0.2681805E-02,-0.1941929E-01,-0.2210110E-01, 0.6611860E+03, 0.4383541E+03, 0.1134605E+03, 0.6149045E+03, 0.1975587E-01, 0.2424701E-01
 0.6802000E+02, 0.2156995E-02, 0.1284720E-01, 0.1500420E-01, 0.5243608E-03, 0.6573639E-02, 0.7098000E-02, 0.1660937E-02,-0.4579373E-03, 0.1203000E-02,-0.2681356E-02,-0.1942084E-01,-0.2210220E-01, 0.6612413E+03, 0.4381146E+03, 0.1134974E+03, 0.6149227E+03, 0.1975749E-01, 0.2424875E-01
 0.6803500E+02, 0.2158273E-02, 0.1284908E-01, 0.1500735E-01, 0.5224078E-03, 0.6574092E-02, 0.7096500E-02, 0.1661746E-02,-0.4564963E-03, 0.1205250E-02,-0.2680681E-02,-0.1942317E-01,-0.2210385E-01, 0.6613238E+03, 0.4377555E+03, 0.1135527E+03, 0.6149500E+03, 0.1975991E-01, 0.2425134E-01
 0.6805750E+02, 0.2160187E-02, 0.1285189E-01, 0.1501207E-01, 0.5194817E-03, 0.6574768E-02, 0.7094250E-02, 0.1662957E-02,-0.4543320E-03, 0.1208625E-02,-0.2679669E-02,-0.1942666E-01,-0.2210633E-01, 0.6614470E+03, 0.4372172E+03, 0.1136354E+03, 0.6149910E+03, 0.1976355E-01, 0.2425524E-01
 0.6809125E+02, 0.2163048E-02, 0.1285611E-01, 0.1501916E-01, 0.5151003E-03, 0.6575775E-02, 0.7090875E-02, 0.1664767E-02,-0.4510794E-03, 0.1213687E-02,-0.2678149E-02,-0.1943189E-01,-0.2211004E-01, 0.6616302E+03, 0.4364107E+03, 0.1137591E+03, 0.6150526E+03, 0.1976901E-01, 0.2426109E-01
 0.6814187E+02, 0.2167320E-02, 0.1286247E-01, 0.1502979E-01, 0.5085455E-03, 0.6577267E-02, 0.7085812E-02, 0.1667467E-02,-0.4461862E-03, 0.1221281E-02,-0.2675865E-02,-0.1943974E-01,-0.2211561E-01, 0.6619019E+03, 0.4352028E+03, 0.1139436E+03, 0.6151451E+03, 0.1977720E-01, 0.2426987E-01
 0.6821781E+02, 0.2173680E-02, 0.1287206E-01, 0.1504574E-01, 0.4987522E-03, 0.6579467E-02, 0.7078219E-02, 0.1671487E-02,-0.4388148E-03, 0.1232672E-02,-0.2672432E-02,-0.1945153E-01,-0.2212396E-01, 0.6623021E+03, 0.4333952E+03, 0.1142183E+03, 0.6152840E+03, 0.1978952E-01, 0.2428311E-01
 0.6831781E+02, 0.2181977E-02, 0.1288476E-01, 0.1506674E-01, 0.4859232E-03, 0.6582296E-02, 0.7068219E-02, 0.1676725E-02,-0.4290531E-03, 0.1247672E-02,-0.2667900E-02,-0.1946706E-01,-0.2213496E-01, 0.6628166E+03, 0.4310226E+03, 0.1145762E+03, 0.6154677E+03, 0.1980576E-01, 0.2430059E-01
 0.6841781E+02, 0.2190189E-02, 0.1289755E-01, 0.1508774E-01, 0.4731605E-03, 0.6585058E-02, 0.7058219E-02, 0.1681905E-02,-0.4192328E-03, 0.1262672E-02,-0.2663350E-02,-0.1948261E-01,-0.2214596E-01, 0.6633170E+03, 0.4286564E+03, 0.1149302E+03, 0.6156521E+03, 0.1982204E-01, 0.2431812E-01
 0.6851781E+02, 0.2198317E-02, 0.1291042E-01, 0.1510874E-01, 0.4604643E-03, 0.6587754E-02, 0.7048219E-02, 0.1687026E-02,-0.4093545E-03, 0.1277672E-02,-0.2658781E-02,-0.1949818E-01,-0.2215696E-01, 0.6638034E+03, 0.4262969E+03, 0.1152801E+03, 0.6158370E+03, 0.1983835E-01, 0.2433571E-01
 0.6861781E+02, 0.2206361E-02, 0.1292338E-01, 0.1512974E-01, 0.4478346E-03, 0.6590384E-02, 0.7038219E-02, 0.1692091E-02,-0.3994186E-03, 0.1292672E-02,-0.2654196E-02,-0.1951376E-01,-0.2216796E-01, 0.6642761E+03, 0.4239442E+03, 0.1156262E+03, 0.6160225E+03, 0.1985470E-01, 0.2435336E-01
 0.6871781E+02, 0.2214323E-02, 0.1293642E-01, 0.1515074E-01, 0.4352717E-03, 0.6592947E-02, 0.7028219E-02, 0.1697098E-02,-0.3894259E-03, 0.1307672E-02,-0.2649595E-02,-0.1952937E-01,-0.2217896E-01, 0.6647354E+03, 0.4215984E+03, 0.1159683E+03, 0.6162085E+03, 0.1987108E-01, 0.2437106E-01
 0.6881781E+02, 0.2222203E-02, 0.1294954E-01, 0.1517174E-01, 0.4227756E-03, 0.6595443E-02, 0.7018219E-02, 0.1702049E-02,-0.3793768E-03, 0.1322672E-02,-0.2644978E-02,-0.1954498E-01,-0.2218996E-01, 0.6651815E+03, 0.4192597E+03, 0.1163067E+03, 0.6163952E+03, 0.1988749E-01, 0.2438881E-01
 0.6891781E+02, 0.2230002E-02, 0.1296274E-01, 0.1519274E-01, 0.4103464E-03, 0.6597872E-02, 0.7008219E-02, 0.1706944E-02,-0.3692720E-03, 0.1337672E-02,-0.2640348E-02,-0.1956061E-01,-0.2220096E-01, 0.6656145E+03, 0.4169283E+03, 0.1166412E+03, 0.6165824E+03, 0.1990394E-01, 0.2440662E-01
 0.6900000E+02, 0.2236354E-02, 0.1297365E-01, 0.1521000E-01, 0.4001760E-03, 0.6599824E-02, 0.7000000E-02, 0.1710928E-02,-0.3609277E-03, 0.1350000E-02,-0.2636530E-02,-0.1957347E-01,-0.2221000E-01, 0.6659609E+03, 0.4150165E+03, 0.1169134E+03, 0.6167366E+03, 0.1991748E-01, 0.2442129E-01
 0.6901000E+02, 0.2237904E-02, 0.1297600E-01, 0.1521390E-01, 0.3977583E-03, 0.6600242E-02, 0.6998000E-02, 0.1711530E-02,-0.3591304E-03, 0.1352400E-02,-0.2635662E-02,-0.1957624E-01,-0.2221190E-01, 0.6660541E+03, 0.4145675E+03, 0.1169546E+03, 0.6167698E+03, 0.1992040E-01, 0.2442444E-01
 0.6902000E+02, 0.2239451E-02, 0.1297835E-01, 0.1521780E-01, 0.3953429E-03, 0.6600657E-02, 0.6996000E-02, 0.1712131E-02,-0.3573314E-03, 0.1354800E-02,-0.2634794E-02,-0.1957901E-01,-0.2221380E-01, 0.6661469E+03, 0.4141187E+03, 0.1169956E+03, 0.6168030E+03, 0.1992331E-01, 0.2442760E-01
 0.6903500E+02, 0.2241766E-02, 0.1298188E-01, 0.1522365E-01, 0.3917250E-03, 0.6601275E-02, 0.6993000E-02, 0.1713030E-02,-0.3546297E-03, 0.1358400E-02,-0.2633491E-02,-0.1958316E-01,-0.2221665E-01, 0.6662850E+03, 0.4134461E+03, 0.1170570E+03, 0.6168529E+03, 0.1992769E-01, 0.2443234E-01
 0.6905750E+02, 0.2245224E-02, 0.1298720E-01, 0.1523242E-01, 0.3863102E-03, 0.6602190E-02, 0.6988500E-02, 0.1714370E-02,-0.3505697E-03, 0.1363800E-02,-0.2631534E-02,-0.1958939E-01,-0.2222092E-01, 0.6664901E+03, 0.4124387E+03, 0.1171486E+03, 0.6169277E+03, 0.1993426E-01, 0.2443945E-01
 0.6909125E+02, 0.2250380E-02, 0.1299521E-01, 0.1524559E-01, 0.3782146E-03, 0.6603535E-02, 0.6981750E-02, 0.1716363E-02,-0.3444634E-03, 0.1371900E-02,-0.2628594E-02,-0.1959874E-01,-0.2222734E-01, 0.6667932E+03, 0.4109305E+03, 0.1172848E+03, 0.6170401E+03, 0.1994412E-01, 0.2445016E-01
 0.6914187E+02, 0.2258047E-02, 0.1300728E-01, 0.1526533E-01, 0.3661315E-03, 0.6605493E-02, 0.6971625E-02, 0.1719318E-02,-0.3352684E-03, 0.1384050E-02,-0.2624179E-02,-0.1961278E-01,-0.2223696E-01, 0.6672375E+03, 0.4086758E+03, 0.1174868E+03, 0.6172094E+03, 0.1995894E-01, 0.2446626E-01
 0.6921781E+02, 0.2269398E-02, 0.1302555E-01, 0.1529495E-01, 0.3481420E-03, 0.6608295E-02, 0.6956437E-02, 0.1723671E-02,-0.3213955E-03, 0.1402275E-02,-0.2617540E-02,-0.1963384E-01,-0.2225138E-01, 0.6678815E+03, 0.4053098E+03, 0.1177841E+03, 0.6174643E+03, 0.1998122E-01, 0.2449050E-01
 0.6931781E+02, 0.2284081E-02, 0.1304987E-01, 0.1533395E-01, 0.3246853E-03, 0.6611752E-02, 0.6936438E-02, 0.1729260E-02,-0.3029852E-03, 0.1426275E-02,-0.2608766E-02,-0.1966162E-01,-0.2227038E-01, 0.6686890E+03, 0.4009050E+03, 0.1181661E+03, 0.6178015E+03, 0.2001065E-01, 0.2452259E-01
 0.6941781E+02, 0.2298487E-02, 0.1307446E-01, 0.1537295E-01, 0.3014597E-03, 0.6614978E-02, 0.6916438E-02, 0.1734699E-02,-0.2844243E-03, 0.1450275E-02,-0.2599947E-02,-0.1968944E-01,-0.2228938E-01, 0.6694527E+03, 0.3965256E+03, 0.1185378E+03, 0.6181407E+03, 0.2004019E-01, 0.2455485E-01
 0.6951781E+02, 0.2312623E-02, 0.1309932E-01, 0.1541195E-01, 0.2784657E-03, 0.6617972E-02, 0.6896437E-02, 0.1739991E-02,-0.2657163E-03, 0.1474275E-02,-0.2591088E-02,-0.1971730E-01,-0.2230838E-01, 0.6701738E+03, 0.3921724E+03, 0.1188994E+03, 0.6184818E+03, 0.2006983E-01, 0.2458729E-01
 0.6961781E+02, 0.2326491E-02, 0.1312446E-01, 0.1545095E-01, 0.2557035E-03, 0.6620734E-02, 0.6876438E-02, 0.1745140E-02,-0.2468647E-03, 0.1498275E-02,-0.2582195E-02,-0.1974519E-01,-0.2232738E-01, 0.6708537E+03, 0.3878461E+03, 0.1192512E+03, 0.6188246E+03, 0.2009956E-01, 0.2461990E-01
 0.6971781E+02, 0.2340097E-02, 0.1314985E-01, 0.1548995E-01, 0.2331733E-03, 0.6623264E-02, 0.6856438E-02, 0.1750148E-02,-0.2278728E-03, 0.1522275E-02,-0.2573271E-02,-0.1977311E-01,-0.2234639E-01, 0.6714936E+03, 0.3835473E+03, 0.1195934E+03, 0.6191691E+03, 0.2012938E-01, 0.2465267E-01
 0.6981781E+02, 0.2353446E-02, 0.1317550E-01, 0.1552895E-01, 0.2108748E-03, 0.6625562E-02, 0.6836437E-02, 0.1755019E-02,-0.2087442E-03, 0.1546275E-02,-0.2564321E-02,-0.1980106E-01,-0.2236538E-01, 0.6720948E+03, 0.3792768E+03, 0.1199263E+03, 0.6195154E+03, 0.2015929E-01, 0.2468561E-01
 0.6991781E+02, 0.2366542E-02, 0.1320140E-01, 0.1556795E-01, 0.1888082E-03, 0.6627630E-02, 0.6816438E-02, 0.1759757E-02,-0.1894820E-03, 0.1570275E-02,-0.2555350E-02,-0.1982903E-01,-0.2238439E-01, 0.6726586E+03, 0.3750350E+03, 0.1202501E+03, 0.6198634E+03, 0.2018929E-01, 0.2471871E-01
 0.7000000E+02, 0.2377128E-02, 0.1322287E-01, 0.1560000E-01, 0.1708280E-03, 0.6629172E-02, 0.6800000E-02, 0.1763556E-02,-0.1735561E-03, 0.1590000E-02,-0.2547956E-02,-0.1985204E-01,-0.2240000E-01, 0.6730949E+03, 0.3715672E+03, 0.1205097E+03, 0.6201505E+03, 0.2021400E-01, 0.2474603E-01
 0.7001000E+02, 0.2378100E-02, 0.1322410E-01, 0.1560220E-01, 0.1691406E-03, 0.6629259E-02, 0.6798400E-02, 0.1763745E-02,-0.1726447E-03, 0.1591100E-02,-0.2547240E-02,-0.1985336E-01,-0.2240060E-01, 0.6731298E+03, 0.3712387E+03, 0.1205226E+03, 0.6201670E+03, 0.2021542E-01, 0.2474759E-01
 0.7002000E+02, 0.2379070E-02, 0.1322533E-01, 0.1560440E-01, 0.1674540E-03, 0.6629346E-02, 0.6796800E-02, 0.1763933E-02,-0.1717326E-03, 0.1592200E-02,-0.2546523E-02,-0.1985468E-01,-0.2240120E-01, 0.6731644E+03, 0.3709102E+03, 0.1205354E+03, 0.6201834E+03, 0.2021683E-01, 0.2474915E-01
 0.7003500E+02, 0.2380522E-02, 0.1322718E-01, 0.1560770E-01, 0.1649260E-03, 0.6629474E-02, 0.6794400E-02, 0.1764213E-02,-0.1703635E-03, 0.1593850E-02,-0.2545448E-02,-0.1985665E-01,-0.2240210E-01, 0.6732159E+03, 0.3704178E+03, 0.1205546E+03, 0.6202081E+03, 0.2021896E-01, 0.2475150E-01
 0.7005750E+02, 0.2382695E-02, 0.1322995E-01, 0.1561265E-01, 0.1611382E-03, 0.6629662E-02, 0.6790800E-02, 0.1764632E-02,-0.1683071E-03, 0.1596325E-02,-0.2543834E-02,-0.1985962E-01,-0.2240345E-01, 0.6732923E+03, 0.3696795E+03, 0.1205832E+03, 0.6202451E+03, 0.2022214E-01, 0.2475502E-01
 0.7009125E+02, 0.2385943E-02, 0.1323413E-01, 0.1562007E-01, 0.1554661E-03, 0.6629934E-02, 0.6785400E-02, 0.1765254E-02,-0.1652168E-03, 0.1600038E-02,-0.2541410E-02,-0.1986407E-01,-0.2240548E-01, 0.6734049E+03, 0.3685730E+03, 0.1206257E+03, 0.6203008E+03, 0.2022693E-01, 0.2476031E-01
 0.7014187E+02, 0.2390789E-02, 0.1324042E-01, 0.1563121E-01, 0.1469792E-03, 0.6630321E-02, 0.6777300E-02, 0.1766175E-02,-0.1605683E-03, 0.1605606E-02,-0.2537768E-02,-0.1987075E-01,-0.2240851E-01, 0.6735693E+03, 0.3669154E+03, 0.1206886E+03, 0.6203844E+03, 0.2023412E-01, 0.2476825E-01
 0.7021781E+02, 0.2397995E-02, 0.1324992E-01, 0.1564792E-01, 0.1342972E-03, 0.6630853E-02, 0.6765150E-02, 0.1767526E-02,-0.1535664E-03, 0.1613959E-02,-0.2532293E-02,-0.1988078E-01,-0.2241307E-01, 0.6738060E+03, 0.3644339E+03, 0.1207809E+03, 0.6205103E+03, 0.2024493E-01, 0.2478024E-01
 0.7031781E+02, 0.2407380E-02, 0.1326254E-01, 0.1566992E-01, 0.1176805E-03, 0.6631469E-02, 0.6749150E-02, 0.1769254E-02,-0.1442949E-03, 0.1624959E-02,-0.2525060E-02,-0.1989401E-01,-0.2241907E-01, 0.6741002E+03, 0.3611746E+03, 0.1208990E+03, 0.6206770E+03, 0.2025921E-01, 0.2479611E-01
 0.7041781E+02, 0.2416650E-02, 0.1327527E-01, 0.1569192E-01, 0.1011477E-03, 0.6632002E-02, 0.6733150E-02, 0.1770926E-02,-0.1349662E-03, 0.1635959E-02,-0.2517797E-02,-0.1990727E-01,-0.2242507E-01, 0.6743744E+03, 0.3579225E+03, 0.1210132E+03, 0.6208447E+03, 0.2027354E-01, 0.2481206E-01
 0.7051781E+02, 0.2425806E-02, 0.1328811E-01, 0.1571392E-01, 0.8469926E-04, 0.6632451E-02, 0.6717150E-02, 0.1772541E-02,-0.1255811E-03, 0.1646959E-02,-0.2510505E-02,-0.1992056E-01,-0.2243107E-01, 0.6746292E+03, 0.3546779E+03, 0.1211236E+03, 0.6210134E+03, 0.2028793E-01, 0.2482810E-01
 0.7061781E+02, 0.2434849E-02, 0.1330107E-01, 0.1573592E-01, 0.6833563E-04, 0.6632814E-02, 0.6701150E-02, 0.1774100E-02,-0.1161405E-03, 0.1657959E-02,-0.2503185E-02,-0.1993388E-01,-0.2243707E-01, 0.6748646E+03, 0.3514411E+03, 0.1212302E+03, 0.6211829E+03, 0.2030237E-01, 0.2484423E-01
 0.7071781E+02, 0.2443781E-02, 0.1331414E-01, 0.1575792E-01, 0.5205724E-04, 0.6633093E-02, 0.6685150E-02, 0.1775605E-02,-0.1066452E-03, 0.1668959E-02,-0.2495838E-02,-0.1994723E-01,-0.2244307E-01, 0.6750812E+03, 0.3482123E+03, 0.1213330E+03, 0.6213533E+03, 0.2031685E-01, 0.2486044E-01
 0.7081781E+02, 0.2452601E-02, 0.1332732E-01, 0.1577992E-01, 0.3586452E-04, 0.6633285E-02, 0.6669150E-02, 0.1777055E-02,-0.9709602E-04, 0.1679959E-02,-0.2488466E-02,-0.1996060E-01,-0.2244907E-01, 0.6752792E+03, 0.3449918E+03, 0.1214321E+03, 0.6215246E+03, 0.2033139E-01, 0.2487673E-01
 0.7091781E+02, 0.2461312E-02, 0.1334061E-01, 0.1580192E-01, 0.1975784E-04, 0.6633392E-02, 0.6653150E-02, 0.1778453E-02,-0.8749370E-04, 0.1690959E-02,-0.2481070E-02,-0.1997400E-01,-0.2245507E-01, 0.6754589E+03, 0.3417798E+03, 0.1215276E+03, 0.6216967E+03, 0.2034598E-01, 0.2489310E-01
 0.7100000E+02, 0.2468393E-02, 0.1335161E-01, 0.1582000E-01, 0.6578523E-05, 0.6633421E-02, 0.6640000E-02, 0.1779563E-02,-0.7956295E-04, 0.1700000E-02,-0.2474971E-02,-0.1998503E-01,-0.2246000E-01, 0.6755931E+03, 0.3391451E+03, 0.1216035E+03, 0.6218388E+03, 0.2035800E-01, 0.2490662E-01
 0.7101000E+02, 0.2469247E-02, 0.1335355E-01, 0.1582280E-01, 0.5174444E-05, 0.6633426E-02, 0.6638600E-02, 0.1779360E-02,-0.7816052E-04, 0.1701200E-02,-0.2474421E-02,-0.1998698E-01,-0.2246140E-01, 0.6756345E+03, 0.3388780E+03, 0.1215896E+03, 0.6218639E+03, 0.2036013E-01, 0.2490901E-01
 0.7102000E+02, 0.2470099E-02, 0.1335550E-01, 0.1582560E-01, 0.3771471E-05, 0.6633428E-02, 0.6637200E-02, 0.1779158E-02,-0.7675789E-04, 0.1702400E-02,-0.2473871E-02,-0.1998893E-01,-0.2246280E-01, 0.6756758E+03, 0.3386111E+03, 0.1215758E+03, 0.6218891E+03, 0.2036225E-01, 0.2491140E-01
 0.7103500E+02, 0.2471376E-02, 0.1335842E-01, 0.1582980E-01, 0.1669496E-05, 0.6633431E-02, 0.6635100E-02, 0.1778854E-02,-0.7465376E-04, 0.1704200E-02,-0.2473045E-02,-0.1999185E-01,-0.2246490E-01, 0.6757375E+03, 0.3382110E+03, 0.1215550E+03, 0.6219268E+03, 0.2036544E-01, 0.2491498E-01
 0.7105750E+02, 0.2473286E-02, 0.1336281E-01, 0.1583610E-01,-0.1477881E-05, 0.6633428E-02, 0.6631950E-02, 0.1778397E-02,-0.7149709E-04, 0.1706900E-02,-0.2471808E-02,-0.1999624E-01,-0.2246805E-01, 0.6758295E+03, 0.3376118E+03, 0.1215238E+03, 0.6219834E+03, 0.2037023E-01, 0.2492036E-01
 0.7109125E+02, 0.2476139E-02, 0.1336941E-01, 0.1584555E-01,-0.6186399E-05, 0.6633412E-02, 0.6627225E-02, 0.1777711E-02,-0.6676101E-04, 0.1710950E-02,-0.2469952E-02,-0.2000282E-01,-0.2247277E-01, 0.6759658E+03, 0.3367147E+03, 0.1214769E+03, 0.6220682E+03, 0.2037741E-01, 0.2492842E-01
 0.7114187E+02, 0.2480393E-02, 0.1337933E-01, 0.1585973E-01,-0.1322102E-04, 0.6633359E-02, 0.6620138E-02, 0.1776680E-02,-0.5965454E-04, 0.1717025E-02,-0.2467172E-02,-0.2001269E-01,-0.2247986E-01, 0.6761671E+03, 0.3353733E+03, 0.1214064E+03, 0.6221956E+03, 0.2038819E-01, 0.2494056E-01
 0.7121781E+02, 0.2486717E-02, 0.1339427E-01, 0.1588099E-01,-0.2370984E-04, 0.6633216E-02, 0.6609506E-02, 0.1775129E-02,-0.4899117E-04, 0.1726137E-02,-0.2463007E-02,-0.2002749E-01,-0.2249049E-01, 0.6764624E+03, 0.3333707E+03, 0.1213005E+03, 0.6223874E+03, 0.2040437E-01, 0.2495880E-01
 0.7131781E+02, 0.2494945E-02, 0.1341404E-01, 0.1590899E-01,-0.3741335E-04, 0.6632919E-02, 0.6595506E-02, 0.1773077E-02,-0.3493983E-04, 0.1738137E-02,-0.2457532E-02,-0.2004696E-01,-0.2250449E-01, 0.6768386E+03, 0.3307495E+03, 0.1211603E+03, 0.6226404E+03, 0.2042569E-01, 0.2498287E-01
 0.7141781E+02, 0.2503068E-02, 0.1343392E-01, 0.1593699E-01,-0.5100828E-04, 0.6632515E-02, 0.6581506E-02, 0.1771013E-02,-0.2087600E-04, 0.1750137E-02,-0.2452060E-02,-0.2006643E-01,-0.2251849E-01, 0.6772008E+03, 0.3281437E+03, 0.1210193E+03, 0.6228941E+03, 0.2044704E-01, 0.2500700E-01
 0.7151781E+02, 0.2511087E-02, 0.1345390E-01, 0.1596499E-01,-0.6449509E-04, 0.6632001E-02, 0.6567506E-02, 0.1768938E-02,-0.6800461E-05, 0.1762137E-02,-0.2446592E-02,-0.2008590E-01,-0.2253249E-01, 0.6775495E+03, 0.3255533E+03, 0.1208774E+03, 0.6231483E+03, 0.2046842E-01, 0.2503119E-01
 0.7161781E+02, 0.2519004E-02, 0.1347398E-01, 0.1599299E-01,-0.7787423E-04, 0.6631380E-02, 0.6553506E-02, 0.1766852E-02, 0.7286033E-05, 0.1774138E-02,-0.2441130E-02,-0.2010536E-01,-0.2254649E-01, 0.6778849E+03, 0.3229783E+03, 0.1207348E+03, 0.6234032E+03, 0.2048982E-01, 0.2505543E-01
 0.7171781E+02, 0.2526820E-02, 0.1349417E-01, 0.1602099E-01,-0.9114616E-04, 0.6630653E-02, 0.6539506E-02, 0.1764755E-02, 0.2138273E-04, 0.1786137E-02,-0.2435674E-02,-0.2012482E-01,-0.2256049E-01, 0.6782075E+03, 0.3204188E+03, 0.1205916E+03, 0.6236587E+03, 0.2051124E-01, 0.2507973E-01
 0.7181781E+02, 0.2534537E-02, 0.1351445E-01, 0.1604899E-01,-0.1043114E-03, 0.6629818E-02, 0.6525506E-02, 0.1762649E-02, 0.3548890E-04, 0.1798137E-02,-0.2430225E-02,-0.2014427E-01,-0.2257449E-01, 0.6785175E+03, 0.3178749E+03, 0.1204477E+03, 0.6239148E+03, 0.2053269E-01, 0.2510409E-01
 0.7191781E+02, 0.2542155E-02, 0.1353483E-01, 0.1607699E-01,-0.1173704E-03, 0.6628877E-02, 0.6511506E-02, 0.1760534E-02, 0.4960383E-04, 0.1810137E-02,-0.2424785E-02,-0.2016371E-01,-0.2258849E-01, 0.6788151E+03, 0.3153466E+03, 0.1203031E+03, 0.6241714E+03, 0.2055416E-01, 0.2512850E-01
 0.7200000E+02, 0.2548348E-02, 0.1355165E-01, 0.1610000E-01,-0.1280316E-03, 0.6628031E-02, 0.6500000E-02, 0.1758788E-02, 0.6121228E-04, 0.1820000E-02,-0.2420316E-02,-0.2017968E-01,-0.2260000E-01, 0.6790508E+03, 0.3132789E+03, 0.1201838E+03, 0.6243827E+03, 0.2057182E-01, 0.2514860E-01
 0.7201000E+02, 0.2549394E-02, 0.1355371E-01, 0.1610310E-01,-0.1299269E-03, 0.6627927E-02, 0.6498000E-02, 0.1758471E-02, 0.6262927E-04, 0.1821100E-02,-0.2419467E-02,-0.2018163E-01,-0.2260110E-01, 0.6790776E+03, 0.3129038E+03, 0.1201622E+03, 0.6244085E+03, 0.2057398E-01, 0.2515106E-01
 0.7202000E+02, 0.2550438E-02, 0.1355576E-01, 0.1610620E-01,-0.1318206E-03, 0.6627820E-02, 0.6496000E-02, 0.1758153E-02, 0.6404665E-04, 0.1822200E-02,-0.2418617E-02,-0.2018358E-01,-0.2260220E-01, 0.6791041E+03, 0.3125288E+03, 0.1201405E+03, 0.6244343E+03, 0.2057613E-01, 0.2515351E-01
 0.7203500E+02, 0.2552000E-02, 0.1355885E-01, 0.1611085E-01,-0.1346577E-03, 0.6627658E-02, 0.6493000E-02, 0.1757677E-02, 0.6617320E-04, 0.1823850E-02,-0.2417342E-02,-0.2018651E-01,-0.2260385E-01, 0.6791434E+03, 0.3119669E+03, 0.1201079E+03, 0.6244731E+03, 0.2057937E-01, 0.2515719E-01
 0.7205750E+02, 0.2554336E-02, 0.1356349E-01, 0.1611783E-01,-0.1389054E-03, 0.6627406E-02, 0.6488500E-02, 0.1756961E-02, 0.6936421E-04, 0.1826325E-02,-0.2415430E-02,-0.2019089E-01,-0.2260632E-01, 0.6792014E+03, 0.3111251E+03, 0.1200590E+03, 0.6245312E+03, 0.2058422E-01, 0.2516271E-01
 0.7209125E+02, 0.2557822E-02, 0.1357047E-01, 0.1612829E-01,-0.1452592E-03, 0.6627009E-02, 0.6481750E-02, 0.1755884E-02, 0.7415335E-04, 0.1830038E-02,-0.2412562E-02,-0.2019748E-01,-0.2261004E-01, 0.6792858E+03, 0.3098648E+03, 0.1199854E+03, 0.6246184E+03, 0.2059151E-01, 0.2517100E-01
 0.7214187E+02, 0.2563012E-02, 0.1358097E-01, 0.1614398E-01,-0.1547500E-03, 0.6626375E-02, 0.6471625E-02, 0.1754263E-02, 0.8134282E-04, 0.1835606E-02,-0.2408262E-02,-0.2020735E-01,-0.2261561E-01, 0.6794073E+03, 0.3079799E+03, 0.1198747E+03, 0.6247495E+03, 0.2060245E-01, 0.2518349E-01
 0.7221781E+02, 0.2570711E-02, 0.1359681E-01, 0.1616752E-01,-0.1688967E-03, 0.6625334E-02, 0.6456438E-02, 0.1751821E-02, 0.9213807E-04, 0.1843959E-02,-0.2401814E-02,-0.2022215E-01,-0.2262396E-01, 0.6795784E+03, 0.3051654E+03, 0.1197078E+03, 0.6249470E+03, 0.2061889E-01, 0.2520228E-01
 0.7231781E+02, 0.2580696E-02, 0.1361783E-01, 0.1619852E-01,-0.1873710E-03, 0.6623808E-02, 0.6436437E-02, 0.1748583E-02, 0.1063766E-03, 0.1854959E-02,-0.2393325E-02,-0.2024163E-01,-0.2263496E-01, 0.6797830E+03, 0.3014804E+03, 0.1194865E+03, 0.6252081E+03, 0.2064057E-01, 0.2522711E-01
 0.7241781E+02, 0.2590520E-02, 0.1363900E-01, 0.1622952E-01,-0.2056896E-03, 0.6622127E-02, 0.6416438E-02, 0.1745316E-02, 0.1206437E-03, 0.1865959E-02,-0.2384830E-02,-0.2026113E-01,-0.2264596E-01, 0.6799646E+03, 0.2978159E+03, 0.1192632E+03, 0.6254703E+03, 0.2066229E-01, 0.2525205E-01
 0.7251781E+02, 0.2600185E-02, 0.1366034E-01, 0.1626052E-01,-0.2238528E-03, 0.6620290E-02, 0.6396437E-02, 0.1742022E-02, 0.1349377E-03, 0.1876959E-02,-0.2376332E-02,-0.2028063E-01,-0.2265696E-01, 0.6801239E+03, 0.2941721E+03, 0.1190381E+03, 0.6257336E+03, 0.2068407E-01, 0.2527710E-01
 0.7261781E+02, 0.2609692E-02, 0.1368183E-01, 0.1629152E-01,-0.2418609E-03, 0.6618299E-02, 0.6376438E-02, 0.1738702E-02, 0.1492572E-03, 0.1887959E-02,-0.2367831E-02,-0.2030013E-01,-0.2266796E-01, 0.6802615E+03, 0.2905493E+03, 0.1188113E+03, 0.6259980E+03, 0.2070589E-01, 0.2530225E-01
 0.7271781E+02, 0.2619045E-02, 0.1370348E-01, 0.1632252E-01,-0.2597142E-03, 0.6616152E-02, 0.6356438E-02, 0.1735359E-02, 0.1636006E-03, 0.1898959E-02,-0.2359330E-02,-0.2031963E-01,-0.2267896E-01, 0.6803779E+03, 0.2869475E+03, 0.1185829E+03, 0.6262634E+03, 0.2072775E-01, 0.2532750E-01
 0.7281781E+02, 0.2628245E-02, 0.1372528E-01, 0.1635352E-01,-0.2774132E-03, 0.6613851E-02, 0.6336437E-02, 0.1731993E-02, 0.1779665E-03, 0.1909959E-02,-0.2350831E-02,-0.2033913E-01,-0.2268996E-01, 0.6804738E+03, 0.2833672E+03, 0.1183529E+03, 0.6265299E+03, 0.2074965E-01, 0.2535285E-01
 0.7291781E+02, 0.2637295E-02, 0.1374723E-01, 0.1638452E-01,-0.2949584E-03, 0.6611396E-02, 0.6316437E-02, 0.1728606E-02, 0.1923534E-03, 0.1920959E-02,-0.2342337E-02,-0.2035862E-01,-0.2270096E-01, 0.6805496E+03, 0.2798083E+03, 0.1181214E+03, 0.6267974E+03, 0.2077160E-01, 0.2537829E-01
 0.7300000E+02, 0.2644627E-02, 0.1376537E-01, 0.1641000E-01,-0.3092738E-03, 0.6609274E-02, 0.6300000E-02, 0.1725805E-02, 0.2041950E-03, 0.1930000E-02,-0.2335353E-02,-0.2037465E-01,-0.2271000E-01, 0.6805973E+03, 0.2768975E+03, 0.1179300E+03, 0.6270181E+03, 0.2078966E-01, 0.2539928E-01
 0.7301000E+02, 0.2645546E-02, 0.1376755E-01, 0.1641310E-01,-0.3110173E-03, 0.6609017E-02, 0.6298000E-02, 0.1725282E-02, 0.2056176E-03, 0.1930900E-02,-0.2334528E-02,-0.2037657E-01,-0.2271110E-01, 0.6806100E+03, 0.2765465E+03, 0.1178943E+03, 0.6270446E+03, 0.2079183E-01, 0.2540180E-01
 0.7302000E+02, 0.2646463E-02, 0.1376974E-01, 0.1641620E-01,-0.3127593E-03, 0.6608760E-02, 0.6296000E-02, 0.1724760E-02, 0.2070403E-03, 0.1931800E-02,-0.2333703E-02,-0.2037850E-01,-0.2271220E-01, 0.6806226E+03, 0.2761956E+03, 0.1178586E+03, 0.6270711E+03, 0.2079400E-01, 0.2540432E-01
 0.7303500E+02, 0.2647835E-02, 0.1377301E-01, 0.1642085E-01,-0.3153690E-03, 0.6608369E-02, 0.6293000E-02, 0.1723976E-02, 0.2091742E-03, 0.1933150E-02,-0.2332466E-02,-0.2038138E-01,-0.2271385E-01, 0.6806411E+03, 0.2756699E+03, 0.1178050E+03, 0.6271108E+03, 0.2079726E-01, 0.2540810E-01
 0.7305750E+02, 0.2649887E-02, 0.1377794E-01, 0.1642782E-01,-0.3192758E-03, 0.6607776E-02, 0.6288500E-02, 0.1722800E-02, 0.2123750E-03, 0.1935175E-02,-0.2330611E-02,-0.2038571E-01,-0.2271633E-01, 0.6806680E+03, 0.2748825E+03, 0.1177247E+03, 0.6271706E+03, 0.2080215E-01, 0.2541378E-01
 0.7309125E+02, 0.2652949E-02, 0.1378534E-01, 0.1643829E-01,-0.3251189E-03, 0.6606869E-02, 0.6281750E-02, 0.1721037E-02, 0.2171758E-03, 0.1938213E-02,-0.2327830E-02,-0.2039221E-01,-0.2272004E-01, 0.6807065E+03, 0.2737039E+03, 0.1176042E+03, 0.6272602E+03, 0.2080948E-01, 0.2542229E-01
 0.7314187E+02, 0.2657508E-02, 0.1379647E-01, 0.1645398E-01,-0.3338450E-03, 0.6605470E-02, 0.6271625E-02, 0.1718393E-02, 0.2243760E-03, 0.1942769E-02,-0.2323663E-02,-0.2040194E-01,-0.2272561E-01, 0.6807599E+03, 0.2719417E+03, 0.1174235E+03, 0.6273947E+03, 0.2082049E-01, 0.2543511E-01
 0.7321781E+02, 0.2664271E-02, 0.1381325E-01, 0.1647752E-01,-0.3468483E-03, 0.6603286E-02, 0.6256437E-02, 0.1714431E-02, 0.2351723E-03, 0.1949603E-02,-0.2317422E-02,-0.2041654E-01,-0.2273396E-01, 0.6808313E+03, 0.2693117E+03, 0.1171528E+03, 0.6275974E+03, 0.2083702E-01, 0.2545439E-01
 0.7331781E+02, 0.2673042E-02, 0.1383548E-01, 0.1650852E-01,-0.3638228E-03, 0.6600260E-02, 0.6236437E-02, 0.1709217E-02, 0.2493861E-03, 0.1958603E-02,-0.2309219E-02,-0.2043574E-01,-0.2274496E-01, 0.6809089E+03, 0.2658708E+03, 0.1167965E+03, 0.6278652E+03, 0.2085880E-01, 0.2547986E-01
 0.7341781E+02, 0.2681670E-02, 0.1385785E-01, 0.1653952E-01,-0.3806473E-03, 0.6597085E-02, 0.6216438E-02, 0.1704002E-02, 0.2636012E-03, 0.1967603E-02,-0.2301023E-02,-0.2045494E-01,-0.2275596E-01, 0.6809681E+03, 0.2624514E+03, 0.1164401E+03, 0.6281339E+03, 0.2088062E-01, 0.2550542E-01
 0.7351781E+02, 0.2690159E-02, 0.1388036E-01, 0.1657052E-01,-0.3973226E-03, 0.6593760E-02, 0.6196438E-02, 0.1698787E-02, 0.2778165E-03, 0.1976603E-02,-0.2292837E-02,-0.2047412E-01,-0.2276696E-01, 0.6810095E+03, 0.2590536E+03, 0.1160838E+03, 0.6284036E+03, 0.2090248E-01, 0.2553107E-01
 0.7361781E+02, 0.2698511E-02, 0.1390301E-01, 0.1660152E-01,-0.4138491E-03, 0.6590287E-02, 0.6176438E-02, 0.1693572E-02, 0.2920308E-03, 0.1985603E-02,-0.2284662E-02,-0.2049330E-01,-0.2277796E-01, 0.6810336E+03, 0.2556777E+03, 0.1157274E+03, 0.6286742E+03, 0.2092436E-01, 0.2555681E-01
 0.7371781E+02, 0.2706727E-02, 0.1392580E-01, 0.1663252E-01,-0.4302276E-03, 0.6586665E-02, 0.6156438E-02, 0.1688360E-02, 0.3062428E-03, 0.1994603E-02,-0.2276499E-02,-0.2051246E-01,-0.2278896E-01, 0.6810408E+03, 0.2523237E+03, 0.1153713E+03, 0.6289457E+03, 0.2094628E-01, 0.2558264E-01
 0.7381781E+02, 0.2714809E-02, 0.1394871E-01, 0.1666352E-01,-0.4464587E-03, 0.6582896E-02, 0.6136437E-02, 0.1683152E-02, 0.3204515E-03, 0.2003603E-02,-0.2268350E-02,-0.2053161E-01,-0.2279996E-01, 0.6810317E+03, 0.2489918E+03, 0.1150154E+03, 0.6292181E+03, 0.2096822E-01, 0.2560855E-01
 0.7391781E+02, 0.2722760E-02, 0.1397176E-01, 0.1669452E-01,-0.4625432E-03, 0.6578980E-02, 0.6116437E-02, 0.1677947E-02, 0.3346558E-03, 0.2012603E-02,-0.2260217E-02,-0.2055074E-01,-0.2281096E-01, 0.6810068E+03, 0.2456820E+03, 0.1146597E+03, 0.6294913E+03, 0.2099019E-01, 0.2563454E-01
 0.7400000E+02, 0.2729202E-02, 0.1399080E-01, 0.1672000E-01,-0.4756630E-03, 0.6575663E-02, 0.6100000E-02, 0.1673670E-02, 0.3463295E-03, 0.2020000E-02,-0.2253539E-02,-0.2056646E-01,-0.2282000E-01, 0.6809746E+03, 0.2429764E+03, 0.1143675E+03, 0.6297166E+03, 0.2100827E-01, 0.2565597E-01
 0.7401000E+02, 0.2730417E-02, 0.1399378E-01, 0.1672420E-01,-0.4781403E-03, 0.6575140E-02, 0.6097000E-02, 0.1672642E-02, 0.3481581E-03, 0.2020800E-02,-0.2252277E-02,-0.2056892E-01,-0.2282120E-01, 0.6809681E+03, 0.2424653E+03, 0.1142972E+03, 0.6297519E+03, 0.2101110E-01, 0.2565932E-01
 0.7402000E+02, 0.2731629E-02, 0.1399677E-01, 0.1672840E-01,-0.4806145E-03, 0.6574614E-02, 0.6094000E-02, 0.1671613E-02, 0.3499867E-03, 0.2021600E-02,-0.2251014E-02,-0.2057139E-01,-0.2282240E-01, 0.6809612E+03, 0.2419547E+03, 0.1142269E+03, 0.6297872E+03, 0.2101394E-01, 0.2566268E-01
 0.7403500E+02, 0.2733441E-02, 0.1400126E-01, 0.1673470E-01,-0.4843193E-03, 0.6573819E-02, 0.6089500E-02, 0.1670071E-02, 0.3527288E-03, 0.2022800E-02,-0.2249121E-02,-0.2057508E-01,-0.2282420E-01, 0.6809502E+03, 0.2411896E+03, 0.1141215E+03, 0.6298402E+03, 0.2101819E-01, 0.2566772E-01
 0.7405750E+02, 0.2736145E-02, 0.1400800E-01, 0.1674415E-01,-0.4898616E-03, 0.6572612E-02, 0.6082750E-02, 0.1667760E-02, 0.3568403E-03, 0.2024600E-02,-0.2246284E-02,-0.2058062E-01,-0.2282690E-01, 0.6809319E+03, 0.2400443E+03, 0.1139636E+03, 0.6299197E+03, 0.2102457E-01, 0.2567527E-01
 0.7409125E+02, 0.2740172E-02, 0.1401815E-01, 0.1675833E-01,-0.4981418E-03, 0.6570767E-02, 0.6072625E-02, 0.1664296E-02, 0.3630040E-03, 0.2027300E-02,-0.2242030E-02,-0.2058892E-01,-0.2283095E-01, 0.6809010E+03, 0.2383315E+03, 0.1137269E+03, 0.6300392E+03, 0.2103415E-01, 0.2568666E-01
 0.7414187E+02, 0.2746148E-02, 0.1403344E-01, 0.1677959E-01,-0.5104875E-03, 0.6567925E-02, 0.6057438E-02, 0.1659110E-02, 0.3722399E-03, 0.2031350E-02,-0.2235660E-02,-0.2060137E-01,-0.2283703E-01, 0.6808470E+03, 0.2357736E+03, 0.1133725E+03, 0.6302191E+03, 0.2104853E-01, 0.2570377E-01
 0.7421781E+02, 0.2754964E-02, 0.1405652E-01, 0.1681148E-01,-0.5288388E-03, 0.6563495E-02, 0.6034656E-02, 0.1651352E-02, 0.3860728E-03, 0.2037425E-02,-0.2226125E-02,-0.2062001E-01,-0.2284614E-01, 0.6807488E+03, 0.2319624E+03, 0.1128424E+03, 0.6304899E+03, 0.2107012E-01, 0.2572953E-01
 0.7431781E+02, 0.2766316E-02, 0.1408716E-01, 0.1685348E-01,-0.5527154E-03, 0.6557371E-02, 0.6004656E-02, 0.1641170E-02, 0.4042551E-03, 0.2045425E-02,-0.2213601E-02,-0.2064454E-01,-0.2285814E-01, 0.6805886E+03, 0.2269877E+03, 0.1121466E+03, 0.6308483E+03, 0.2109859E-01, 0.2576362E-01
 0.7441781E+02, 0.2777396E-02, 0.1411808E-01, 0.1689548E-01,-0.5762996E-03, 0.6550956E-02, 0.5974656E-02, 0.1631012E-02, 0.4224126E-03, 0.2053425E-02,-0.2201097E-02,-0.2066904E-01,-0.2287014E-01, 0.6803940E+03, 0.2220556E+03, 0.1114525E+03, 0.6312087E+03, 0.2112714E-01, 0.2579790E-01
 0.7451781E+02, 0.2788211E-02, 0.1414927E-01, 0.1693748E-01,-0.5995933E-03, 0.6544250E-02, 0.5944656E-02, 0.1620883E-02, 0.4405419E-03, 0.2061425E-02,-0.2188617E-02,-0.2069352E-01,-0.2288214E-01, 0.6801665E+03, 0.2171666E+03, 0.1107603E+03, 0.6315710E+03, 0.2115574E-01, 0.2583236E-01
 0.7461781E+02, 0.2798765E-02, 0.1418072E-01, 0.1697948E-01,-0.6225980E-03, 0.6537254E-02, 0.5914656E-02, 0.1610785E-02, 0.4586401E-03, 0.2069425E-02,-0.2176167E-02,-0.2071797E-01,-0.2289414E-01, 0.6799073E+03, 0.2123211E+03, 0.1100703E+03, 0.6319351E+03, 0.2118440E-01, 0.2586700E-01
 0.7471781E+02, 0.2809065E-02, 0.1421242E-01, 0.1702148E-01,-0.6453157E-03, 0.6529972E-02, 0.5884656E-02, 0.1600721E-02, 0.4767041E-03, 0.2077425E-02,-0.2163749E-02,-0.2074239E-01,-0.2290614E-01, 0.6796179E+03, 0.2075192E+03, 0.1093826E+03, 0.6323010E+03, 0.2121310E-01, 0.2590180E-01
 0.7481781E+02, 0.2819116E-02, 0.1424436E-01, 0.1706348E-01,-0.6677482E-03, 0.6522404E-02, 0.5854656E-02, 0.1590694E-02, 0.4947311E-03, 0.2085425E-02,-0.2151368E-02,-0.2076677E-01,-0.2291814E-01, 0.6792995E+03, 0.2027614E+03, 0.1086974E+03, 0.6326687E+03, 0.2124186E-01, 0.2593678E-01
 0.7491781E+02, 0.2828925E-02, 0.1427656E-01, 0.1710548E-01,-0.6898976E-03, 0.6514554E-02, 0.5824656E-02, 0.1580707E-02, 0.5127185E-03, 0.2093425E-02,-0.2139027E-02,-0.2079111E-01,-0.2293014E-01, 0.6789535E+03, 0.1980477E+03, 0.1080149E+03, 0.6330381E+03, 0.2127066E-01, 0.2597192E-01
 0.7500000E+02, 0.2836816E-02, 0.1430318E-01, 0.1714000E-01,-0.7079090E-03, 0.6507909E-02, 0.5800000E-02, 0.1572521E-02, 0.5274792E-03, 0.2100000E-02,-0.2128907E-02,-0.2081109E-01,-0.2294000E-01, 0.6786487E+03, 0.1942030E+03, 0.1074556E+03, 0.6333430E+03, 0.2129436E-01, 0.2600092E-01
 0.7501000E+02, 0.2837846E-02, 0.1430665E-01, 0.1714450E-01,-0.7100410E-03, 0.6507041E-02, 0.5797000E-02, 0.1571000E-02, 0.5293997E-03, 0.2100400E-02,-0.2127805E-02,-0.2081369E-01,-0.2294150E-01, 0.6786390E+03, 0.1937611E+03, 0.1073517E+03, 0.6333827E+03, 0.2129745E-01, 0.2600469E-01
 0.7502000E+02, 0.2838874E-02, 0.1431013E-01, 0.1714900E-01,-0.7121700E-03, 0.6506170E-02, 0.5794000E-02, 0.1569481E-02, 0.5313192E-03, 0.2100800E-02,-0.2126704E-02,-0.2081630E-01,-0.2294300E-01, 0.6786291E+03, 0.1933197E+03, 0.1072479E+03, 0.6334224E+03, 0.2130054E-01, 0.2600846E-01
 0.7503500E+02, 0.2840411E-02, 0.1431534E-01, 0.1715575E-01,-0.7153571E-03, 0.6504857E-02, 0.5789500E-02, 0.1567205E-02, 0.5341955E-03, 0.2101400E-02,-0.2125054E-02,-0.2082019E-01,-0.2294525E-01, 0.6786136E+03, 0.1926586E+03, 0.1070923E+03, 0.6334819E+03, 0.2130517E-01, 0.2601412E-01
 0.7505750E+02, 0.2842705E-02, 0.1432317E-01, 0.1716587E-01,-0.7201234E-03, 0.6502873E-02, 0.5782750E-02, 0.1563797E-02, 0.5385033E-03, 0.2102300E-02,-0.2122582E-02,-0.2082604E-01,-0.2294863E-01, 0.6785893E+03, 0.1916694E+03, 0.1068594E+03, 0.6335713E+03, 0.2131212E-01, 0.2602261E-01
 0.7509125E+02, 0.2846121E-02, 0.1433494E-01, 0.1718106E-01,-0.7272403E-03, 0.6499865E-02, 0.5772625E-02, 0.1558699E-02, 0.5449506E-03, 0.2103650E-02,-0.2118880E-02,-0.2083481E-01,-0.2295369E-01, 0.6785501E+03, 0.1901908E+03, 0.1065111E+03, 0.6337055E+03, 0.2132255E-01, 0.2603540E-01
 0.7514187E+02, 0.2851188E-02, 0.1435266E-01, 0.1720384E-01,-0.7378436E-03, 0.6495281E-02, 0.5757437E-02, 0.1551088E-02, 0.5545873E-03, 0.2105675E-02,-0.2113344E-02,-0.2084794E-01,-0.2296128E-01, 0.6784860E+03, 0.1879851E+03, 0.1059910E+03, 0.6339075E+03, 0.2133819E-01, 0.2605461E-01
 0.7521781E+02, 0.2858662E-02, 0.1437935E-01, 0.1723802E-01,-0.7535871E-03, 0.6488243E-02, 0.5734656E-02, 0.1539745E-02, 0.5689671E-03, 0.2108713E-02,-0.2105075E-02,-0.2086760E-01,-0.2297267E-01, 0.6783774E+03, 0.1847034E+03, 0.1052159E+03, 0.6342112E+03, 0.2136167E-01, 0.2608350E-01
 0.7531781E+02, 0.2868285E-02, 0.1441473E-01, 0.1728302E-01,-0.7740400E-03, 0.6478696E-02, 0.5704656E-02, 0.1524937E-02, 0.5877758E-03, 0.2112712E-02,-0.2094245E-02,-0.2089343E-01,-0.2298767E-01, 0.6782123E+03, 0.1804280E+03, 0.1042040E+03, 0.6346126E+03, 0.2139262E-01, 0.2612169E-01
 0.7541781E+02, 0.2877675E-02, 0.1445034E-01, 0.1732802E-01,-0.7942122E-03, 0.6468868E-02, 0.5674656E-02, 0.1510248E-02, 0.6064641E-03, 0.2116713E-02,-0.2083463E-02,-0.2091921E-01,-0.2300267E-01, 0.6780223E+03, 0.1761976E+03, 0.1032003E+03, 0.6350156E+03, 0.2142360E-01, 0.2616002E-01
 0.7551781E+02, 0.2886840E-02, 0.1448618E-01, 0.1737302E-01,-0.8141065E-03, 0.6458763E-02, 0.5644656E-02, 0.1495682E-02, 0.6250304E-03, 0.2120713E-02,-0.2072734E-02,-0.2094494E-01,-0.2301767E-01, 0.6778085E+03, 0.1720124E+03, 0.1022049E+03, 0.6354201E+03, 0.2145461E-01, 0.2619850E-01
 0.7561781E+02, 0.2895785E-02, 0.1452223E-01, 0.1741802E-01,-0.8337258E-03, 0.6448382E-02, 0.5614656E-02, 0.1481239E-02, 0.6434731E-03, 0.2124713E-02,-0.2062059E-02,-0.2097061E-01,-0.2303267E-01, 0.6775721E+03, 0.1678723E+03, 0.1012180E+03, 0.6358260E+03, 0.2148566E-01, 0.2623711E-01
 0.7571781E+02, 0.2904516E-02, 0.1455850E-01, 0.1746302E-01,-0.8530734E-03, 0.6437730E-02, 0.5584656E-02, 0.1466922E-02, 0.6617908E-03, 0.2128712E-02,-0.2051443E-02,-0.2099623E-01,-0.2304767E-01, 0.6773143E+03, 0.1637771E+03, 0.1002396E+03, 0.6362335E+03, 0.2151674E-01, 0.2627587E-01
 0.7581781E+02, 0.2913038E-02, 0.1459498E-01, 0.1750802E-01,-0.8721520E-03, 0.6426808E-02, 0.5554656E-02, 0.1452730E-02, 0.6799824E-03, 0.2132713E-02,-0.2040886E-02,-0.2102179E-01,-0.2306267E-01, 0.6770363E+03, 0.1597270E+03, 0.9926989E+02, 0.6366423E+03, 0.2154784E-01, 0.2631476E-01
 0.7591781E+02, 0.2921357E-02, 0.1463166E-01, 0.1755302E-01,-0.8909649E-03, 0.6415621E-02, 0.5524657E-02, 0.1438666E-02, 0.6980465E-03, 0.2136713E-02,-0.2030392E-02,-0.2104728E-01,-0.2307767E-01, 0.6767390E+03, 0.1557217E+03, 0.9830885E+02, 0.6370525E+03, 0.2157896E-01, 0.2635377E-01
 0.7600000E+02, 0.2928051E-02, 0.1466195E-01, 0.1759000E-01,-0.9062462E-03, 0.6406246E-02, 0.5500000E-02, 0.1427190E-02, 0.7128104E-03, 0.2140000E-02,-0.2021805E-02,-0.2106819E-01,-0.2309000E-01, 0.6764804E+03, 0.1524597E+03, 0.9752462E+02, 0.6373907E+03, 0.2160456E-01, 0.2638594E-01
 0.7601000E+02, 0.2929465E-02, 0.1466784E-01, 0.1759730E-01,-0.9094188E-03, 0.6404419E-02, 0.5495000E-02, 0.1424427E-02, 0.7156728E-03, 0.2140100E-02,-0.2020046E-02,-0.2107225E-01,-0.2309230E-01, 0.6764331E+03, 0.1517857E+03, 0.9733586E+02, 0.6374563E+03, 0.2160953E-01, 0.2639217E-01
 0.7602000E+02, 0.2930871E-02, 0.1467373E-01, 0.1760460E-01,-0.9125838E-03, 0.6402584E-02, 0.5490000E-02, 0.1421669E-02, 0.7185314E-03, 0.2140200E-02,-0.2018288E-02,-0.2107631E-01,-0.2309460E-01, 0.6763851E+03, 0.1511129E+03, 0.9714735E+02, 0.6375219E+03, 0.2161451E-01, 0.2639842E-01
 0.7603500E+02, 0.2932970E-02, 0.1468258E-01, 0.1761555E-01,-0.9173155E-03, 0.6399815E-02, 0.5482500E-02, 0.1417541E-02, 0.7228092E-03, 0.2140350E-02,-0.2015655E-02,-0.2108240E-01,-0.2309805E-01, 0.6763121E+03, 0.1501064E+03, 0.9686529E+02, 0.6376205E+03, 0.2162197E-01, 0.2640777E-01
 0.7605750E+02, 0.2936092E-02, 0.1469588E-01, 0.1763198E-01,-0.9243772E-03, 0.6395627E-02, 0.5471250E-02, 0.1411371E-02, 0.7292041E-03, 0.2140575E-02,-0.2011715E-02,-0.2109151E-01,-0.2310322E-01, 0.6762003E+03, 0.1486028E+03, 0.9644368E+02, 0.6377684E+03, 0.2163316E-01, 0.2642187E-01
 0.7609125E+02, 0.2940719E-02, 0.1471589E-01, 0.1765661E-01,-0.9348905E-03, 0.6389265E-02, 0.5454375E-02, 0.1402167E-02, 0.7387456E-03, 0.2140912E-02,-0.2005828E-02,-0.2110516E-01,-0.2311099E-01, 0.6760280E+03, 0.1463615E+03, 0.9581474E+02, 0.6379910E+03, 0.2164995E-01, 0.2644305E-01
 0.7614187E+02, 0.2947530E-02, 0.1474604E-01, 0.1769357E-01,-0.9504823E-03, 0.6379545E-02, 0.5429062E-02, 0.1388473E-02, 0.7529456E-03, 0.2141419E-02,-0.1997048E-02,-0.2112558E-01,-0.2312263E-01, 0.6757590E+03, 0.1430306E+03, 0.9487900E+02, 0.6383258E+03, 0.2167515E-01, 0.2647489E-01
 0.7621781E+02, 0.2957467E-02, 0.1479154E-01, 0.1774900E-01,-0.9734752E-03, 0.6364569E-02, 0.5391094E-02, 0.1368184E-02, 0.7739936E-03, 0.2142178E-02,-0.1983992E-02,-0.2115610E-01,-0.2314010E-01, 0.6753327E+03, 0.1381039E+03, 0.9349261E+02, 0.6388298E+03, 0.2171294E-01, 0.2652283E-01
 0.7631781E+02, 0.2970070E-02, 0.1485193E-01, 0.1782200E-01,-0.1003077E-02, 0.6344171E-02, 0.5341094E-02, 0.1341897E-02, 0.8012815E-03, 0.2143178E-02,-0.1966993E-02,-0.2119610E-01,-0.2316310E-01, 0.6747319E+03, 0.1317351E+03, 0.9169627E+02, 0.6394967E+03, 0.2176272E-01, 0.2658627E-01
 0.7641781E+02, 0.2982173E-02, 0.1491283E-01, 0.1789500E-01,-0.1032003E-02, 0.6323097E-02, 0.5291094E-02, 0.1316023E-02, 0.8281553E-03, 0.2144178E-02,-0.1950169E-02,-0.2123593E-01,-0.2318610E-01, 0.6740867E+03, 0.1254827E+03, 0.8992823E+02, 0.6401670E+03, 0.2181256E-01, 0.2665004E-01
 0.7651781E+02, 0.2993797E-02, 0.1497421E-01, 0.1796800E-01,-0.1060267E-02, 0.6301361E-02, 0.5241094E-02, 0.1290565E-02, 0.8546129E-03, 0.2145178E-02,-0.1933530E-02,-0.2127557E-01,-0.2320910E-01, 0.6734014E+03, 0.1193460E+03, 0.8818862E+02, 0.6408408E+03, 0.2186243E-01, 0.2671412E-01
 0.7661781E+02, 0.3004966E-02, 0.1503604E-01, 0.1804100E-01,-0.1087882E-02, 0.6278976E-02, 0.5191094E-02, 0.1265525E-02, 0.8806530E-03, 0.2146178E-02,-0.1917083E-02,-0.2131501E-01,-0.2323210E-01, 0.6726800E+03, 0.1133242E+03, 0.8647755E+02, 0.6415177E+03, 0.2191233E-01, 0.2677851E-01
 0.7671781E+02, 0.3015698E-02, 0.1509831E-01, 0.1811400E-01,-0.1114863E-02, 0.6255956E-02, 0.5141094E-02, 0.1240903E-02, 0.9062749E-03, 0.2147178E-02,-0.1900835E-02,-0.2135426E-01,-0.2325510E-01, 0.6719262E+03, 0.1074162E+03, 0.8479505E+02, 0.6421977E+03, 0.2196226E-01, 0.2684320E-01
 0.7681781E+02, 0.3026015E-02, 0.1516099E-01, 0.1818700E-01,-0.1141222E-02, 0.6232316E-02, 0.5091094E-02, 0.1216699E-02, 0.9314787E-03, 0.2148178E-02,-0.1884792E-02,-0.2139330E-01,-0.2327810E-01, 0.6711436E+03, 0.1016212E+03, 0.8314113E+02, 0.6428806E+03, 0.2201219E-01, 0.2690816E-01
 0.7691781E+02, 0.3035935E-02, 0.1522407E-01, 0.1826000E-01,-0.1166975E-02, 0.6208069E-02, 0.5041094E-02, 0.1192913E-02, 0.9562648E-03, 0.2149178E-02,-0.1868959E-02,-0.2143214E-01,-0.2330110E-01, 0.6703354E+03, 0.9593781E+02, 0.8151574E+02, 0.6435663E+03, 0.2206213E-01, 0.2697339E-01
 0.7700000E+02, 0.3043813E-02, 0.1527619E-01, 0.1832000E-01,-0.1187732E-02, 0.6187732E-02, 0.5000000E-02, 0.1173639E-02, 0.9763608E-03, 0.2150000E-02,-0.1856081E-02,-0.2146392E-01,-0.2332000E-01, 0.6696522E+03, 0.9134107E+02, 0.8019868E+02, 0.6441319E+03, 0.2210319E-01, 0.2702719E-01
 0.7701000E+02, 0.3044455E-02, 0.1528015E-01, 0.1832460E-01,-0.1189186E-02, 0.6186186E-02, 0.4997000E-02, 0.1171616E-02, 0.9778840E-03, 0.2149500E-02,-0.1855269E-02,-0.2146633E-01,-0.2332160E-01, 0.6696288E+03, 0.9103138E+02, 0.8006042E+02, 0.6441749E+03, 0.2210631E-01, 0.2703127E-01
 0.7702000E+02, 0.3045094E-02, 0.1528411E-01, 0.1832920E-01,-0.1190637E-02, 0.6184637E-02, 0.4994000E-02, 0.1169595E-02, 0.9794051E-03, 0.2149000E-02,-0.1854457E-02,-0.2146874E-01,-0.2332320E-01, 0.6696053E+03, 0.9072206E+02, 0.7992231E+02, 0.6442178E+03, 0.2210943E-01, 0.2703535E-01
 0.7703500E+02, 0.3046051E-02, 0.1529005E-01, 0.1833610E-01,-0.1192810E-02, 0.6182310E-02, 0.4989500E-02, 0.1166569E-02, 0.9816813E-03, 0.2148250E-02,-0.1853241E-02,-0.2147236E-01,-0.2332560E-01, 0.6695699E+03, 0.9025895E+02, 0.7971552E+02, 0.6442822E+03, 0.2211411E-01, 0.2704147E-01
 0.7705750E+02, 0.3047479E-02, 0.1529897E-01, 0.1834645E-01,-0.1196058E-02, 0.6178808E-02, 0.4982750E-02, 0.1162041E-02, 0.9850835E-03, 0.2147125E-02,-0.1851421E-02,-0.2147778E-01,-0.2332920E-01, 0.6695162E+03, 0.8956622E+02, 0.7940617E+02, 0.6443788E+03, 0.2212113E-01, 0.2705064E-01
 0.7709125E+02, 0.3049604E-02, 0.1531237E-01, 0.1836197E-01,-0.1200906E-02, 0.6173532E-02, 0.4972625E-02, 0.1155278E-02, 0.9901597E-03, 0.2145438E-02,-0.1848698E-02,-0.2148590E-01,-0.2333460E-01, 0.6694346E+03, 0.8853148E+02, 0.7894398E+02, 0.6445238E+03, 0.2213166E-01, 0.2706446E-01
 0.7714187E+02, 0.3052759E-02, 0.1533250E-01, 0.1838526E-01,-0.1208127E-02, 0.6165564E-02, 0.4957438E-02, 0.1145194E-02, 0.9977120E-03, 0.2142906E-02,-0.1844633E-02,-0.2149807E-01,-0.2334270E-01, 0.6693102E+03, 0.8698917E+02, 0.7825494E+02, 0.6447418E+03, 0.2214745E-01, 0.2708520E-01
 0.7721781E+02, 0.3057414E-02, 0.1536278E-01, 0.1842019E-01,-0.1218838E-02, 0.6153495E-02, 0.4934656E-02, 0.1130205E-02, 0.1008904E-02, 0.2139109E-02,-0.1838576E-02,-0.2151627E-01,-0.2335485E-01, 0.6691187E+03, 0.8469752E+02, 0.7723071E+02, 0.6450694E+03, 0.2217115E-01, 0.2711636E-01
 0.7731781E+02, 0.3063410E-02, 0.1540278E-01, 0.1846619E-01,-0.1232740E-02, 0.6137396E-02, 0.4904656E-02, 0.1110701E-02, 0.1023408E-02, 0.2134109E-02,-0.1830670E-02,-0.2154018E-01,-0.2337085E-01, 0.6688575E+03, 0.8171706E+02, 0.7589790E+02, 0.6455017E+03, 0.2220235E-01, 0.2715748E-01
 0.7741781E+02, 0.3069263E-02, 0.1544293E-01, 0.1851219E-01,-0.1246436E-02, 0.6121092E-02, 0.4874656E-02, 0.1091425E-02, 0.1037685E-02, 0.2129109E-02,-0.1822827E-02,-0.2156402E-01,-0.2338685E-01, 0.6685856E+03, 0.7877335E+02, 0.7458070E+02, 0.6459350E+03, 0.2223357E-01, 0.2719869E-01
 0.7751781E+02, 0.3074978E-02, 0.1548322E-01, 0.1855819E-01,-0.1259930E-02, 0.6104587E-02, 0.4844656E-02, 0.1072376E-02, 0.1051734E-02, 0.2124109E-02,-0.1815048E-02,-0.2158780E-01,-0.2340285E-01, 0.6683036E+03, 0.7586610E+02, 0.7327901E+02, 0.6463692E+03, 0.2226480E-01, 0.2724000E-01
 0.7761781E+02, 0.3080560E-02, 0.1552363E-01, 0.1860419E-01,-0.1273225E-02, 0.6087881E-02, 0.4814656E-02, 0.1053553E-02, 0.1065557E-02, 0.2119109E-02,-0.1807335E-02,-0.2161152E-01,-0.2341885E-01, 0.6680123E+03, 0.7299504E+02, 0.7199277E+02, 0.6468044E+03, 0.2229605E-01, 0.2728140E-01
 0.7771781E+02, 0.3086012E-02, 0.1556418E-01, 0.1865019E-01,-0.1286324E-02, 0.6070980E-02, 0.4784656E-02, 0.1034954E-02, 0.1079155E-02, 0.2114109E-02,-0.1799688E-02,-0.2163516E-01,-0.2343485E-01, 0.6677123E+03, 0.7015986E+02, 0.7072187E+02, 0.6472405E+03, 0.2232731E-01, 0.2732288E-01
 0.7781781E+02, 0.3091338E-02, 0.1560486E-01, 0.1869619E-01,-0.1299229E-02, 0.6053885E-02, 0.4754656E-02, 0.1016579E-02, 0.1092531E-02, 0.2109109E-02,-0.1792109E-02,-0.2165874E-01,-0.2345085E-01, 0.6674044E+03, 0.6736024E+02, 0.6946622E+02, 0.6476775E+03, 0.2235858E-01, 0.2736445E-01
 0.7791781E+02, 0.3096543E-02, 0.1564565E-01, 0.1874219E-01,-0.1311945E-02, 0.6036601E-02, 0.4724656E-02, 0.9984249E-03, 0.1105684E-02, 0.2104109E-02,-0.1784598E-02,-0.2168225E-01,-0.2346685E-01, 0.6670892E+03, 0.6459589E+02, 0.6822571E+02, 0.6481154E+03, 0.2238985E-01, 0.2740610E-01
 0.7800000E+02, 0.3100734E-02, 0.1567927E-01, 0.1878000E-01,-0.1322267E-02, 0.6022267E-02, 0.4700000E-02, 0.9836520E-03, 0.1116348E-02, 0.2100000E-02,-0.1778468E-02,-0.2170153E-01,-0.2348000E-01, 0.6668243E+03, 0.6234747E+02, 0.6721622E+02, 0.6484760E+03, 0.2241557E-01, 0.2744040E-01
 0.7801000E+02, 0.3101256E-02, 0.1568324E-01, 0.1878450E-01,-0.1323569E-02, 0.6020569E-02, 0.4697000E-02, 0.9816925E-03, 0.1117607E-02, 0.2099300E-02,-0.1777687E-02,-0.2170381E-01,-0.2348150E-01, 0.6667888E+03, 0.6206285E+02, 0.6708232E+02, 0.6485186E+03, 0.2241861E-01, 0.2744445E-01
 0.7802000E+02, 0.3101775E-02, 0.1568723E-01, 0.1878900E-01,-0.1324868E-02, 0.6018869E-02, 0.4694000E-02, 0.9797353E-03, 0.1118865E-02, 0.2098600E-02,-0.1776907E-02,-0.2170609E-01,-0.2348300E-01, 0.6667532E+03, 0.6177857E+02, 0.6694858E+02, 0.6485612E+03, 0.2242166E-01, 0.2744850E-01
 0.7803500E+02, 0.3102552E-02, 0.1569320E-01, 0.1879575E-01,-0.1326814E-02, 0.6016314E-02, 0.4689500E-02, 0.9768048E-03, 0.1120745E-02, 0.2097550E-02,-0.1775738E-02,-0.2170951E-01,-0.2348525E-01, 0.6666997E+03, 0.6135295E+02, 0.6674832E+02, 0.6486252E+03, 0.2242623E-01, 0.2745458E-01
 0.7805750E+02, 0.3103712E-02, 0.1570216E-01, 0.1880587E-01,-0.1329723E-02, 0.6012473E-02, 0.4682750E-02, 0.9724209E-03, 0.1123554E-02, 0.2095975E-02,-0.1773989E-02,-0.2171464E-01,-0.2348862E-01, 0.6666191E+03, 0.6071632E+02, 0.6644876E+02, 0.6487212E+03, 0.2243308E-01, 0.2746370E-01
 0.7809125E+02, 0.3105439E-02, 0.1571562E-01, 0.1882106E-01,-0.1334066E-02, 0.6006691E-02, 0.4672625E-02, 0.9658717E-03, 0.1127741E-02, 0.2093613E-02,-0.1771373E-02,-0.2172231E-01,-0.2349369E-01, 0.6664976E+03, 0.5976539E+02, 0.6600124E+02, 0.6488651E+03, 0.2244335E-01, 0.2747742E-01
 0.7814187E+02, 0.3108002E-02, 0.1573584E-01, 0.1884384E-01,-0.1340533E-02, 0.5997970E-02, 0.4657437E-02, 0.9561085E-03, 0.1133960E-02, 0.2090069E-02,-0.1767470E-02,-0.2173381E-01,-0.2350128E-01, 0.6663145E+03, 0.5834803E+02, 0.6533408E+02, 0.6490817E+03, 0.2245876E-01, 0.2749801E-01
 0.7821781E+02, 0.3111786E-02, 0.1576623E-01, 0.1887802E-01,-0.1350129E-02, 0.5984786E-02, 0.4634656E-02, 0.9415977E-03, 0.1143155E-02, 0.2084753E-02,-0.1761657E-02,-0.2175101E-01,-0.2351267E-01, 0.6660372E+03, 0.5624208E+02, 0.6434251E+02, 0.6494069E+03, 0.2248187E-01, 0.2752895E-01
 0.7831781E+02, 0.3116661E-02, 0.1580635E-01, 0.1892302E-01,-0.1362587E-02, 0.5967243E-02, 0.4604656E-02, 0.9227182E-03, 0.1155035E-02, 0.2077753E-02,-0.1754074E-02,-0.2177360E-01,-0.2352767E-01, 0.6656671E+03, 0.5350325E+02, 0.6305241E+02, 0.6498360E+03, 0.2251230E-01, 0.2756976E-01
 0.7841781E+02, 0.3121421E-02, 0.1584660E-01, 0.1896802E-01,-0.1374863E-02, 0.5949519E-02, 0.4574656E-02, 0.9040634E-03, 0.1166690E-02, 0.2070753E-02,-0.1746558E-02,-0.2179611E-01,-0.2354267E-01, 0.6652905E+03, 0.5079838E+02, 0.6177767E+02, 0.6502658E+03, 0.2254274E-01, 0.2761065E-01
 0.7851781E+02, 0.3126070E-02, 0.1588695E-01, 0.1901302E-01,-0.1386960E-02, 0.5931616E-02, 0.4544656E-02, 0.8856318E-03, 0.1178121E-02, 0.2063753E-02,-0.1739110E-02,-0.2181856E-01,-0.2355767E-01, 0.6649080E+03, 0.4812716E+02, 0.6051817E+02, 0.6506966E+03, 0.2257318E-01, 0.2765162E-01
 0.7861781E+02, 0.3130612E-02, 0.1592740E-01, 0.1905802E-01,-0.1398882E-02, 0.5913538E-02, 0.4514656E-02, 0.8674217E-03, 0.1189331E-02, 0.2056753E-02,-0.1731730E-02,-0.2184094E-01,-0.2357267E-01, 0.6645200E+03, 0.4548928E+02, 0.5927382E+02, 0.6511281E+03, 0.2260363E-01, 0.2769267E-01
 0.7871781E+02, 0.3135049E-02, 0.1596797E-01, 0.1910302E-01,-0.1410630E-02, 0.5895287E-02, 0.4484656E-02, 0.8494315E-03, 0.1200322E-02, 0.2049753E-02,-0.1724419E-02,-0.2186325E-01,-0.2358767E-01, 0.6641273E+03, 0.4288443E+02, 0.5804448E+02, 0.6515604E+03, 0.2263408E-01, 0.2773379E-01
 0.7881781E+02, 0.3139386E-02, 0.1600863E-01, 0.1914801E-01,-0.1422209E-02, 0.5876865E-02, 0.4454656E-02, 0.8316594E-03, 0.1211094E-02, 0.2042753E-02,-0.1717177E-02,-0.2188550E-01,-0.2360267E-01, 0.6637303E+03, 0.4031228E+02, 0.5683006E+02, 0.6519934E+03, 0.2266454E-01, 0.2777499E-01
 0.7891781E+02, 0.3143626E-02, 0.1604939E-01, 0.1919302E-01,-0.1433621E-02, 0.5858277E-02, 0.4424656E-02, 0.8141036E-03, 0.1221650E-02, 0.2035753E-02,-0.1710005E-02,-0.2190767E-01,-0.2361767E-01, 0.6633295E+03, 0.3777251E+02, 0.5563041E+02, 0.6524273E+03, 0.2269500E-01, 0.2781625E-01
 0.7900000E+02, 0.3147041E-02, 0.1608296E-01, 0.1923000E-01,-0.1442886E-02, 0.5842886E-02, 0.4400000E-02, 0.7998188E-03, 0.1230181E-02, 0.2030000E-02,-0.1704155E-02,-0.2192584E-01,-0.2363000E-01, 0.6629968E+03, 0.3570679E+02, 0.5465429E+02, 0.6527844E+03, 0.2272004E-01, 0.2785022E-01
 0.7901000E+02, 0.3147486E-02, 0.1608671E-01, 0.1923420E-01,-0.1444163E-02, 0.5841163E-02, 0.4397000E-02, 0.7975675E-03, 0.1231133E-02, 0.2028700E-02,-0.1703323E-02,-0.2192788E-01,-0.2363120E-01, 0.6629440E+03, 0.3541854E+02, 0.5450045E+02, 0.6528243E+03, 0.2272284E-01, 0.2785402E-01
 0.7902000E+02, 0.3147931E-02, 0.1609047E-01, 0.1923840E-01,-0.1445439E-02, 0.5839439E-02, 0.4394000E-02, 0.7953186E-03, 0.1232081E-02, 0.2027400E-02,-0.1702492E-02,-0.2192991E-01,-0.2363240E-01, 0.6628911E+03, 0.3513063E+02, 0.5434677E+02, 0.6528642E+03, 0.2272564E-01, 0.2785781E-01
 0.7903500E+02, 0.3148594E-02, 0.1609611E-01, 0.1924470E-01,-0.1447348E-02, 0.5836848E-02, 0.4389500E-02, 0.7919510E-03, 0.1233499E-02, 0.2025450E-02,-0.1701247E-02,-0.2193295E-01,-0.2363420E-01, 0.6628116E+03, 0.3469952E+02, 0.5411665E+02, 0.6529241E+03, 0.2272984E-01, 0.2786350E-01
 0.7905750E+02, 0.3149584E-02, 0.1610457E-01, 0.1925415E-01,-0.1450202E-02, 0.5832952E-02, 0.4382750E-02, 0.7869123E-03, 0.1235613E-02, 0.2022525E-02,-0.1699382E-02,-0.2193752E-01,-0.2363690E-01, 0.6626921E+03, 0.3405454E+02, 0.5377234E+02, 0.6530140E+03, 0.2273615E-01, 0.2787204E-01
 0.7909125E+02, 0.3151057E-02, 0.1611727E-01, 0.1926833E-01,-0.1454464E-02, 0.5827089E-02, 0.4372625E-02, 0.7793828E-03, 0.1238755E-02, 0.2018138E-02,-0.1696592E-02,-0.2194436E-01,-0.2364095E-01, 0.6625120E+03, 0.3309089E+02, 0.5325783E+02, 0.6531487E+03, 0.2274560E-01, 0.2788488E-01
 0.7914187E+02, 0.3153238E-02, 0.1613635E-01, 0.1928959E-01,-0.1460812E-02, 0.5818250E-02, 0.4357438E-02, 0.7681534E-03, 0.1243403E-02, 0.2011556E-02,-0.1692427E-02,-0.2195460E-01,-0.2364702E-01, 0.6622408E+03, 0.3165398E+02, 0.5249048E+02, 0.6533514E+03, 0.2275978E-01, 0.2790416E-01
 0.7921781E+02, 0.3156450E-02, 0.1616503E-01, 0.1932148E-01,-0.1470234E-02, 0.5804890E-02, 0.4334656E-02, 0.7514532E-03, 0.1250231E-02, 0.2001684E-02,-0.1686217E-02,-0.2196992E-01,-0.2365614E-01, 0.6618311E+03, 0.2951769E+02, 0.5134930E+02, 0.6536561E+03, 0.2278104E-01, 0.2793314E-01
 0.7931781E+02, 0.3160572E-02, 0.1620291E-01, 0.1936348E-01,-0.1482467E-02, 0.5787123E-02, 0.4304656E-02, 0.7297079E-03, 0.1258976E-02, 0.1988684E-02,-0.1678105E-02,-0.2199003E-01,-0.2366814E-01, 0.6612858E+03, 0.2673726E+02, 0.4986337E+02, 0.6540580E+03, 0.2280905E-01, 0.2797138E-01
 0.7941781E+02, 0.3164578E-02, 0.1624090E-01, 0.1940548E-01,-0.1494523E-02, 0.5769180E-02, 0.4274656E-02, 0.7082053E-03, 0.1267479E-02, 0.1975684E-02,-0.1670055E-02,-0.2201008E-01,-0.2368014E-01, 0.6607331E+03, 0.2398924E+02, 0.4839402E+02, 0.6544610E+03, 0.2283707E-01, 0.2800971E-01
 0.7951781E+02, 0.3168473E-02, 0.1627901E-01, 0.1944748E-01,-0.1506407E-02, 0.5751063E-02, 0.4244656E-02, 0.6869438E-03, 0.1275741E-02, 0.1962684E-02,-0.1662066E-02,-0.2203007E-01,-0.2369214E-01, 0.6601736E+03, 0.2127340E+02, 0.4694116E+02, 0.6548649E+03, 0.2286509E-01, 0.2804812E-01
 0.7961781E+02, 0.3172259E-02, 0.1631722E-01, 0.1948948E-01,-0.1518119E-02, 0.5732776E-02, 0.4214656E-02, 0.6659220E-03, 0.1283762E-02, 0.1949684E-02,-0.1654140E-02,-0.2205000E-01,-0.2370414E-01, 0.6596078E+03, 0.1858947E+02, 0.4550467E+02, 0.6552697E+03, 0.2289313E-01, 0.2808663E-01
 0.7971781E+02, 0.3175941E-02, 0.1635554E-01, 0.1953148E-01,-0.1529664E-02, 0.5714320E-02, 0.4184656E-02, 0.6451383E-03, 0.1291546E-02, 0.1936684E-02,-0.1646277E-02,-0.2206986E-01,-0.2371614E-01, 0.6590364E+03, 0.1593718E+02, 0.4408445E+02, 0.6556753E+03, 0.2292117E-01, 0.2812522E-01
 0.7981781E+02, 0.3179521E-02, 0.1639396E-01, 0.1957348E-01,-0.1541042E-02, 0.5695699E-02, 0.4154656E-02, 0.6245910E-03, 0.1299093E-02, 0.1923684E-02,-0.1638479E-02,-0.2208966E-01,-0.2372814E-01, 0.6584600E+03, 0.1331628E+02, 0.4268039E+02, 0.6560819E+03, 0.2294922E-01, 0.2816389E-01
 0.7991781E+02, 0.3183004E-02, 0.1643248E-01, 0.1961548E-01,-0.1552259E-02, 0.5676915E-02, 0.4124656E-02, 0.6042786E-03, 0.1306406E-02, 0.1910684E-02,-0.1630745E-02,-0.2210939E-01,-0.2374014E-01, 0.6578789E+03, 0.1072647E+02, 0.4129237E+02, 0.6564893E+03, 0.2297727E-01, 0.2820264E-01
 0.8000000E+02, 0.3185795E-02, 0.1646421E-01, 0.1965000E-01,-0.1561365E-02, 0.5661366E-02, 0.4100000E-02, 0.5877410E-03, 0.1312259E-02, 0.1900000E-02,-0.1624430E-02,-0.2212557E-01,-0.2375000E-01, 0.6573975E+03, 0.8618829E+01, 0.4016230E+02, 0.6568247E+03, 0.2300033E-01, 0.2823455E-01
 0.8001000E+02, 0.3186176E-02, 0.1646832E-01, 0.1965450E-01,-0.1562346E-02, 0.5659346E-02, 0.4097000E-02, 0.5851845E-03, 0.1313015E-02, 0.1898200E-02,-0.1623831E-02,-0.2212767E-01,-0.2375150E-01, 0.6573676E+03, 0.8402965E+01, 0.3998761E+02, 0.6568683E+03, 0.2300333E-01, 0.2823869E-01
 0.8002000E+02, 0.3186556E-02, 0.1647244E-01, 0.1965900E-01,-0.1563324E-02, 0.5657324E-02, 0.4094000E-02, 0.5826311E-03, 0.1313769E-02, 0.1896400E-02,-0.1623232E-02,-0.2212977E-01,-0.2375300E-01, 0.6573376E+03, 0.8187378E+01, 0.3981312E+02, 0.6569118E+03, 0.2300632E-01, 0.2824282E-01
 0.8003500E+02, 0.3187123E-02, 0.1647863E-01, 0.1966575E-01,-0.1564788E-02, 0.5654288E-02, 0.4089500E-02, 0.5788082E-03, 0.1314892E-02, 0.1893700E-02,-0.1622334E-02,-0.2213292E-01,-0.2375525E-01, 0.6572924E+03, 0.7864621E+01, 0.3955189E+02, 0.6569771E+03, 0.2301082E-01, 0.2824903E-01
 0.8005750E+02, 0.3187968E-02, 0.1648791E-01, 0.1967588E-01,-0.1566977E-02, 0.5649727E-02, 0.4082750E-02, 0.5730900E-03, 0.1316560E-02, 0.1889650E-02,-0.1620991E-02,-0.2213763E-01,-0.2375863E-01, 0.6572244E+03, 0.7381883E+01, 0.3916115E+02, 0.6570750E+03, 0.2301756E-01, 0.2825833E-01
 0.8009125E+02, 0.3189225E-02, 0.1650184E-01, 0.1969106E-01,-0.1570243E-02, 0.5642868E-02, 0.4072625E-02, 0.5645491E-03, 0.1319026E-02, 0.1883575E-02,-0.1618982E-02,-0.2214471E-01,-0.2376369E-01, 0.6571215E+03, 0.6660913E+01, 0.3857752E+02, 0.6572220E+03, 0.2302767E-01, 0.2827234E-01
 0.8014187E+02, 0.3191088E-02, 0.1652276E-01, 0.1971384E-01,-0.1575106E-02, 0.5632543E-02, 0.4057437E-02, 0.5518192E-03, 0.1322643E-02, 0.1874462E-02,-0.1615982E-02,-0.2215530E-01,-0.2377128E-01, 0.6569662E+03, 0.5586480E+01, 0.3770765E+02, 0.6574430E+03, 0.2304284E-01, 0.2829336E-01
 0.8021781E+02, 0.3193829E-02, 0.1655419E-01, 0.1974801E-01,-0.1582315E-02, 0.5616971E-02, 0.4034656E-02, 0.5329061E-03, 0.1327888E-02, 0.1860794E-02,-0.1611514E-02,-0.2217116E-01,-0.2378267E-01, 0.6567301E+03, 0.3990490E+01, 0.3641525E+02, 0.6577750E+03, 0.2306561E-01, 0.2832494E-01
 0.8031781E+02, 0.3197344E-02, 0.1659567E-01, 0.1979302E-01,-0.1591664E-02, 0.5596320E-02, 0.4004656E-02, 0.5083109E-03, 0.1334483E-02, 0.1842794E-02,-0.1605681E-02,-0.2219199E-01,-0.2379767E-01, 0.6564134E+03, 0.1915636E+01, 0.3473458E+02, 0.6582129E+03, 0.2309560E-01, 0.2836660E-01
 0.8041781E+02, 0.3200759E-02, 0.1663726E-01, 0.1983802E-01,-0.1600865E-02, 0.5575521E-02, 0.3974656E-02, 0.4840224E-03, 0.1340771E-02, 0.1824794E-02,-0.1599894E-02,-0.2221278E-01,-0.2381267E-01, 0.6560894E+03,-0.1326411E+00, 0.3307487E+02, 0.6586517E+03, 0.2312561E-01, 0.2840834E-01
 0.8051781E+02, 0.3204078E-02, 0.1667894E-01, 0.1988302E-01,-0.1609922E-02, 0.5554578E-02, 0.3944656E-02, 0.4600378E-03, 0.1346756E-02, 0.1806794E-02,-0.1594156E-02,-0.2223352E-01,-0.2382767E-01, 0.6557586E+03,-0.2154612E+01, 0.3143592E+02, 0.6590915E+03, 0.2315565E-01, 0.2845016E-01
 0.8061781E+02, 0.3207302E-02, 0.1672071E-01, 0.1992802E-01,-0.1618836E-02, 0.5533492E-02, 0.3914656E-02, 0.4363543E-03, 0.1352440E-02, 0.1788794E-02,-0.1588466E-02,-0.2225421E-01,-0.2384267E-01, 0.6554217E+03,-0.4150550E+01, 0.2981754E+02, 0.6595320E+03, 0.2318571E-01, 0.2849207E-01
 0.8071781E+02, 0.3210437E-02, 0.1676258E-01, 0.1997302E-01,-0.1627611E-02, 0.5512268E-02, 0.3884656E-02, 0.4129690E-03, 0.1357825E-02, 0.1770794E-02,-0.1582826E-02,-0.2227485E-01,-0.2385767E-01, 0.6550792E+03,-0.6120733E+01, 0.2821955E+02, 0.6599733E+03, 0.2321579E-01, 0.2853405E-01
 0.8081781E+02, 0.3213485E-02, 0.1680453E-01, 0.2001802E-01,-0.1636250E-02, 0.5490907E-02, 0.3854656E-02, 0.3898791E-03, 0.1362915E-02, 0.1752794E-02,-0.1577235E-02,-0.2229544E-01,-0.2387267E-01, 0.6547316E+03,-0.8065438E+01, 0.2664174E+02, 0.6604155E+03, 0.2324590E-01, 0.2857611E-01
 0.8091781E+02, 0.3216449E-02, 0.1684657E-01, 0.2006302E-01,-0.1644755E-02, 0.5469411E-02, 0.3824656E-02, 0.3670817E-03, 0.1367712E-02, 0.1734794E-02,-0.1571694E-02,-0.2231598E-01,-0.2388767E-01, 0.6543795E+03,-0.9984945E+01, 0.2508391E+02, 0.6608584E+03, 0.2327602E-01, 0.2861824E-01
 0.8100000E+02, 0.3218825E-02, 0.1688118E-01, 0.2010000E-01,-0.1651653E-02, 0.5451653E-02, 0.3800000E-02, 0.3485405E-03, 0.1371459E-02, 0.1720000E-02,-0.1567172E-02,-0.2233283E-01,-0.2390000E-01, 0.6540863E+03,-0.1154565E+02, 0.2381693E+02, 0.6612229E+03, 0.2330079E-01, 0.2865292E-01
 0.8101000E+02, 0.3219026E-02, 0.1688397E-01, 0.2010300E-01,-0.1652216E-02, 0.5450216E-02, 0.3798000E-02, 0.3467390E-03, 0.1371761E-02, 0.1718500E-02,-0.1566810E-02,-0.2233419E-01,-0.2390100E-01, 0.6540642E+03,-0.1167217E+02, 0.2369383E+02, 0.6612524E+03, 0.2330279E-01, 0.2865572E-01
 0.8102000E+02, 0.3219226E-02, 0.1688677E-01, 0.2010600E-01,-0.1652779E-02, 0.5448779E-02, 0.3796000E-02, 0.3449390E-03, 0.1372061E-02, 0.1717000E-02,-0.1566448E-02,-0.2233555E-01,-0.2390200E-01, 0.6540421E+03,-0.1179858E+02, 0.2357083E+02, 0.6612819E+03, 0.2330480E-01, 0.2865852E-01
 0.8103500E+02, 0.3219526E-02, 0.1689097E-01, 0.2011050E-01,-0.1653621E-02, 0.5446621E-02, 0.3793000E-02, 0.3422425E-03, 0.1372508E-02, 0.1714750E-02,-0.1565905E-02,-0.2233760E-01,-0.2390350E-01, 0.6540089E+03,-0.1198794E+02, 0.2338657E+02, 0.6613262E+03, 0.2330781E-01, 0.2866273E-01
 0.8105750E+02, 0.3219973E-02, 0.1689728E-01, 0.2011725E-01,-0.1654882E-02, 0.5443382E-02, 0.3788500E-02, 0.3382055E-03, 0.1373169E-02, 0.1711375E-02,-0.1565091E-02,-0.2234066E-01,-0.2390575E-01, 0.6539588E+03,-0.1227142E+02, 0.2311071E+02, 0.6613925E+03, 0.2331232E-01, 0.2866903E-01
 0.8109125E+02, 0.3220640E-02, 0.1690673E-01, 0.2012737E-01,-0.1656766E-02, 0.5438516E-02, 0.3781750E-02, 0.3321675E-03, 0.1374145E-02, 0.1706312E-02,-0.1563873E-02,-0.2234525E-01,-0.2390913E-01, 0.6538834E+03,-0.1269538E+02, 0.2269811E+02, 0.6614920E+03, 0.2331908E-01, 0.2867848E-01
 0.8114187E+02, 0.3221629E-02, 0.1692093E-01, 0.2014256E-01,-0.1659577E-02, 0.5431202E-02, 0.3771625E-02, 0.3231496E-03, 0.1375569E-02, 0.1698719E-02,-0.1562052E-02,-0.2235214E-01,-0.2391419E-01, 0.6537697E+03,-0.1332852E+02, 0.2208189E+02, 0.6616412E+03, 0.2332924E-01, 0.2869270E-01
 0.8121781E+02, 0.3223094E-02, 0.1694225E-01, 0.2016534E-01,-0.1663761E-02, 0.5420199E-02, 0.3756437E-02, 0.3097106E-03, 0.1377617E-02, 0.1687328E-02,-0.1559332E-02,-0.2236245E-01,-0.2392178E-01, 0.6535983E+03,-0.1427194E+02, 0.2116356E+02, 0.6618657E+03, 0.2334447E-01, 0.2871406E-01
 0.8131781E+02, 0.3224985E-02, 0.1697036E-01, 0.2019534E-01,-0.1669212E-02, 0.5405650E-02, 0.3736438E-02, 0.2921641E-03, 0.1380164E-02, 0.1672328E-02,-0.1555772E-02,-0.2237601E-01,-0.2393178E-01, 0.6533701E+03,-0.1550347E+02, 0.1996455E+02, 0.6621616E+03, 0.2336454E-01, 0.2874221E-01
 0.8141781E+02, 0.3226833E-02, 0.1699851E-01, 0.2022534E-01,-0.1674603E-02, 0.5391040E-02, 0.3716437E-02, 0.2747670E-03, 0.1382561E-02, 0.1657328E-02,-0.1552230E-02,-0.2238955E-01,-0.2394178E-01, 0.6531387E+03,-0.1672424E+02, 0.1877574E+02, 0.6624580E+03, 0.2338462E-01, 0.2877040E-01
 0.8151781E+02, 0.3228641E-02, 0.1702670E-01, 0.2025534E-01,-0.1679934E-02, 0.5376372E-02, 0.3696438E-02, 0.2575183E-03, 0.1384810E-02, 0.1642328E-02,-0.1548707E-02,-0.2240307E-01,-0.2395178E-01, 0.6529042E+03,-0.1793430E+02, 0.1759709E+02, 0.6627548E+03, 0.2340471E-01, 0.2879863E-01
 0.8161781E+02, 0.3230409E-02, 0.1705493E-01, 0.2028534E-01,-0.1685206E-02, 0.5361644E-02, 0.3676438E-02, 0.2404172E-03, 0.1386911E-02, 0.1627328E-02,-0.1545203E-02,-0.2241658E-01,-0.2396178E-01, 0.6526670E+03,-0.1913375E+02, 0.1642851E+02, 0.6630520E+03, 0.2342481E-01, 0.2882690E-01
 0.8171781E+02, 0.3232138E-02, 0.1708321E-01, 0.2031534E-01,-0.1690420E-02, 0.5346858E-02, 0.3656438E-02, 0.2234627E-03, 0.1388865E-02, 0.1612328E-02,-0.1541718E-02,-0.2243006E-01,-0.2397178E-01, 0.6524270E+03,-0.2032266E+02, 0.1526995E+02, 0.6633495E+03, 0.2344493E-01, 0.2885520E-01
 0.8181781E+02, 0.3233830E-02, 0.1711151E-01, 0.2034534E-01,-0.1695578E-02, 0.5332015E-02, 0.3636437E-02, 0.2066537E-03, 0.1390675E-02, 0.1597328E-02,-0.1538252E-02,-0.2244353E-01,-0.2398178E-01, 0.6521846E+03,-0.2150111E+02, 0.1412133E+02, 0.6636475E+03, 0.2346506E-01, 0.2888354E-01
 0.8191781E+02, 0.3235485E-02, 0.1713986E-01, 0.2037534E-01,-0.1700678E-02, 0.5317116E-02, 0.3616437E-02, 0.1899892E-03, 0.1392339E-02, 0.1582328E-02,-0.1534806E-02,-0.2245698E-01,-0.2399178E-01, 0.6519398E+03,-0.2266918E+02, 0.1298260E+02, 0.6639457E+03, 0.2348519E-01, 0.2891191E-01
 0.8200000E+02, 0.3236818E-02, 0.1716318E-01, 0.2040000E-01,-0.1704832E-02, 0.5304832E-02, 0.3600000E-02, 0.1763901E-03, 0.1393610E-02, 0.1570000E-02,-0.1531986E-02,-0.2246801E-01,-0.2400000E-01, 0.6517366E+03,-0.2362220E+02, 0.1205332E+02, 0.6641911E+03, 0.2350176E-01, 0.2893526E-01
 0.8201000E+02, 0.3237019E-02, 0.1716648E-01, 0.2040350E-01,-0.1705094E-02, 0.5303094E-02, 0.3598000E-02, 0.1743125E-03, 0.1393788E-02, 0.1568100E-02,-0.1531925E-02,-0.2246957E-01,-0.2400150E-01, 0.6517557E+03,-0.2366641E+02, 0.1191135E+02, 0.6642259E+03, 0.2350410E-01, 0.2893856E-01
 0.8202000E+02, 0.3237220E-02, 0.1716978E-01, 0.2040700E-01,-0.1705356E-02, 0.5301356E-02, 0.3596000E-02, 0.1722369E-03, 0.1393963E-02, 0.1566200E-02,-0.1531864E-02,-0.2247114E-01,-0.2400300E-01, 0.6517748E+03,-0.2371058E+02, 0.1176952E+02, 0.6642606E+03, 0.2350644E-01, 0.2894186E-01
 0.8203500E+02, 0.3237520E-02, 0.1717473E-01, 0.2041225E-01,-0.1705748E-02, 0.5298748E-02, 0.3593000E-02, 0.1691283E-03, 0.1394222E-02, 0.1563350E-02,-0.1531772E-02,-0.2247348E-01,-0.2400525E-01, 0.6518032E+03,-0.2377673E+02, 0.1155710E+02, 0.6643126E+03, 0.2350996E-01, 0.2894680E-01
 0.8205750E+02, 0.3237968E-02, 0.1718216E-01, 0.2042012E-01,-0.1706334E-02, 0.5294834E-02, 0.3588500E-02, 0.1644761E-03, 0.1394599E-02, 0.1559075E-02,-0.1531634E-02,-0.2247699E-01,-0.2400863E-01, 0.6518456E+03,-0.2387571E+02, 0.1123920E+02, 0.6643907E+03, 0.2351523E-01, 0.2895422E-01
 0.8209125E+02, 0.3238636E-02, 0.1719330E-01, 0.2043194E-01,-0.1707209E-02, 0.5288959E-02, 0.3581750E-02, 0.1575215E-03, 0.1395141E-02, 0.1552663E-02,-0.1531426E-02,-0.2248226E-01,-0.2401369E-01, 0.6519084E+03,-0.2402367E+02, 0.1076397E+02, 0.6645078E+03, 0.2352315E-01, 0.2896537E-01
 0.8214187E+02, 0.3239628E-02, 0.1721003E-01, 0.2044966E-01,-0.1708513E-02, 0.5280138E-02, 0.3571625E-02, 0.1471431E-03, 0.1395901E-02, 0.1543044E-02,-0.1531115E-02,-0.2249017E-01,-0.2402128E-01, 0.6520015E+03,-0.2424443E+02, 0.1005478E+02, 0.6646837E+03, 0.2353503E-01, 0.2898211E-01
 0.8221781E+02, 0.3241095E-02, 0.1723514E-01, 0.2047623E-01,-0.1710449E-02, 0.5266886E-02, 0.3556437E-02, 0.1316946E-03, 0.1396921E-02, 0.1528616E-02,-0.1530647E-02,-0.2250203E-01,-0.2403267E-01, 0.6521381E+03,-0.2457295E+02, 0.8999131E+01, 0.6649480E+03, 0.2355288E-01, 0.2900724E-01
 0.8231781E+02, 0.3242989E-02, 0.1726825E-01, 0.2051124E-01,-0.1712962E-02, 0.5249399E-02, 0.3536437E-02, 0.1115558E-03, 0.1398060E-02, 0.1509616E-02,-0.1530027E-02,-0.2251764E-01,-0.2404767E-01, 0.6523122E+03,-0.2500106E+02, 0.7622978E+01, 0.6652962E+03, 0.2357640E-01, 0.2904038E-01
 0.8241781E+02, 0.3244841E-02, 0.1730139E-01, 0.2054623E-01,-0.1715437E-02, 0.5231875E-02, 0.3516438E-02, 0.9161982E-04, 0.1398996E-02, 0.1490616E-02,-0.1529403E-02,-0.2253327E-01,-0.2406267E-01, 0.6524800E+03,-0.2542466E+02, 0.6260688E+01, 0.6656450E+03, 0.2359997E-01, 0.2907355E-01
 0.8251781E+02, 0.3246651E-02, 0.1733458E-01, 0.2058123E-01,-0.1717876E-02, 0.5214314E-02, 0.3496438E-02, 0.7188497E-04, 0.1399731E-02, 0.1471616E-02,-0.1528775E-02,-0.2254890E-01,-0.2407767E-01, 0.6526417E+03,-0.2584381E+02, 0.4912139E+01, 0.6659941E+03, 0.2362357E-01, 0.2910676E-01
 0.8261781E+02, 0.3248423E-02, 0.1736781E-01, 0.2061623E-01,-0.1720279E-02, 0.5196717E-02, 0.3476437E-02, 0.5234948E-04, 0.1400266E-02, 0.1452616E-02,-0.1528144E-02,-0.2256453E-01,-0.2409267E-01, 0.6527974E+03,-0.2625854E+02, 0.3577214E+01, 0.6663437E+03, 0.2364720E-01, 0.2914001E-01
 0.8271781E+02, 0.3250156E-02, 0.1740108E-01, 0.2065123E-01,-0.1722647E-02, 0.5179085E-02, 0.3456438E-02, 0.3301159E-04, 0.1400604E-02, 0.1433616E-02,-0.1527509E-02,-0.2258016E-01,-0.2410767E-01, 0.6529475E+03,-0.2666890E+02, 0.2255792E+01, 0.6666936E+03, 0.2367087E-01, 0.2917329E-01
 0.8281781E+02, 0.3251852E-02, 0.1743438E-01, 0.2068624E-01,-0.1724981E-02, 0.5161418E-02, 0.3436437E-02, 0.1386954E-04, 0.1400746E-02, 0.1414616E-02,-0.1526871E-02,-0.2259580E-01,-0.2412267E-01, 0.6530922E+03,-0.2707495E+02, 0.9477521E+00, 0.6670440E+03, 0.2369457E-01, 0.2920662E-01
 0.8291781E+02, 0.3253513E-02, 0.1746772E-01, 0.2072123E-01,-0.1727281E-02, 0.5143718E-02, 0.3416438E-02,-0.5078417E-05, 0.1400694E-02, 0.1395616E-02,-0.1526232E-02,-0.2261144E-01,-0.2413767E-01, 0.6532317E+03,-0.2747672E+02,-0.3470251E+00, 0.6673947E+03, 0.2371831E-01, 0.2923998E-01
 0.8300000E+02, 0.3254851E-02, 0.1749515E-01, 0.2075000E-01,-0.1729148E-02, 0.5129148E-02, 0.3400000E-02,-0.2052112E-04, 0.1400521E-02, 0.1380000E-02,-0.1525703E-02,-0.2262430E-01,-0.2415000E-01, 0.6533424E+03,-0.2780404E+02,-0.1402277E+01, 0.6676832E+03, 0.2373784E-01, 0.2926742E-01
 0.8301000E+02, 0.3255011E-02, 0.1749849E-01, 0.2075350E-01,-0.1729373E-02, 0.5127373E-02, 0.3398000E-02,-0.2289762E-04, 0.1400498E-02, 0.1377600E-02,-0.1525638E-02,-0.2262586E-01,-0.2415150E-01, 0.6533553E+03,-0.2784381E+02,-0.1564671E+01, 0.6677183E+03, 0.2374022E-01, 0.2927076E-01
 0.8302000E+02, 0.3255171E-02, 0.1750183E-01, 0.2075700E-01,-0.1729598E-02, 0.5125598E-02, 0.3396000E-02,-0.2527169E-04, 0.1400472E-02, 0.1375200E-02,-0.1525572E-02,-0.2262743E-01,-0.2415300E-01, 0.6533682E+03,-0.2788352E+02,-0.1726899E+01, 0.6677534E+03, 0.2374261E-01, 0.2927410E-01
 0.8303500E+02, 0.3255409E-02, 0.1750684E-01, 0.2076225E-01,-0.1729935E-02, 0.5122935E-02, 0.3393000E-02,-0.2882731E-04, 0.1400427E-02, 0.1371600E-02,-0.1525474E-02,-0.2262978E-01,-0.2415525E-01, 0.6533873E+03,-0.2794300E+02,-0.1969866E+01, 0.6678061E+03, 0.2374618E-01, 0.2927911E-01
 0.8305750E+02, 0.3255764E-02, 0.1751436E-01, 0.2077012E-01,-0.1730438E-02, 0.5118938E-02, 0.3388500E-02,-0.3414843E-04, 0.1400348E-02, 0.1366200E-02,-0.1525326E-02,-0.2263330E-01,-0.2415862E-01, 0.6534155E+03,-0.2803201E+02,-0.2333476E+01, 0.6678851E+03, 0.2375153E-01, 0.2928662E-01
 0.8309125E+02, 0.3256291E-02, 0.1752565E-01, 0.2078194E-01,-0.1731188E-02, 0.5112938E-02, 0.3381750E-02,-0.4210252E-04, 0.1400203E-02, 0.1358100E-02,-0.1525103E-02,-0.2263859E-01,-0.2416369E-01, 0.6534571E+03,-0.2816502E+02,-0.2877006E+01, 0.6680037E+03, 0.2375958E-01, 0.2929791E-01
 0.8314187E+02, 0.3257072E-02, 0.1754258E-01, 0.2079966E-01,-0.1732305E-02, 0.5103929E-02, 0.3371625E-02,-0.5397185E-04, 0.1399922E-02, 0.1345950E-02,-0.1524767E-02,-0.2264651E-01,-0.2417128E-01, 0.6535179E+03,-0.2836346E+02,-0.3688076E+01, 0.6681819E+03, 0.2377165E-01, 0.2931486E-01
 0.8321781E+02, 0.3258218E-02, 0.1756802E-01, 0.2082623E-01,-0.1733958E-02, 0.5090395E-02, 0.3356438E-02,-0.7163769E-04, 0.1399363E-02, 0.1327725E-02,-0.1524260E-02,-0.2265841E-01,-0.2418267E-01, 0.6536053E+03,-0.2865867E+02,-0.4895242E+01, 0.6684494E+03, 0.2378977E-01, 0.2934031E-01
 0.8331781E+02, 0.3259684E-02, 0.1760155E-01, 0.2086123E-01,-0.1736098E-02, 0.5072535E-02, 0.3336437E-02,-0.9466383E-04, 0.1398389E-02, 0.1303725E-02,-0.1523586E-02,-0.2267409E-01,-0.2419767E-01, 0.6537136E+03,-0.2904322E+02,-0.6468695E+01, 0.6688023E+03, 0.2381368E-01, 0.2937387E-01
 0.8341781E+02, 0.3261101E-02, 0.1763513E-01, 0.2089623E-01,-0.1738198E-02, 0.5054635E-02, 0.3316438E-02,-0.1174543E-03, 0.1397179E-02, 0.1279725E-02,-0.1522904E-02,-0.2268977E-01,-0.2421267E-01, 0.6538140E+03,-0.2942355E+02,-0.8026044E+01, 0.6691557E+03, 0.2383763E-01, 0.2940749E-01
 0.8351781E+02, 0.3262472E-02, 0.1766876E-01, 0.2093124E-01,-0.1740259E-02, 0.5036697E-02, 0.3296438E-02,-0.1400111E-03, 0.1395736E-02, 0.1255725E-02,-0.1522213E-02,-0.2270546E-01,-0.2422767E-01, 0.6539069E+03,-0.2979971E+02,-0.9567423E+01, 0.6695096E+03, 0.2386162E-01, 0.2944115E-01
 0.8361781E+02, 0.3263797E-02, 0.1770244E-01, 0.2096623E-01,-0.1742283E-02, 0.5018720E-02, 0.3276438E-02,-0.1623361E-03, 0.1394061E-02, 0.1231725E-02,-0.1521514E-02,-0.2272116E-01,-0.2424267E-01, 0.6539925E+03,-0.3017174E+02,-0.1109297E+02, 0.6698640E+03, 0.2388565E-01, 0.2947487E-01
 0.8371781E+02, 0.3265078E-02, 0.1773616E-01, 0.2100123E-01,-0.1744270E-02, 0.5000707E-02, 0.3256437E-02,-0.1844315E-03, 0.1392156E-02, 0.1207725E-02,-0.1520809E-02,-0.2273686E-01,-0.2425767E-01, 0.6540712E+03,-0.3053969E+02,-0.1260282E+02, 0.6702189E+03, 0.2390972E-01, 0.2950863E-01
 0.8381781E+02, 0.3266318E-02, 0.1776992E-01, 0.2103624E-01,-0.1746221E-02, 0.4982658E-02, 0.3236438E-02,-0.2062992E-03, 0.1390024E-02, 0.1183725E-02,-0.1520097E-02,-0.2275258E-01,-0.2427267E-01, 0.6541432E+03,-0.3090360E+02,-0.1409711E+02, 0.6705744E+03, 0.2393383E-01, 0.2954244E-01
 0.8391781E+02, 0.3267516E-02, 0.1780372E-01, 0.2107123E-01,-0.1748137E-02, 0.4964574E-02, 0.3216438E-02,-0.2279412E-03, 0.1387666E-02, 0.1159725E-02,-0.1519379E-02,-0.2276829E-01,-0.2428767E-01, 0.6542090E+03,-0.3126352E+02,-0.1557598E+02, 0.6709303E+03, 0.2395798E-01, 0.2957630E-01
 0.8400000E+02, 0.3268471E-02, 0.1783153E-01, 0.2110000E-01,-0.1749686E-02, 0.4949687E-02, 0.3200000E-02,-0.2455766E-03, 0.1385577E-02, 0.1140000E-02,-0.1518784E-02,-0.2278122E-01,-0.2430000E-01, 0.6542582E+03,-0.3155663E+02,-0.1678107E+02, 0.6712232E+03, 0.2397786E-01, 0.2960416E-01
 0.8401000E+02, 0.3268655E-02, 0.1783635E-01, 0.2110500E-01,-0.1749609E-02, 0.4947109E-02, 0.3197500E-02,-0.2484107E-03, 0.1385211E-02, 0.1136800E-02,-0.1519046E-02,-0.2278345E-01,-0.2430250E-01, 0.6543192E+03,-0.3151020E+02,-0.1697473E+02, 0.6712739E+03, 0.2398130E-01, 0.2960898E-01
 0.8402000E+02, 0.3268839E-02, 0.1784116E-01, 0.2111000E-01,-0.1749531E-02, 0.4944531E-02, 0.3195000E-02,-0.2512404E-03, 0.1384840E-02, 0.1133600E-02,-0.1519308E-02,-0.2278569E-01,-0.2430500E-01, 0.6543799E+03,-0.3146384E+02,-0.1716810E+02, 0.6713245E+03, 0.2398475E-01, 0.2961379E-01
 0.8403500E+02, 0.3269113E-02, 0.1784839E-01, 0.2111750E-01,-0.1749414E-02, 0.4940664E-02, 0.3191250E-02,-0.2554758E-03, 0.1384276E-02, 0.1128800E-02,-0.1519699E-02,-0.2278905E-01,-0.2430875E-01, 0.6544708E+03,-0.3139445E+02,-0.1745751E+02, 0.6714006E+03, 0.2398992E-01, 0.2962102E-01
 0.8405750E+02, 0.3269521E-02, 0.1785923E-01, 0.2112875E-01,-0.1749238E-02, 0.4934864E-02, 0.3185625E-02,-0.2618076E-03, 0.1383408E-02, 0.1121600E-02,-0.1520282E-02,-0.2279409E-01,-0.2431437E-01, 0.6546064E+03,-0.3129069E+02,-0.1789018E+02, 0.6715146E+03, 0.2399767E-01, 0.2963184E-01
 0.8409125E+02, 0.3270126E-02, 0.1787550E-01, 0.2114562E-01,-0.1748974E-02, 0.4926162E-02, 0.3177187E-02,-0.2712580E-03, 0.1382058E-02, 0.1110800E-02,-0.1521152E-02,-0.2280166E-01,-0.2432281E-01, 0.6548079E+03,-0.3113578E+02,-0.1853596E+02, 0.6716856E+03, 0.2400932E-01, 0.2964815E-01
 0.8414187E+02, 0.3271023E-02, 0.1789991E-01, 0.2117094E-01,-0.1748579E-02, 0.4913110E-02, 0.3164531E-02,-0.2853283E-03, 0.1379928E-02, 0.1094600E-02,-0.1522444E-02,-0.2281302E-01,-0.2433547E-01, 0.6551072E+03,-0.3090510E+02,-0.1949743E+02, 0.6719428E+03, 0.2402681E-01, 0.2967261E-01
 0.8421781E+02, 0.3272339E-02, 0.1793657E-01, 0.2120891E-01,-0.1747985E-02, 0.4893532E-02, 0.3145547E-02,-0.3061986E-03, 0.1376499E-02, 0.1070300E-02,-0.1524355E-02,-0.2283010E-01,-0.2435445E-01, 0.6555482E+03,-0.3056278E+02,-0.2092357E+02, 0.6723290E+03, 0.2405311E-01, 0.2970934E-01
 0.8431781E+02, 0.3274021E-02, 0.1798489E-01, 0.2125891E-01,-0.1747199E-02, 0.4867746E-02, 0.3120547E-02,-0.3332800E-03, 0.1371580E-02, 0.1038300E-02,-0.1526822E-02,-0.2285263E-01,-0.2437945E-01, 0.6561152E+03,-0.3011829E+02,-0.2277414E+02, 0.6728382E+03, 0.2408782E-01, 0.2975778E-01
 0.8441781E+02, 0.3275645E-02, 0.1803326E-01, 0.2130891E-01,-0.1746408E-02, 0.4841955E-02, 0.3095547E-02,-0.3599640E-03, 0.1366264E-02, 0.1006300E-02,-0.1529237E-02,-0.2287522E-01,-0.2440445E-01, 0.6566672E+03,-0.2967996E+02,-0.2459754E+02, 0.6733482E+03, 0.2412263E-01, 0.2980629E-01
 0.8451781E+02, 0.3277215E-02, 0.1808169E-01, 0.2135891E-01,-0.1745611E-02, 0.4816158E-02, 0.3070547E-02,-0.3862559E-03, 0.1360556E-02, 0.9743000E-03,-0.1531603E-02,-0.2289785E-01,-0.2442945E-01, 0.6572051E+03,-0.2924774E+02,-0.2639416E+02, 0.6738588E+03, 0.2415754E-01, 0.2985487E-01
 0.8461781E+02, 0.3278733E-02, 0.1813017E-01, 0.2140891E-01,-0.1744811E-02, 0.4790358E-02, 0.3045547E-02,-0.4121614E-03, 0.1354461E-02, 0.9423000E-03,-0.1533922E-02,-0.2292053E-01,-0.2445445E-01, 0.6577294E+03,-0.2882156E+02,-0.2816436E+02, 0.6743702E+03, 0.2419254E-01, 0.2990351E-01
 0.8471781E+02, 0.3280202E-02, 0.1817870E-01, 0.2145891E-01,-0.1744009E-02, 0.4764555E-02, 0.3020547E-02,-0.4376858E-03, 0.1347986E-02, 0.9103000E-03,-0.1536194E-02,-0.2294326E-01,-0.2447945E-01, 0.6582408E+03,-0.2840137E+02,-0.2990853E+02, 0.6748823E+03, 0.2422764E-01, 0.2995222E-01
 0.8481781E+02, 0.3281626E-02, 0.1822728E-01, 0.2150891E-01,-0.1743205E-02, 0.4738752E-02, 0.2995547E-02,-0.4628347E-03, 0.1341135E-02, 0.8783000E-03,-0.1538421E-02,-0.2296603E-01,-0.2450445E-01, 0.6587397E+03,-0.2798709E+02,-0.3162704E+02, 0.6753950E+03, 0.2426283E-01, 0.3000098E-01
 0.8491781E+02, 0.3283006E-02, 0.1827590E-01, 0.2155891E-01,-0.1742401E-02, 0.4712948E-02, 0.2970547E-02,-0.4876134E-03, 0.1333913E-02, 0.8463000E-03,-0.1540605E-02,-0.2298885E-01,-0.2452945E-01, 0.6592269E+03,-0.2757866E+02,-0.3332025E+02, 0.6759083E+03, 0.2429811E-01, 0.3004981E-01
 0.8500000E+02, 0.3284109E-02, 0.1831589E-01, 0.2160000E-01,-0.1741738E-02, 0.4691738E-02, 0.2950000E-02,-0.5077306E-03, 0.1327731E-02, 0.8200000E-03,-0.1542371E-02,-0.2300763E-01,-0.2455000E-01, 0.6596188E+03,-0.2724687E+02,-0.3469493E+02, 0.6763307E+03, 0.2432717E-01, 0.3008999E-01
 0.8501000E+02, 0.3284159E-02, 0.1831884E-01, 0.2160300E-01,-0.1741674E-02, 0.4690174E-02, 0.2948500E-02,-0.5097729E-03, 0.1327273E-02, 0.8175000E-03,-0.1542485E-02,-0.2300902E-01,-0.2455150E-01, 0.6596415E+03,-0.2722242E+02,-0.3483448E+02, 0.6763618E+03, 0.2432931E-01, 0.3009295E-01
 0.8502000E+02, 0.3284210E-02, 0.1832179E-01, 0.2160600E-01,-0.1741610E-02, 0.4688610E-02, 0.2947000E-02,-0.5118132E-03, 0.1326813E-02, 0.8150000E-03,-0.1542600E-02,-0.2301040E-01,-0.2455300E-01, 0.6596640E+03,-0.2719799E+02,-0.3497390E+02, 0.6763929E+03, 0.2433146E-01, 0.3009591E-01
 0.8503500E+02, 0.3284285E-02, 0.1832622E-01, 0.2161050E-01,-0.1741513E-02, 0.4686263E-02, 0.2944750E-02,-0.5148695E-03, 0.1326120E-02, 0.8112501E-03,-0.1542771E-02,-0.2301248E-01,-0.2455525E-01, 0.6596977E+03,-0.2716140E+02,-0.3518275E+02, 0.6764396E+03, 0.2433468E-01, 0.3010035E-01
 0.8505750E+02, 0.3284396E-02, 0.1833285E-01, 0.2161725E-01,-0.1741369E-02, 0.4682743E-02, 0.2941375E-02,-0.5194445E-03, 0.1325070E-02, 0.8056251E-03,-0.1543028E-02,-0.2301560E-01,-0.2455863E-01, 0.6597479E+03,-0.2710661E+02,-0.3549538E+02, 0.6765097E+03, 0.2433950E-01, 0.3010701E-01
 0.8509125E+02, 0.3284560E-02, 0.1834282E-01, 0.2162738E-01,-0.1741151E-02, 0.4677463E-02, 0.2936312E-02,-0.5262860E-03, 0.1323474E-02, 0.7971875E-03,-0.1543409E-02,-0.2302028E-01,-0.2456369E-01, 0.6598225E+03,-0.2702465E+02,-0.3596288E+02, 0.6766148E+03, 0.2434675E-01, 0.3011698E-01
 0.8514187E+02, 0.3284800E-02, 0.1835776E-01, 0.2164256E-01,-0.1740823E-02, 0.4669541E-02, 0.2928719E-02,-0.5365009E-03, 0.1321032E-02, 0.7845312E-03,-0.1543977E-02,-0.2302730E-01,-0.2457128E-01, 0.6599329E+03,-0.2690223E+02,-0.3666089E+02, 0.6767724E+03, 0.2435763E-01, 0.3013201E-01
 0.8521781E+02, 0.3285149E-02, 0.1838019E-01, 0.2166534E-01,-0.1740330E-02, 0.4657658E-02, 0.2917328E-02,-0.5517179E-03, 0.1317265E-02, 0.7655469E-03,-0.1544819E-02,-0.2303785E-01,-0.2458267E-01, 0.6600956E+03,-0.2671978E+02,-0.3770072E+02, 0.6770094E+03, 0.2437397E-01, 0.3015456E-01
 0.8531781E+02, 0.3285585E-02, 0.1840976E-01, 0.2169534E-01,-0.1739676E-02, 0.4642004E-02, 0.2902328E-02,-0.5715747E-03, 0.1312122E-02, 0.7405469E-03,-0.1545909E-02,-0.2305176E-01,-0.2459767E-01, 0.6603041E+03,-0.2648149E+02,-0.3905761E+02, 0.6773220E+03, 0.2439552E-01, 0.3018429E-01
 0.8541781E+02, 0.3285993E-02, 0.1843935E-01, 0.2172534E-01,-0.1739016E-02, 0.4626343E-02, 0.2887328E-02,-0.5912504E-03, 0.1306797E-02, 0.7155469E-03,-0.1546978E-02,-0.2306569E-01,-0.2461267E-01, 0.6605060E+03,-0.2624515E+02,-0.4040211E+02, 0.6776349E+03, 0.2441711E-01, 0.3021406E-01
 0.8551781E+02, 0.3286376E-02, 0.1846897E-01, 0.2175534E-01,-0.1738349E-02, 0.4610677E-02, 0.2872328E-02,-0.6107462E-03, 0.1301293E-02, 0.6905468E-03,-0.1548027E-02,-0.2307964E-01,-0.2462767E-01, 0.6607017E+03,-0.2601074E+02,-0.4173433E+02, 0.6779483E+03, 0.2443874E-01, 0.3024386E-01
 0.8561781E+02, 0.3286733E-02, 0.1849861E-01, 0.2178534E-01,-0.1737677E-02, 0.4595005E-02, 0.2857328E-02,-0.6300637E-03, 0.1295611E-02, 0.6655469E-03,-0.1549056E-02,-0.2309362E-01,-0.2464267E-01, 0.6608912E+03,-0.2577824E+02,-0.4305436E+02, 0.6782620E+03, 0.2446041E-01, 0.3027370E-01
 0.8571781E+02, 0.3287066E-02, 0.1852828E-01, 0.2181534E-01,-0.1737000E-02, 0.4579328E-02, 0.2842328E-02,-0.6492044E-03, 0.1289751E-02, 0.6405468E-03,-0.1550066E-02,-0.2310761E-01,-0.2465767E-01, 0.6610747E+03,-0.2554767E+02,-0.4436230E+02, 0.6785760E+03, 0.2448211E-01, 0.3030358E-01
 0.8581781E+02, 0.3287376E-02, 0.1855797E-01, 0.2184534E-01,-0.1736318E-02, 0.4563646E-02, 0.2827328E-02,-0.6681698E-03, 0.1283717E-02, 0.6155469E-03,-0.1551057E-02,-0.2312161E-01,-0.2467267E-01, 0.6612526E+03,-0.2531900E+02,-0.4565827E+02, 0.6788905E+03, 0.2450385E-01, 0.3033349E-01
 0.8591781E+02, 0.3287663E-02, 0.1858768E-01, 0.2187534E-01,-0.1735632E-02, 0.4547961E-02, 0.2812328E-02,-0.6869613E-03, 0.1277508E-02, 0.5905468E-03,-0.1552031E-02,-0.2313564E-01,-0.2468767E-01, 0.6614248E+03,-0.2509222E+02,-0.4694235E+02, 0.6792052E+03, 0.2452563E-01, 0.3036343E-01
 0.8600000E+02, 0.3287882E-02, 0.1861212E-01, 0.2190000E-01,-0.1735065E-02, 0.4535065E-02, 0.2800000E-02,-0.7022884E-03, 0.1272288E-02, 0.5700000E-03,-0.1552818E-02,-0.2314718E-01,-0.2470000E-01, 0.6615623E+03,-0.2490710E+02,-0.4798970E+02, 0.6794643E+03, 0.2454356E-01, 0.3038806E-01
 0.8601000E+02, 0.3287975E-02, 0.1861642E-01, 0.2190440E-01,-0.1734292E-02, 0.4532793E-02, 0.2798500E-02,-0.7045653E-03, 0.1271365E-02, 0.5668001E-03,-0.1553682E-02,-0.2314922E-01,-0.2470290E-01, 0.6616931E+03,-0.2468343E+02,-0.4814529E+02, 0.6795099E+03, 0.2454672E-01, 0.3039240E-01
 0.8602000E+02, 0.3288066E-02, 0.1862074E-01, 0.2190880E-01,-0.1733521E-02, 0.4530521E-02, 0.2797000E-02,-0.7068390E-03, 0.1270439E-02, 0.5636000E-03,-0.1554545E-02,-0.2315125E-01,-0.2470580E-01, 0.6618235E+03,-0.2446004E+02,-0.4830067E+02, 0.6795555E+03, 0.2454988E-01, 0.3039674E-01
 0.8603500E+02, 0.3288202E-02, 0.1862720E-01, 0.2191540E-01,-0.1732365E-02, 0.4527116E-02, 0.2794750E-02,-0.7102429E-03, 0.1269043E-02, 0.5587999E-03,-0.1555837E-02,-0.2315431E-01,-0.2471015E-01, 0.6620186E+03,-0.2412562E+02,-0.4853326E+02, 0.6796240E+03, 0.2455463E-01, 0.3040324E-01
 0.8605750E+02, 0.3288404E-02, 0.1863690E-01, 0.2192530E-01,-0.1730637E-02, 0.4522012E-02, 0.2791375E-02,-0.7153333E-03, 0.1266933E-02, 0.5516000E-03,-0.1557767E-02,-0.2315891E-01,-0.2471668E-01, 0.6623101E+03,-0.2362544E+02,-0.4888111E+02, 0.6797266E+03, 0.2456176E-01, 0.3041299E-01
 0.8609125E+02, 0.3288702E-02, 0.1865145E-01, 0.2194015E-01,-0.1728053E-02, 0.4514365E-02, 0.2786312E-02,-0.7229343E-03, 0.1263734E-02, 0.5408000E-03,-0.1560649E-02,-0.2316581E-01,-0.2472646E-01, 0.6627446E+03,-0.2287846E+02,-0.4940051E+02, 0.6798806E+03, 0.2457247E-01, 0.3042767E-01
 0.8614187E+02, 0.3289139E-02, 0.1867329E-01, 0.2196243E-01,-0.1724199E-02, 0.4502918E-02, 0.2778719E-02,-0.7342594E-03, 0.1258859E-02, 0.5246000E-03,-0.1564940E-02,-0.2317620E-01,-0.2474114E-01, 0.6633909E+03,-0.2176533E+02,-0.5017439E+02, 0.6801122E+03, 0.2458857E-01, 0.3044969E-01
 0.8621781E+02, 0.3289773E-02, 0.1870606E-01, 0.2199584E-01,-0.1718467E-02, 0.4485795E-02, 0.2767328E-02,-0.7510757E-03, 0.1251376E-02, 0.5003000E-03,-0.1571306E-02,-0.2319186E-01,-0.2476317E-01, 0.6643474E+03,-0.2011199E+02,-0.5132351E+02, 0.6804599E+03, 0.2461280E-01, 0.3048277E-01
 0.8631781E+02, 0.3290565E-02, 0.1874927E-01, 0.2203984E-01,-0.1711000E-02, 0.4463328E-02, 0.2752328E-02,-0.7729265E-03, 0.1241227E-02, 0.4683000E-03,-0.1579565E-02,-0.2321260E-01,-0.2479217E-01, 0.6655844E+03,-0.1796280E+02,-0.5281665E+02, 0.6809184E+03, 0.2464483E-01, 0.3052638E-01
 0.8641781E+02, 0.3291310E-02, 0.1879253E-01, 0.2208384E-01,-0.1703611E-02, 0.4440939E-02, 0.2737328E-02,-0.7944853E-03, 0.1230785E-02, 0.4363000E-03,-0.1587699E-02,-0.2323347E-01,-0.2482116E-01, 0.6667979E+03,-0.1584127E+02,-0.5428983E+02, 0.6813776E+03, 0.2467701E-01, 0.3057006E-01
 0.8651781E+02, 0.3292010E-02, 0.1883583E-01, 0.2212784E-01,-0.1696299E-02, 0.4418627E-02, 0.2722328E-02,-0.8157556E-03, 0.1220056E-02, 0.4042999E-03,-0.1595711E-02,-0.2325446E-01,-0.2485017E-01, 0.6679884E+03,-0.1374712E+02,-0.5574330E+02, 0.6818375E+03, 0.2470933E-01, 0.3061381E-01
 0.8661781E+02, 0.3292667E-02, 0.1887917E-01, 0.2217184E-01,-0.1689065E-02, 0.4396393E-02, 0.2707328E-02,-0.8367412E-03, 0.1209041E-02, 0.3723000E-03,-0.1603602E-02,-0.2327556E-01,-0.2487917E-01, 0.6691567E+03,-0.1168004E+02,-0.5717732E+02, 0.6822981E+03, 0.2474179E-01, 0.3065762E-01
 0.8671781E+02, 0.3293284E-02, 0.1892255E-01, 0.2221584E-01,-0.1681910E-02, 0.4374238E-02, 0.2692328E-02,-0.8574460E-03, 0.1197746E-02, 0.3403000E-03,-0.1611375E-02,-0.2329679E-01,-0.2490817E-01, 0.6703034E+03,-0.9639721E+01,-0.5859214E+02, 0.6827593E+03, 0.2477438E-01, 0.3070150E-01
 0.8681781E+02, 0.3293864E-02, 0.1896597E-01, 0.2225984E-01,-0.1674831E-02, 0.4352160E-02, 0.2677328E-02,-0.8778737E-03, 0.1186174E-02, 0.3083000E-03,-0.1619032E-02,-0.2331813E-01,-0.2493716E-01, 0.6714291E+03,-0.7625862E+01,-0.5998803E+02, 0.6832212E+03, 0.2480710E-01, 0.3074543E-01
 0.8691781E+02, 0.3294408E-02, 0.1900943E-01, 0.2230384E-01,-0.1667831E-02, 0.4330159E-02, 0.2662328E-02,-0.8980279E-03, 0.1174328E-02, 0.2763001E-03,-0.1626576E-02,-0.2333959E-01,-0.2496617E-01, 0.6725345E+03,-0.5638156E+01,-0.6136524E+02, 0.6836837E+03, 0.2483995E-01, 0.3078942E-01
 0.8700000E+02, 0.3294828E-02, 0.1904517E-01, 0.2234000E-01,-0.1662128E-02, 0.4312129E-02, 0.2650000E-02,-0.9144083E-03, 0.1164408E-02, 0.2500000E-03,-0.1632699E-02,-0.2335730E-01,-0.2499000E-01, 0.6734286E+03,-0.4022005E+01,-0.6248457E+02, 0.6840642E+03, 0.2486704E-01, 0.3082562E-01
 0.8701000E+02, 0.3294880E-02, 0.1904872E-01, 0.2234360E-01,-0.1661240E-02, 0.4310340E-02, 0.2649100E-02,-0.9159220E-03, 0.1163422E-02, 0.2475000E-03,-0.1633640E-02,-0.2335906E-01,-0.2499270E-01, 0.6735643E+03,-0.3771942E+01,-0.6258800E+02, 0.6841020E+03, 0.2486973E-01, 0.3082921E-01
 0.8702000E+02, 0.3294931E-02, 0.1905227E-01, 0.2234720E-01,-0.1660351E-02, 0.4308551E-02, 0.2648200E-02,-0.9174339E-03, 0.1162434E-02, 0.2450000E-03,-0.1634579E-02,-0.2336082E-01,-0.2499540E-01, 0.6736997E+03,-0.3522149E+01,-0.6269131E+02, 0.6841397E+03, 0.2487242E-01, 0.3083280E-01
 0.8703500E+02, 0.3295007E-02, 0.1905759E-01, 0.2235260E-01,-0.1659021E-02, 0.4305871E-02, 0.2646850E-02,-0.9196979E-03, 0.1160948E-02, 0.2412500E-03,-0.1635986E-02,-0.2336346E-01,-0.2499945E-01, 0.6739024E+03,-0.3148063E+01,-0.6284602E+02, 0.6841964E+03, 0.2487646E-01, 0.3083818E-01
 0.8705750E+02, 0.3295120E-02, 0.1906558E-01, 0.2236070E-01,-0.1657029E-02, 0.4301854E-02, 0.2644825E-02,-0.9230854E-03, 0.1158710E-02, 0.2356250E-03,-0.1638090E-02,-0.2336743E-01,-0.2500553E-01, 0.6742054E+03,-0.2588289E+01,-0.6307750E+02, 0.6842813E+03, 0.2488253E-01, 0.3084626E-01
 0.8709125E+02, 0.3295285E-02, 0.1907756E-01, 0.2237285E-01,-0.1654051E-02, 0.4295839E-02, 0.2641788E-02,-0.9281474E-03, 0.1155335E-02, 0.2271875E-03,-0.1641234E-02,-0.2337340E-01,-0.2501464E-01, 0.6746577E+03,-0.1751668E+01,-0.6342340E+02, 0.6844088E+03, 0.2489165E-01, 0.3085840E-01
 0.8714187E+02, 0.3295528E-02, 0.1909555E-01, 0.2239108E-01,-0.1649606E-02, 0.4286838E-02, 0.2637231E-02,-0.9356979E-03, 0.1150229E-02, 0.2145312E-03,-0.1645922E-02,-0.2338238E-01,-0.2502831E-01, 0.6753315E+03,-0.5035458E+00,-0.6393936E+02, 0.6846004E+03, 0.2490534E-01, 0.3087662E-01
 0.8721781E+02, 0.3295877E-02, 0.1912254E-01, 0.2241841E-01,-0.1642987E-02, 0.4273383E-02, 0.2630397E-02,-0.9469282E-03, 0.1142475E-02, 0.1955469E-03,-0.1652890E-02,-0.2339592E-01,-0.2504881E-01, 0.6763314E+03, 0.1353434E+01,-0.6470676E+02, 0.6848880E+03, 0.2492595E-01, 0.3090398E-01
 0.8731781E+02, 0.3296307E-02, 0.1915810E-01, 0.2245441E-01,-0.1634351E-02, 0.4255748E-02, 0.2621397E-02,-0.9615524E-03, 0.1132099E-02, 0.1705468E-03,-0.1661956E-02,-0.2341385E-01,-0.2507581E-01, 0.6776293E+03, 0.3772723E+01,-0.6570608E+02, 0.6852672E+03, 0.2495321E-01, 0.3094005E-01
 0.8741781E+02, 0.3296705E-02, 0.1919371E-01, 0.2249041E-01,-0.1625794E-02, 0.4238191E-02, 0.2612397E-02,-0.9760121E-03, 0.1121559E-02, 0.1455468E-03,-0.1670912E-02,-0.2343190E-01,-0.2510281E-01, 0.6789076E+03, 0.6166133E+01,-0.6669416E+02, 0.6856469E+03, 0.2498057E-01, 0.3097617E-01
 0.8751781E+02, 0.3297072E-02, 0.1922934E-01, 0.2252641E-01,-0.1617314E-02, 0.4220711E-02, 0.2603397E-02,-0.9903093E-03, 0.1110856E-02, 0.1205469E-03,-0.1679757E-02,-0.2345005E-01,-0.2512981E-01, 0.6801667E+03, 0.8533903E+01,-0.6767113E+02, 0.6860271E+03, 0.2500805E-01, 0.3101234E-01
 0.8761781E+02, 0.3297409E-02, 0.1926500E-01, 0.2256241E-01,-0.1608913E-02, 0.4203310E-02, 0.2594397E-02,-0.1004446E-02, 0.1099993E-02, 0.9554694E-04,-0.1688496E-02,-0.2346831E-01,-0.2515681E-01, 0.6814069E+03, 0.1087627E+02,-0.6863712E+02, 0.6864078E+03, 0.2503564E-01, 0.3104855E-01
 0.8771781E+02, 0.3297718E-02, 0.1930070E-01, 0.2259841E-01,-0.1600590E-02, 0.4185987E-02, 0.2585397E-02,-0.1018423E-02, 0.1088970E-02, 0.7054687E-04,-0.1697127E-02,-0.2348668E-01,-0.2518381E-01, 0.6826288E+03, 0.1319348E+02,-0.6959225E+02, 0.6867890E+03, 0.2506334E-01, 0.3108481E-01
 0.8781781E+02, 0.3297999E-02, 0.1933641E-01, 0.2263441E-01,-0.1592344E-02, 0.4168741E-02, 0.2576397E-02,-0.1032244E-02, 0.1077791E-02, 0.4554691E-04,-0.1705655E-02,-0.2350515E-01,-0.2521081E-01, 0.6838326E+03, 0.1548576E+02,-0.7053666E+02, 0.6871706E+03, 0.2509115E-01, 0.3112111E-01
 0.8791781E+02, 0.3298255E-02, 0.1937216E-01, 0.2267041E-01,-0.1584176E-02, 0.4151573E-02, 0.2567397E-02,-0.1045909E-02, 0.1066456E-02, 0.2054684E-04,-0.1714079E-02,-0.2352373E-01,-0.2523781E-01, 0.6850189E+03, 0.1775336E+02,-0.7147044E+02, 0.6875528E+03, 0.2511906E-01, 0.3115746E-01
 0.8800000E+02, 0.3298446E-02, 0.1940155E-01, 0.2270000E-01,-0.1577514E-02, 0.4137514E-02, 0.2560000E-02,-0.1057035E-02, 0.1057035E-02, 0.0000000E+00,-0.1720932E-02,-0.2353907E-01,-0.2526000E-01, 0.6859816E+03, 0.1960049E+02,-0.7223074E+02, 0.6878672E+03, 0.2514207E-01, 0.3118736E-01
 0.8801000E+02, 0.3298384E-02, 0.1940462E-01, 0.2270300E-01,-0.1576450E-02, 0.4136051E-02, 0.2559600E-02,-0.1058852E-02, 0.1056052E-02,-0.2800021E-05,-0.1721933E-02,-0.2354067E-01,-0.2526260E-01, 0.6861100E+03, 0.1988270E+02,-0.7235490E+02, 0.6878999E+03, 0.2514447E-01, 0.3119048E-01
 0.8802000E+02, 0.3298321E-02, 0.1940768E-01, 0.2270600E-01,-0.1575388E-02, 0.4134587E-02, 0.2559200E-02,-0.1060667E-02, 0.1055067E-02,-0.5600043E-05,-0.1722934E-02,-0.2354227E-01,-0.2526520E-01, 0.6862382E+03, 0.2016464E+02,-0.7247894E+02, 0.6879326E+03, 0.2514687E-01, 0.3119359E-01
 0.8803500E+02, 0.3298227E-02, 0.1941227E-01, 0.2271050E-01,-0.1573795E-02, 0.4132395E-02, 0.2558600E-02,-0.1063386E-02, 0.1053586E-02,-0.9799958E-05,-0.1724432E-02,-0.2354467E-01,-0.2526910E-01, 0.6864299E+03, 0.2058697E+02,-0.7266472E+02, 0.6879817E+03, 0.2515047E-01, 0.3119826E-01
 0.8805750E+02, 0.3298083E-02, 0.1941917E-01, 0.2271725E-01,-0.1571411E-02, 0.4129110E-02, 0.2557700E-02,-0.1067455E-02, 0.1051355E-02,-0.1610001E-04,-0.1726672E-02,-0.2354828E-01,-0.2527495E-01, 0.6867166E+03, 0.2121911E+02,-0.7294275E+02, 0.6880554E+03, 0.2515588E-01, 0.3120526E-01
 0.8809125E+02, 0.3297863E-02, 0.1942951E-01, 0.2272738E-01,-0.1567842E-02, 0.4124193E-02, 0.2556350E-02,-0.1073537E-02, 0.1047987E-02,-0.2555002E-04,-0.1730020E-02,-0.2355370E-01,-0.2528373E-01, 0.6871440E+03, 0.2216433E+02,-0.7335838E+02, 0.6881660E+03, 0.2516401E-01, 0.3121576E-01
 0.8814187E+02, 0.3297523E-02, 0.1944504E-01, 0.2274256E-01,-0.1562510E-02, 0.4116835E-02, 0.2554325E-02,-0.1082614E-02, 0.1042889E-02,-0.3972510E-04,-0.1735013E-02,-0.2356187E-01,-0.2529689E-01, 0.6877798E+03, 0.2357545E+02,-0.7397865E+02, 0.6883318E+03, 0.2517623E-01, 0.3123157E-01
 0.8821781E+02, 0.3296995E-02, 0.1946835E-01, 0.2276534E-01,-0.1554557E-02, 0.4105844E-02, 0.2551287E-02,-0.1096127E-02, 0.1035140E-02,-0.6098754E-04,-0.1742438E-02,-0.2357419E-01,-0.2531663E-01, 0.6887225E+03, 0.2567710E+02,-0.7490204E+02, 0.6885815E+03, 0.2519462E-01, 0.3125532E-01
 0.8831781E+02, 0.3296263E-02, 0.1949908E-01, 0.2279534E-01,-0.1544160E-02, 0.4091448E-02, 0.2547288E-02,-0.1113744E-02, 0.1024756E-02,-0.8898752E-04,-0.1752103E-02,-0.2359053E-01,-0.2534263E-01, 0.6899432E+03, 0.2841881E+02,-0.7610581E+02, 0.6889109E+03, 0.2521894E-01, 0.3128665E-01
 0.8841781E+02, 0.3295487E-02, 0.1952986E-01, 0.2282534E-01,-0.1533836E-02, 0.4077124E-02, 0.2543288E-02,-0.1131180E-02, 0.1014192E-02,-0.1169875E-03,-0.1761651E-02,-0.2360698E-01,-0.2536863E-01, 0.6911423E+03, 0.3113472E+02,-0.7729730E+02, 0.6892410E+03, 0.2524338E-01, 0.3131804E-01
 0.8851781E+02, 0.3294671E-02, 0.1956067E-01, 0.2285534E-01,-0.1523585E-02, 0.4062873E-02, 0.2539287E-02,-0.1148438E-02, 0.1003451E-02,-0.1449875E-03,-0.1771085E-02,-0.2362355E-01,-0.2539463E-01, 0.6923200E+03, 0.3382501E+02,-0.7847661E+02, 0.6895717E+03, 0.2526793E-01, 0.3134951E-01
 0.8861781E+02, 0.3293815E-02, 0.1959153E-01, 0.2288534E-01,-0.1513408E-02, 0.4048695E-02, 0.2535287E-02,-0.1165520E-02, 0.9925322E-03,-0.1729875E-03,-0.1780407E-02,-0.2364022E-01,-0.2542063E-01, 0.6934770E+03, 0.3648984E+02,-0.7964385E+02, 0.6899032E+03, 0.2529259E-01, 0.3138103E-01
 0.8871781E+02, 0.3292921E-02, 0.1962242E-01, 0.2291534E-01,-0.1503304E-02, 0.4034592E-02, 0.2531288E-02,-0.1182426E-02, 0.9814388E-03,-0.2009876E-03,-0.1789617E-02,-0.2365701E-01,-0.2544663E-01, 0.6946135E+03, 0.3912940E+02,-0.8079913E+02, 0.6902352E+03, 0.2531736E-01, 0.3141262E-01
 0.8881781E+02, 0.3291991E-02, 0.1965335E-01, 0.2294534E-01,-0.1493274E-02, 0.4020561E-02, 0.2527287E-02,-0.1199160E-02, 0.9701720E-03,-0.2289875E-03,-0.1798717E-02,-0.2367391E-01,-0.2547263E-01, 0.6957300E+03, 0.4174386E+02,-0.8194257E+02, 0.6905680E+03, 0.2534224E-01, 0.3144427E-01
 0.8891781E+02, 0.3291026E-02, 0.1968432E-01, 0.2297534E-01,-0.1483318E-02, 0.4006605E-02, 0.2523287E-02,-0.1215721E-02, 0.9587335E-03,-0.2569875E-03,-0.1807708E-02,-0.2369092E-01,-0.2549863E-01, 0.6968270E+03, 0.4433340E+02,-0.8307426E+02, 0.6909013E+03, 0.2536723E-01, 0.3147598E-01
 0.8900000E+02, 0.3290207E-02, 0.1970979E-01, 0.2300000E-01,-0.1475183E-02, 0.3995183E-02, 0.2520000E-02,-0.1229216E-02, 0.9492158E-03,-0.2800000E-03,-0.1815024E-02,-0.2370498E-01,-0.2552000E-01, 0.6977148E+03, 0.4644489E+02,-0.8399641E+02, 0.6911758E+03, 0.2538784E-01, 0.3150209E-01
 0.8901000E+02, 0.3289984E-02, 0.1971302E-01, 0.2300300E-01,-0.1472940E-02, 0.3993740E-02, 0.2520800E-02,-0.1231210E-02, 0.9480098E-03,-0.2832001E-03,-0.1817044E-02,-0.2370676E-01,-0.2552380E-01, 0.6979604E+03, 0.4702749E+02,-0.8413267E+02, 0.6912105E+03, 0.2539045E-01, 0.3150539E-01
 0.8902000E+02, 0.3289760E-02, 0.1971624E-01, 0.2300600E-01,-0.1470699E-02, 0.3992299E-02, 0.2521600E-02,-0.1233201E-02, 0.9468011E-03,-0.2864000E-03,-0.1819061E-02,-0.2370854E-01,-0.2552760E-01, 0.6982054E+03, 0.4760949E+02,-0.8426874E+02, 0.6912452E+03, 0.2539307E-01, 0.3150869E-01
 0.8903500E+02, 0.3289420E-02, 0.1972108E-01, 0.2301050E-01,-0.1467340E-02, 0.3990140E-02, 0.2522800E-02,-0.1236182E-02, 0.9449823E-03,-0.2911999E-03,-0.1822080E-02,-0.2371122E-01,-0.2553330E-01, 0.6985717E+03, 0.4848116E+02,-0.8447246E+02, 0.6912973E+03, 0.2539699E-01, 0.3151364E-01
 0.8905750E+02, 0.3288904E-02, 0.1972835E-01, 0.2301725E-01,-0.1462309E-02, 0.3986910E-02, 0.2524600E-02,-0.1240641E-02, 0.9422415E-03,-0.2984000E-03,-0.1826595E-02,-0.2371526E-01,-0.2554185E-01, 0.6991181E+03, 0.4978567E+02,-0.8477717E+02, 0.6913756E+03, 0.2540289E-01, 0.3152108E-01
 0.8909125E+02, 0.3288115E-02, 0.1973926E-01, 0.2302737E-01,-0.1454781E-02, 0.3982081E-02, 0.2527300E-02,-0.1247301E-02, 0.9381014E-03,-0.3092000E-03,-0.1833334E-02,-0.2372134E-01,-0.2555468E-01, 0.6999314E+03, 0.5173570E+02,-0.8523226E+02, 0.6914931E+03, 0.2541177E-01, 0.3153224E-01
 0.8914187E+02, 0.3286899E-02, 0.1975566E-01, 0.2304256E-01,-0.1443526E-02, 0.3974876E-02, 0.2531350E-02,-0.1257227E-02, 0.9318270E-03,-0.3254000E-03,-0.1843372E-02,-0.2373054E-01,-0.2557391E-01, 0.7011370E+03, 0.5464561E+02,-0.8591051E+02, 0.6916698E+03, 0.2542517E-01, 0.3154907E-01
 0.8921781E+02, 0.3285006E-02, 0.1978034E-01, 0.2306534E-01,-0.1426735E-02, 0.3964160E-02, 0.2537425E-02,-0.1271973E-02, 0.9222731E-03,-0.3496999E-03,-0.1858271E-02,-0.2374450E-01,-0.2560277E-01, 0.7029145E+03, 0.5897657E+02,-0.8691816E+02, 0.6919363E+03, 0.2544540E-01, 0.3157443E-01
 0.8931781E+02, 0.3282386E-02, 0.1981296E-01, 0.2309534E-01,-0.1404774E-02, 0.3950200E-02, 0.2545425E-02,-0.1291142E-02, 0.9094418E-03,-0.3817000E-03,-0.1877611E-02,-0.2376316E-01,-0.2564077E-01, 0.7051996E+03, 0.6462103E+02,-0.8822803E+02, 0.6922891E+03, 0.2547232E-01, 0.3160799E-01
 0.8941781E+02, 0.3279621E-02, 0.1984572E-01, 0.2312534E-01,-0.1382958E-02, 0.3936383E-02, 0.2553425E-02,-0.1310054E-02, 0.8963539E-03,-0.4137000E-03,-0.1896663E-02,-0.2378211E-01,-0.2567877E-01, 0.7074255E+03, 0.7020631E+02,-0.8952035E+02, 0.6926440E+03, 0.2549952E-01, 0.3164174E-01
 0.8951781E+02, 0.3276717E-02, 0.1987863E-01, 0.2315534E-01,-0.1361289E-02, 0.3922713E-02, 0.2561425E-02,-0.1328711E-02, 0.8830114E-03,-0.4457000E-03,-0.1915429E-02,-0.2380134E-01,-0.2571677E-01, 0.7095933E+03, 0.7573250E+02,-0.9079528E+02, 0.6930008E+03, 0.2552699E-01, 0.3167569E-01
 0.8961781E+02, 0.3273681E-02, 0.1991166E-01, 0.2318534E-01,-0.1339768E-02, 0.3909193E-02, 0.2569425E-02,-0.1347117E-02, 0.8694168E-03,-0.4777000E-03,-0.1933913E-02,-0.2382086E-01,-0.2575477E-01, 0.7117044E+03, 0.8119973E+02,-0.9205298E+02, 0.6933597E+03, 0.2555474E-01, 0.3170982E-01
 0.8971781E+02, 0.3270517E-02, 0.1994483E-01, 0.2321534E-01,-0.1318399E-02, 0.3895824E-02, 0.2577425E-02,-0.1365273E-02, 0.8555726E-03,-0.5097000E-03,-0.1952118E-02,-0.2384065E-01,-0.2579277E-01, 0.7137600E+03, 0.8660816E+02,-0.9329362E+02, 0.6937204E+03, 0.2558276E-01, 0.3174414E-01
 0.8981781E+02, 0.3267231E-02, 0.1997811E-01, 0.2324534E-01,-0.1297184E-02, 0.3882609E-02, 0.2585425E-02,-0.1383181E-02, 0.8414811E-03,-0.5417000E-03,-0.1970047E-02,-0.2386072E-01,-0.2583077E-01, 0.7157614E+03, 0.9195798E+02,-0.9451737E+02, 0.6940830E+03, 0.2561104E-01, 0.3177863E-01
 0.8991781E+02, 0.3263829E-02, 0.2001151E-01, 0.2327534E-01,-0.1276124E-02, 0.3869549E-02, 0.2593425E-02,-0.1400845E-02, 0.8271449E-03,-0.5736999E-03,-0.1987705E-02,-0.2388106E-01,-0.2586877E-01, 0.7177097E+03, 0.9724941E+02,-0.9572440E+02, 0.6944475E+03, 0.2563957E-01, 0.3181330E-01
 0.9000000E+02, 0.3260946E-02, 0.2003905E-01, 0.2330000E-01,-0.1258917E-02, 0.3858917E-02, 0.2600000E-02,-0.1415193E-02, 0.8151933E-03,-0.6000000E-03,-0.2002029E-02,-0.2389797E-01,-0.2590000E-01, 0.7192733E+03, 0.1015586E+03,-0.9670488E+02, 0.6947484E+03, 0.2566321E-01, 0.3184192E-01
 0.9001000E+02, 0.3260562E-02, 0.2004244E-01, 0.2330300E-01,-0.1256613E-02, 0.3857613E-02, 0.2601000E-02,-0.1416923E-02, 0.8137225E-03,-0.6032001E-03,-0.2003949E-02,-0.2390005E-01,-0.2590400E-01, 0.7194830E+03, 0.1021359E+03,-0.9682304E+02, 0.6947853E+03, 0.2566611E-01, 0.3184543E-01
 0.9002000E+02, 0.3260175E-02, 0.2004582E-01, 0.2330600E-01,-0.1254310E-02, 0.3856310E-02, 0.2602000E-02,-0.1418649E-02, 0.8122491E-03,-0.6064000E-03,-0.2005865E-02,-0.2390213E-01,-0.2590800E-01, 0.7196923E+03, 0.1027125E+03,-0.9694102E+02, 0.6948223E+03, 0.2566902E-01, 0.3184895E-01
 0.9003500E+02, 0.3259594E-02, 0.2005091E-01, 0.2331050E-01,-0.1250860E-02, 0.3854360E-02, 0.2603500E-02,-0.1421234E-02, 0.8100335E-03,-0.6112000E-03,-0.2008734E-02,-0.2390527E-01,-0.2591400E-01, 0.7200048E+03, 0.1035761E+03,-0.9711762E+02, 0.6948778E+03, 0.2567339E-01, 0.3185422E-01
 0.9005750E+02, 0.3258717E-02, 0.2005853E-01, 0.2331725E-01,-0.1245695E-02, 0.3851445E-02, 0.2605750E-02,-0.1425098E-02, 0.8066981E-03,-0.6184000E-03,-0.2013023E-02,-0.2390998E-01,-0.2592300E-01, 0.7204711E+03, 0.1048681E+03,-0.9738170E+02, 0.6949612E+03, 0.2567996E-01, 0.3186214E-01
 0.9009125E+02, 0.3257390E-02, 0.2006998E-01, 0.2332737E-01,-0.1237967E-02, 0.3847092E-02, 0.2609125E-02,-0.1430868E-02, 0.8016675E-03,-0.6292001E-03,-0.2019423E-02,-0.2391708E-01,-0.2593650E-01, 0.7211644E+03, 0.1067989E+03,-0.9777595E+02, 0.6950863E+03, 0.2568985E-01, 0.3187406E-01
 0.9014187E+02, 0.3255376E-02, 0.2008719E-01, 0.2334256E-01,-0.1226424E-02, 0.3840612E-02, 0.2614188E-02,-0.1439461E-02, 0.7940615E-03,-0.6454000E-03,-0.2028952E-02,-0.2392780E-01,-0.2595675E-01, 0.7221915E+03, 0.1096787E+03,-0.9836320E+02, 0.6952747E+03, 0.2570474E-01, 0.3189198E-01
 0.9021781E+02, 0.3252302E-02, 0.2011304E-01, 0.2336534E-01,-0.1209218E-02, 0.3830999E-02, 0.2621781E-02,-0.1452217E-02, 0.7825166E-03,-0.6697000E-03,-0.2043085E-02,-0.2394404E-01,-0.2598713E-01, 0.7237029E+03, 0.1139618E+03,-0.9923480E+02, 0.6955583E+03, 0.2572721E-01, 0.3191896E-01
 0.9031781E+02, 0.3248158E-02, 0.2014719E-01, 0.2339534E-01,-0.1186743E-02, 0.3818524E-02, 0.2631781E-02,-0.1468777E-02, 0.7670769E-03,-0.7017000E-03,-0.2061415E-02,-0.2396571E-01,-0.2602712E-01, 0.7256416E+03, 0.1195386E+03,-0.1003664E+03, 0.6959334E+03, 0.2575707E-01, 0.3195464E-01
 0.9041781E+02, 0.3243901E-02, 0.2018144E-01, 0.2342534E-01,-0.1164446E-02, 0.3806227E-02, 0.2641781E-02,-0.1485094E-02, 0.7513936E-03,-0.7337000E-03,-0.2079455E-02,-0.2398767E-01,-0.2606712E-01, 0.7275253E+03, 0.1250513E+03,-0.1014814E+03, 0.6963105E+03, 0.2578719E-01, 0.3199051E-01
 0.9051781E+02, 0.3239537E-02, 0.2021581E-01, 0.2345534E-01,-0.1142328E-02, 0.3794109E-02, 0.2651781E-02,-0.1501170E-02, 0.7354698E-03,-0.7657001E-03,-0.2097209E-02,-0.2400992E-01,-0.2610713E-01, 0.7293552E+03, 0.1305004E+03,-0.1025799E+03, 0.6966895E+03, 0.2581757E-01, 0.3202656E-01
 0.9061781E+02, 0.3235072E-02, 0.2025027E-01, 0.2348534E-01,-0.1120392E-02, 0.3782173E-02, 0.2661781E-02,-0.1517008E-02, 0.7193084E-03,-0.7977000E-03,-0.2114680E-02,-0.2403245E-01,-0.2614713E-01, 0.7311328E+03, 0.1358860E+03,-0.1036622E+03, 0.6970703E+03, 0.2584822E-01, 0.3206279E-01
 0.9071781E+02, 0.3230512E-02, 0.2028483E-01, 0.2351534E-01,-0.1098639E-02, 0.3770420E-02, 0.2671781E-02,-0.1532612E-02, 0.7029123E-03,-0.8297000E-03,-0.2131873E-02,-0.2405525E-01,-0.2618712E-01, 0.7328593E+03, 0.1412087E+03,-0.1047285E+03, 0.6974530E+03, 0.2587911E-01, 0.3209918E-01
 0.9081781E+02, 0.3225861E-02, 0.2031948E-01, 0.2354534E-01,-0.1077069E-02, 0.3758851E-02, 0.2681781E-02,-0.1547984E-02, 0.6862844E-03,-0.8617000E-03,-0.2148791E-02,-0.2407833E-01,-0.2622713E-01, 0.7345358E+03, 0.1464687E+03,-0.1057789E+03, 0.6978374E+03, 0.2591025E-01, 0.3213575E-01
 0.9091781E+02, 0.3221125E-02, 0.2035422E-01, 0.2357534E-01,-0.1055685E-02, 0.3747466E-02, 0.2691781E-02,-0.1563128E-02, 0.6694280E-03,-0.8937000E-03,-0.2165440E-02,-0.2410169E-01,-0.2626713E-01, 0.7361638E+03, 0.1516665E+03,-0.1068137E+03, 0.6982235E+03, 0.2594164E-01, 0.3217248E-01
 0.9100000E+02, 0.3217167E-02, 0.2038283E-01, 0.2360000E-01,-0.1038232E-02, 0.3738232E-02, 0.2700000E-02,-0.1575416E-02, 0.6554159E-03,-0.9200000E-03,-0.2178935E-02,-0.2412106E-01,-0.2630000E-01, 0.7374673E+03, 0.1558961E+03,-0.1076534E+03, 0.6985421E+03, 0.2596761E-01, 0.3220279E-01
 0.9101000E+02, 0.3216646E-02, 0.2038605E-01, 0.2360270E-01,-0.1035695E-02, 0.3737195E-02, 0.2701500E-02,-0.1576437E-02, 0.6538375E-03,-0.9226000E-03,-0.2180951E-02,-0.2412325E-01,-0.2630420E-01, 0.7376716E+03, 0.1565184E+03,-0.1077232E+03, 0.6985780E+03, 0.2597053E-01, 0.3220620E-01
 0.9102000E+02, 0.3216124E-02, 0.2038928E-01, 0.2360540E-01,-0.1033160E-02, 0.3736160E-02, 0.2703000E-02,-0.1577457E-02, 0.6522571E-03,-0.9252000E-03,-0.2182964E-02,-0.2412544E-01,-0.2630840E-01, 0.7378754E+03, 0.1571399E+03,-0.1077929E+03, 0.6986138E+03, 0.2597346E-01, 0.3220960E-01
 0.9103500E+02, 0.3215339E-02, 0.2039411E-01, 0.2360945E-01,-0.1029362E-02, 0.3734612E-02, 0.2705250E-02,-0.1578983E-02, 0.6498825E-03,-0.9291000E-03,-0.2185977E-02,-0.2412872E-01,-0.2631470E-01, 0.7381798E+03, 0.1580707E+03,-0.1078971E+03, 0.6986677E+03, 0.2597786E-01, 0.3221472E-01
 0.9105750E+02, 0.3214156E-02, 0.2040137E-01, 0.2361553E-01,-0.1023675E-02, 0.3732300E-02, 0.2708625E-02,-0.1581262E-02, 0.6463119E-03,-0.9349500E-03,-0.2190480E-02,-0.2413367E-01,-0.2632415E-01, 0.7386336E+03, 0.1594634E+03,-0.1080529E+03, 0.6987485E+03, 0.2598447E-01, 0.3222240E-01
 0.9109125E+02, 0.3212371E-02, 0.2041227E-01, 0.2362464E-01,-0.1015169E-02, 0.3728857E-02, 0.2713688E-02,-0.1584661E-02, 0.6409361E-03,-0.9437250E-03,-0.2197202E-02,-0.2414112E-01,-0.2633833E-01, 0.7393082E+03, 0.1615445E+03,-0.1082852E+03, 0.6988699E+03, 0.2599441E-01, 0.3223393E-01
 0.9114187E+02, 0.3209669E-02, 0.2042864E-01, 0.2363831E-01,-0.1002462E-02, 0.3723744E-02, 0.2721281E-02,-0.1589716E-02, 0.6328281E-03,-0.9568875E-03,-0.2207207E-02,-0.2415238E-01,-0.2635959E-01, 0.7403064E+03, 0.1646484E+03,-0.1086306E+03, 0.6990523E+03, 0.2600940E-01, 0.3225132E-01
 0.9121781E+02, 0.3205569E-02, 0.2045324E-01, 0.2365881E-01,-0.9835231E-03, 0.3716195E-02, 0.2732672E-02,-0.1597201E-02, 0.6205694E-03,-0.9766312E-03,-0.2222046E-02,-0.2416944E-01,-0.2639148E-01, 0.7417741E+03, 0.1692648E+03,-0.1091420E+03, 0.6993276E+03, 0.2603202E-01, 0.3227750E-01
 0.9131781E+02, 0.3200078E-02, 0.2048573E-01, 0.2368581E-01,-0.9587883E-03, 0.3706460E-02, 0.2747672E-02,-0.1606886E-02, 0.6042544E-03,-0.1002631E-02,-0.2241290E-02,-0.2419219E-01,-0.2643348E-01, 0.7436536E+03, 0.1752752E+03,-0.1098039E+03, 0.6996919E+03, 0.2606208E-01, 0.3231216E-01
 0.9141781E+02, 0.3194479E-02, 0.2051833E-01, 0.2371281E-01,-0.9342544E-03, 0.3696926E-02, 0.2762672E-02,-0.1616391E-02, 0.5877593E-03,-0.1028631E-02,-0.2260225E-02,-0.2421526E-01,-0.2647548E-01, 0.7454761E+03, 0.1812159E+03,-0.1104534E+03, 0.7000583E+03, 0.2609241E-01, 0.3234700E-01
 0.9151781E+02, 0.3188777E-02, 0.2055103E-01, 0.2373981E-01,-0.9099228E-03, 0.3687595E-02, 0.2777672E-02,-0.1625718E-02, 0.5710871E-03,-0.1054631E-02,-0.2278854E-02,-0.2423863E-01,-0.2651748E-01, 0.7472429E+03, 0.1870873E+03,-0.1110908E+03, 0.7004266E+03, 0.2612301E-01, 0.3238204E-01
 0.9161781E+02, 0.3182978E-02, 0.2058383E-01, 0.2376681E-01,-0.8857952E-03, 0.3678467E-02, 0.2792672E-02,-0.1634872E-02, 0.5542406E-03,-0.1080631E-02,-0.2297183E-02,-0.2426230E-01,-0.2655948E-01, 0.7489554E+03, 0.1928897E+03,-0.1117162E+03, 0.7007970E+03, 0.2615388E-01, 0.3241727E-01
 0.9171781E+02, 0.3177088E-02, 0.2061672E-01, 0.2379381E-01,-0.8618729E-03, 0.3669545E-02, 0.2807672E-02,-0.1643854E-02, 0.5372229E-03,-0.1106631E-02,-0.2315215E-02,-0.2428627E-01,-0.2660148E-01, 0.7506148E+03, 0.1986235E+03,-0.1123300E+03, 0.7011692E+03, 0.2618501E-01, 0.3245268E-01
 0.9181781E+02, 0.3171112E-02, 0.2064970E-01, 0.2382081E-01,-0.8381570E-03, 0.3660829E-02, 0.2822672E-02,-0.1652668E-02, 0.5200370E-03,-0.1132631E-02,-0.2332955E-02,-0.2431053E-01,-0.2664348E-01, 0.7522225E+03, 0.2042891E+03,-0.1129323E+03, 0.7015433E+03, 0.2621639E-01, 0.3248827E-01
 0.9191781E+02, 0.3165056E-02, 0.2068275E-01, 0.2384781E-01,-0.8146485E-03, 0.3652320E-02, 0.2837672E-02,-0.1661317E-02, 0.5026858E-03,-0.1158631E-02,-0.2350407E-02,-0.2433508E-01,-0.2668548E-01, 0.7537798E+03, 0.2098870E+03,-0.1135233E+03, 0.7019193E+03, 0.2624802E-01, 0.3252403E-01
 0.9200000E+02, 0.3160015E-02, 0.2070999E-01, 0.2387000E-01,-0.7954655E-03, 0.3645465E-02, 0.2850000E-02,-0.1668309E-02, 0.4883092E-03,-0.1180000E-02,-0.2364549E-02,-0.2435545E-01,-0.2672000E-01, 0.7550237E+03, 0.2144414E+03,-0.1140011E+03, 0.7022296E+03, 0.2627420E-01, 0.3255355E-01
 0.9201000E+02, 0.3159430E-02, 0.2071187E-01, 0.2387130E-01,-0.7934921E-03, 0.3644992E-02, 0.2851500E-02,-0.1669113E-02, 0.4873134E-03,-0.1181800E-02,-0.2365938E-02,-0.2435686E-01,-0.2672280E-01, 0.7551335E+03, 0.2149009E+03,-0.1140561E+03, 0.7022511E+03, 0.2627601E-01, 0.3255559E-01
 0.9202000E+02, 0.3158844E-02, 0.2071376E-01, 0.2387260E-01,-0.7915196E-03, 0.3644520E-02, 0.2853000E-02,-0.1669917E-02, 0.4863165E-03,-0.1183600E-02,-0.2367324E-02,-0.2435828E-01,-0.2672560E-01, 0.7552430E+03, 0.2153600E+03,-0.1141110E+03, 0.7022726E+03, 0.2627782E-01, 0.3255763E-01
 0.9203500E+02, 0.3157964E-02, 0.2071659E-01, 0.2387455E-01,-0.7885630E-03, 0.3643813E-02, 0.2855250E-02,-0.1671119E-02, 0.4848191E-03,-0.1186300E-02,-0.2369401E-02,-0.2436040E-01,-0.2672980E-01, 0.7554066E+03, 0.2160479E+03,-0.1141931E+03, 0.7023048E+03, 0.2628055E-01, 0.3256070E-01
 0.9205750E+02, 0.3156642E-02, 0.2072083E-01, 0.2387747E-01,-0.7841329E-03, 0.3642758E-02, 0.2858625E-02,-0.1672918E-02, 0.4825682E-03,-0.1190350E-02,-0.2372509E-02,-0.2436359E-01,-0.2673610E-01, 0.7556506E+03, 0.2170781E+03,-0.1143161E+03, 0.7023532E+03, 0.2628464E-01, 0.3256530E-01
 0.9209125E+02, 0.3154653E-02, 0.2072721E-01, 0.2388186E-01,-0.7774988E-03, 0.3641186E-02, 0.2863687E-02,-0.1675606E-02, 0.4791812E-03,-0.1196425E-02,-0.2377154E-02,-0.2436840E-01,-0.2674555E-01, 0.7560136E+03, 0.2186195E+03,-0.1144998E+03, 0.7024260E+03, 0.2629080E-01, 0.3257222E-01
 0.9214187E+02, 0.3151656E-02, 0.2073679E-01, 0.2388844E-01,-0.7675724E-03, 0.3638854E-02, 0.2871281E-02,-0.1679614E-02, 0.4740768E-03,-0.1205538E-02,-0.2384084E-02,-0.2437564E-01,-0.2675973E-01, 0.7565511E+03, 0.2209232E+03,-0.1147736E+03, 0.7025353E+03, 0.2630006E-01, 0.3258260E-01
 0.9221781E+02, 0.3147133E-02, 0.2075118E-01, 0.2389831E-01,-0.7527387E-03, 0.3635411E-02, 0.2882672E-02,-0.1685573E-02, 0.4663669E-03,-0.1219206E-02,-0.2394394E-02,-0.2438659E-01,-0.2678099E-01, 0.7573420E+03, 0.2243596E+03,-0.1151808E+03, 0.7026998E+03, 0.2631403E-01, 0.3259828E-01
 0.9231781E+02, 0.3141126E-02, 0.2077019E-01, 0.2391131E-01,-0.7333016E-03, 0.3630974E-02, 0.2897672E-02,-0.1693327E-02, 0.4561208E-03,-0.1237206E-02,-0.2407825E-02,-0.2440116E-01,-0.2680899E-01, 0.7583566E+03, 0.2288515E+03,-0.1157107E+03, 0.7029179E+03, 0.2633256E-01, 0.3261903E-01
 0.9241781E+02, 0.3135058E-02, 0.2078926E-01, 0.2392432E-01,-0.7139590E-03, 0.3626631E-02, 0.2912672E-02,-0.1700981E-02, 0.4457748E-03,-0.1255206E-02,-0.2421099E-02,-0.2441589E-01,-0.2683699E-01, 0.7593414E+03, 0.2333091E+03,-0.1162337E+03, 0.7031373E+03, 0.2635123E-01, 0.3263989E-01
 0.9251781E+02, 0.3128929E-02, 0.2080839E-01, 0.2393731E-01,-0.6947119E-03, 0.3622384E-02, 0.2927672E-02,-0.1708536E-02, 0.4353297E-03,-0.1273206E-02,-0.2434217E-02,-0.2443077E-01,-0.2686499E-01, 0.7602966E+03, 0.2377324E+03,-0.1167500E+03, 0.7033578E+03, 0.2637003E-01, 0.3266086E-01
 0.9261781E+02, 0.3122743E-02, 0.2082757E-01, 0.2395032E-01,-0.6755612E-03, 0.3618233E-02, 0.2942672E-02,-0.1715993E-02, 0.4247863E-03,-0.1291206E-02,-0.2447181E-02,-0.2444581E-01,-0.2689299E-01, 0.7612229E+03, 0.2421214E+03,-0.1172595E+03, 0.7035795E+03, 0.2638898E-01, 0.3268195E-01
 0.9271781E+02, 0.3116500E-02, 0.2084682E-01, 0.2396332E-01,-0.6565077E-03, 0.3614180E-02, 0.2957672E-02,-0.1723352E-02, 0.4141458E-03,-0.1309206E-02,-0.2459992E-02,-0.2446100E-01,-0.2692099E-01, 0.7621206E+03, 0.2464762E+03,-0.1177624E+03, 0.7038023E+03, 0.2640806E-01, 0.3270315E-01
 0.9281781E+02, 0.3110204E-02, 0.2086611E-01, 0.2397632E-01,-0.6375522E-03, 0.3610224E-02, 0.2972672E-02,-0.1730615E-02, 0.4034089E-03,-0.1327206E-02,-0.2472652E-02,-0.2447634E-01,-0.2694899E-01, 0.7629903E+03, 0.2507970E+03,-0.1182587E+03, 0.7040263E+03, 0.2642727E-01, 0.3272445E-01
 0.9291781E+02, 0.3103857E-02, 0.2088546E-01, 0.2398931E-01,-0.6186957E-03, 0.3606368E-02, 0.2987672E-02,-0.1737783E-02, 0.3925767E-03,-0.1345206E-02,-0.2485161E-02,-0.2449183E-01,-0.2697699E-01, 0.7638324E+03, 0.2550836E+03,-0.1187485E+03, 0.7042514E+03, 0.2644661E-01, 0.3274587E-01
 0.9300000E+02, 0.3098599E-02, 0.2090140E-01, 0.2400000E-01,-0.6032639E-03, 0.3603264E-02, 0.3000000E-02,-0.1743606E-02, 0.3836061E-03,-0.1360000E-02,-0.2495335E-02,-0.2450467E-01,-0.2700000E-01, 0.7645044E+03, 0.2585831E+03,-0.1191464E+03, 0.7044373E+03, 0.2646261E-01, 0.3276355E-01
 0.9301000E+02, 0.3097760E-02, 0.2090404E-01, 0.2400180E-01,-0.6007521E-03, 0.3602752E-02, 0.3002000E-02,-0.1744420E-02, 0.3821201E-03,-0.1362300E-02,-0.2497008E-02,-0.2450679E-01,-0.2700380E-01, 0.7646183E+03, 0.2591550E+03,-0.1192020E+03, 0.7044681E+03, 0.2646525E-01, 0.3276647E-01
 0.9302000E+02, 0.3096920E-02, 0.2090668E-01, 0.2400360E-01,-0.5982422E-03, 0.3602242E-02, 0.3004000E-02,-0.1745232E-02, 0.3806324E-03,-0.1364600E-02,-0.2498678E-02,-0.2450892E-01,-0.2700760E-01, 0.7647318E+03, 0.2597263E+03,-0.1192575E+03, 0.7044988E+03, 0.2646791E-01, 0.3276940E-01
 0.9303500E+02, 0.3095659E-02, 0.2091064E-01, 0.2400630E-01,-0.5944815E-03, 0.3601481E-02, 0.3007000E-02,-0.1746448E-02, 0.3783976E-03,-0.1368050E-02,-0.2501178E-02,-0.2451212E-01,-0.2701330E-01, 0.7649011E+03, 0.2605818E+03,-0.1193406E+03, 0.7045451E+03, 0.2647189E-01, 0.3277379E-01
 0.9305750E+02, 0.3093765E-02, 0.2091658E-01, 0.2401035E-01,-0.5888500E-03, 0.3600350E-02, 0.3011500E-02,-0.1748263E-02, 0.3750384E-03,-0.1373225E-02,-0.2504915E-02,-0.2451693E-01,-0.2702185E-01, 0.7651528E+03, 0.2618622E+03,-0.1194647E+03, 0.7046144E+03, 0.2647787E-01, 0.3278038E-01
 0.9309125E+02, 0.3090916E-02, 0.2092551E-01, 0.2401643E-01,-0.5804243E-03, 0.3598674E-02, 0.3018250E-02,-0.1750971E-02, 0.3699834E-03,-0.1380987E-02,-0.2510492E-02,-0.2452418E-01,-0.2703467E-01, 0.7655258E+03, 0.2637759E+03,-0.1196497E+03, 0.7047186E+03, 0.2648687E-01, 0.3279028E-01
 0.9314187E+02, 0.3086630E-02, 0.2093891E-01, 0.2402554E-01,-0.5678344E-03, 0.3596209E-02, 0.3028375E-02,-0.1754996E-02, 0.3623650E-03,-0.1392631E-02,-0.2518795E-02,-0.2453512E-01,-0.2705391E-01, 0.7660748E+03, 0.2666313E+03,-0.1199247E+03, 0.7048752E+03, 0.2650042E-01, 0.3280520E-01
 0.9321781E+02, 0.3080173E-02, 0.2095903E-01, 0.2403921E-01,-0.5490593E-03, 0.3592622E-02, 0.3043562E-02,-0.1760956E-02, 0.3508588E-03,-0.1410097E-02,-0.2531113E-02,-0.2455166E-01,-0.2708277E-01, 0.7668757E+03, 0.2708807E+03,-0.1203320E+03, 0.7051115E+03, 0.2652085E-01, 0.3282768E-01
 0.9331781E+02, 0.3071614E-02, 0.2098559E-01, 0.2405721E-01,-0.5245241E-03, 0.3588087E-02, 0.3063563E-02,-0.1768663E-02, 0.3355663E-03,-0.1433097E-02,-0.2547090E-02,-0.2457368E-01,-0.2712077E-01, 0.7678896E+03, 0.2764174E+03,-0.1208587E+03, 0.7054243E+03, 0.2654796E-01, 0.3285743E-01
 0.9341781E+02, 0.3062986E-02, 0.2101222E-01, 0.2407521E-01,-0.5001758E-03, 0.3583738E-02, 0.3083563E-02,-0.1776222E-02, 0.3201248E-03,-0.1456097E-02,-0.2562810E-02,-0.2459596E-01,-0.2715877E-01, 0.7688589E+03, 0.2818934E+03,-0.1213752E+03, 0.7057389E+03, 0.2657529E-01, 0.3288736E-01
 0.9351781E+02, 0.3054293E-02, 0.2103891E-01, 0.2409321E-01,-0.4760156E-03, 0.3579578E-02, 0.3103562E-02,-0.1783633E-02, 0.3045366E-03,-0.1479097E-02,-0.2578277E-02,-0.2461849E-01,-0.2719677E-01, 0.7697847E+03, 0.2873091E+03,-0.1218816E+03, 0.7060554E+03, 0.2660283E-01, 0.3291746E-01
 0.9361781E+02, 0.3045539E-02, 0.2106567E-01, 0.2411121E-01,-0.4520446E-03, 0.3575607E-02, 0.3123562E-02,-0.1790901E-02, 0.2888041E-03,-0.1502097E-02,-0.2593494E-02,-0.2464127E-01,-0.2723477E-01, 0.7706679E+03, 0.2926648E+03,-0.1223782E+03, 0.7063736E+03, 0.2663058E-01, 0.3294773E-01
 0.9371781E+02, 0.3036728E-02, 0.2109248E-01, 0.2412921E-01,-0.4282635E-03, 0.3571826E-02, 0.3143562E-02,-0.1798027E-02, 0.2729297E-03,-0.1525097E-02,-0.2608465E-02,-0.2466430E-01,-0.2727277E-01, 0.7715097E+03, 0.2979608E+03,-0.1228652E+03, 0.7066935E+03, 0.2665853E-01, 0.3297817E-01
 0.9381781E+02, 0.3027865E-02, 0.2111934E-01, 0.2414721E-01,-0.4046733E-03, 0.3568236E-02, 0.3163563E-02,-0.1805012E-02, 0.2569156E-03,-0.1548097E-02,-0.2623192E-02,-0.2468758E-01,-0.2731077E-01, 0.7723111E+03, 0.3031975E+03,-0.1233425E+03, 0.7070152E+03, 0.2668668E-01, 0.3300877E-01
 0.9391781E+02, 0.3018954E-02, 0.2114625E-01, 0.2416521E-01,-0.3812745E-03, 0.3564837E-02, 0.3183562E-02,-0.1811861E-02, 0.2407643E-03,-0.1571097E-02,-0.2637679E-02,-0.2471109E-01,-0.2734877E-01, 0.7730731E+03, 0.3083753E+03,-0.1238105E+03, 0.7073386E+03, 0.2671503E-01, 0.3303952E-01
 0.9400000E+02, 0.3011589E-02, 0.2116841E-01, 0.2418000E-01,-0.3621723E-03, 0.3562172E-02, 0.3200000E-02,-0.1817393E-02, 0.2273926E-03,-0.1590000E-02,-0.2649417E-02,-0.2473058E-01,-0.2738000E-01, 0.7736708E+03, 0.3125901E+03,-0.1241885E+03, 0.7076056E+03, 0.2673846E-01, 0.3306492E-01
 0.9401000E+02, 0.3010753E-02, 0.2117065E-01, 0.2418140E-01,-0.3599049E-03, 0.3561905E-02, 0.3202000E-02,-0.1817642E-02, 0.2260424E-03,-0.1591600E-02,-0.2650848E-02,-0.2473255E-01,-0.2738340E-01, 0.7737520E+03, 0.3130955E+03,-0.1242056E+03, 0.7076325E+03, 0.2674083E-01, 0.3306748E-01
 0.9402000E+02, 0.3009915E-02, 0.2117288E-01, 0.2418280E-01,-0.3576391E-03, 0.3561639E-02, 0.3204000E-02,-0.1817891E-02, 0.2246911E-03,-0.1593200E-02,-0.2652276E-02,-0.2473452E-01,-0.2738680E-01, 0.7738328E+03, 0.3136004E+03,-0.1242226E+03, 0.7076595E+03, 0.2674320E-01, 0.3307005E-01
 0.9403500E+02, 0.3008659E-02, 0.2117624E-01, 0.2418490E-01,-0.3542439E-03, 0.3561244E-02, 0.3207000E-02,-0.1818263E-02, 0.2226626E-03,-0.1595600E-02,-0.2654415E-02,-0.2473748E-01,-0.2739190E-01, 0.7739534E+03, 0.3143567E+03,-0.1242479E+03, 0.7076999E+03, 0.2674676E-01, 0.3307389E-01
 0.9405750E+02, 0.3006772E-02, 0.2118128E-01, 0.2418805E-01,-0.3491590E-03, 0.3560659E-02, 0.3211500E-02,-0.1818816E-02, 0.2196159E-03,-0.1599200E-02,-0.2657613E-02,-0.2474194E-01,-0.2739955E-01, 0.7741326E+03, 0.3154887E+03,-0.1242858E+03, 0.7077607E+03, 0.2675210E-01, 0.3307967E-01
 0.9409125E+02, 0.3003938E-02, 0.2118884E-01, 0.2419277E-01,-0.3415495E-03, 0.3559800E-02, 0.3218250E-02,-0.1819637E-02, 0.2150371E-03,-0.1604600E-02,-0.2662389E-02,-0.2474864E-01,-0.2741103E-01, 0.7743980E+03, 0.3171813E+03,-0.1243419E+03, 0.7078519E+03, 0.2676013E-01, 0.3308833E-01
 0.9414187E+02, 0.2999679E-02, 0.2120018E-01, 0.2419986E-01,-0.3301756E-03, 0.3558550E-02, 0.3228375E-02,-0.1820849E-02, 0.2081494E-03,-0.1612700E-02,-0.2669503E-02,-0.2475873E-01,-0.2742824E-01, 0.7747882E+03, 0.3197081E+03,-0.1244247E+03, 0.7079890E+03, 0.2677222E-01, 0.3310140E-01
 0.9421781E+02, 0.2993274E-02, 0.2121722E-01, 0.2421049E-01,-0.3132054E-03, 0.3556768E-02, 0.3243563E-02,-0.1822626E-02, 0.1977757E-03,-0.1624850E-02,-0.2680068E-02,-0.2477399E-01,-0.2745406E-01, 0.7753567E+03, 0.3234712E+03,-0.1245461E+03, 0.7081958E+03, 0.2679043E-01, 0.3312106E-01
 0.9431781E+02, 0.2984805E-02, 0.2123969E-01, 0.2422449E-01,-0.2910148E-03, 0.3554577E-02, 0.3263562E-02,-0.1824888E-02, 0.1840383E-03,-0.1640850E-02,-0.2693790E-02,-0.2479427E-01,-0.2748806E-01, 0.7760746E+03, 0.3283793E+03,-0.1247007E+03, 0.7084693E+03, 0.2681457E-01, 0.3314707E-01
 0.9441781E+02, 0.2976290E-02, 0.2126220E-01, 0.2423849E-01,-0.2689800E-03, 0.3552543E-02, 0.3283563E-02,-0.1827067E-02, 0.1702173E-03,-0.1656850E-02,-0.2707310E-02,-0.2481475E-01,-0.2752206E-01, 0.7767587E+03, 0.3332384E+03,-0.1248496E+03, 0.7087442E+03, 0.2683888E-01, 0.3317323E-01
 0.9451781E+02, 0.2967733E-02, 0.2128476E-01, 0.2425249E-01,-0.2471019E-03, 0.3550664E-02, 0.3303562E-02,-0.1829164E-02, 0.1563142E-03,-0.1672850E-02,-0.2720631E-02,-0.2483542E-01,-0.2755606E-01, 0.7774098E+03, 0.3380490E+03,-0.1249929E+03, 0.7090206E+03, 0.2686334E-01, 0.3319952E-01
 0.9461781E+02, 0.2959136E-02, 0.2130736E-01, 0.2426649E-01,-0.2253808E-03, 0.3548943E-02, 0.3323562E-02,-0.1831181E-02, 0.1423309E-03,-0.1688850E-02,-0.2733755E-02,-0.2485630E-01,-0.2759006E-01, 0.7780286E+03, 0.3428112E+03,-0.1251307E+03, 0.7092983E+03, 0.2688797E-01, 0.3322594E-01
 0.9471781E+02, 0.2950503E-02, 0.2132999E-01, 0.2428049E-01,-0.2038173E-03, 0.3547380E-02, 0.3343562E-02,-0.1833119E-02, 0.1282689E-03,-0.1704850E-02,-0.2746685E-02,-0.2487737E-01,-0.2762406E-01, 0.7786157E+03, 0.3475253E+03,-0.1252631E+03, 0.7095775E+03, 0.2691275E-01, 0.3325249E-01
 0.9481781E+02, 0.2941835E-02, 0.2135266E-01, 0.2429449E-01,-0.1824118E-03, 0.3545974E-02, 0.3363563E-02,-0.1834980E-02, 0.1141299E-03,-0.1720850E-02,-0.2759424E-02,-0.2489863E-01,-0.2765806E-01, 0.7791720E+03, 0.3521916E+03,-0.1253903E+03, 0.7098579E+03, 0.2693769E-01, 0.3327917E-01
 0.9491781E+02, 0.2933137E-02, 0.2137536E-01, 0.2430849E-01,-0.1611646E-03, 0.3544727E-02, 0.3383563E-02,-0.1836766E-02, 0.9991571E-04,-0.1736850E-02,-0.2771972E-02,-0.2492008E-01,-0.2769206E-01, 0.7796982E+03, 0.3568103E+03,-0.1255123E+03, 0.7101398E+03, 0.2696277E-01, 0.3330598E-01
 0.9500000E+02, 0.2925960E-02, 0.2139404E-01, 0.2432000E-01,-0.1438088E-03, 0.3543809E-02, 0.3400000E-02,-0.1838179E-02, 0.8817871E-04,-0.1750000E-02,-0.2782151E-02,-0.2493785E-01,-0.2772000E-01, 0.7801086E+03, 0.3605735E+03,-0.1256089E+03, 0.7103724E+03, 0.2698350E-01, 0.3332810E-01
 0.9501000E+02, 0.2925121E-02, 0.2139648E-01, 0.2432160E-01,-0.1416907E-03, 0.3543691E-02, 0.3402000E-02,-0.1838146E-02, 0.8664580E-04,-0.1751500E-02,-0.2783430E-02,-0.2494017E-01,-0.2772360E-01, 0.7801686E+03, 0.3610377E+03,-0.1256066E+03, 0.7104028E+03, 0.2698620E-01, 0.3333099E-01
 0.9502000E+02, 0.2924281E-02, 0.2139892E-01, 0.2432320E-01,-0.1395742E-03, 0.3543574E-02, 0.3404000E-02,-0.1838112E-02, 0.8511226E-04,-0.1753000E-02,-0.2784707E-02,-0.2494249E-01,-0.2772720E-01, 0.7802283E+03, 0.3615015E+03,-0.1256043E+03, 0.7104331E+03, 0.2698891E-01, 0.3333388E-01
 0.9503500E+02, 0.2923022E-02, 0.2140258E-01, 0.2432560E-01,-0.1364034E-03, 0.3543403E-02, 0.3407000E-02,-0.1838061E-02, 0.8281098E-04,-0.1755250E-02,-0.2786618E-02,-0.2494598E-01,-0.2773260E-01, 0.7803174E+03, 0.3621960E+03,-0.1256008E+03, 0.7104787E+03, 0.2699298E-01, 0.3333822E-01
 0.9505750E+02, 0.2921131E-02, 0.2140807E-01, 0.2432920E-01,-0.1316560E-03, 0.3543156E-02, 0.3411500E-02,-0.1837982E-02, 0.7935671E-04,-0.1758625E-02,-0.2789475E-02,-0.2495123E-01,-0.2774070E-01, 0.7804496E+03, 0.3632353E+03,-0.1255954E+03, 0.7105471E+03, 0.2699909E-01, 0.3334472E-01
 0.9509125E+02, 0.2918296E-02, 0.2141630E-01, 0.2433460E-01,-0.1245545E-03, 0.3542804E-02, 0.3418250E-02,-0.1837858E-02, 0.7417011E-04,-0.1763688E-02,-0.2793741E-02,-0.2495911E-01,-0.2775285E-01, 0.7806451E+03, 0.3647888E+03,-0.1255869E+03, 0.7106499E+03, 0.2700826E-01, 0.3335447E-01
 0.9514187E+02, 0.2914041E-02, 0.2142866E-01, 0.2434270E-01,-0.1139464E-03, 0.3542322E-02, 0.3428375E-02,-0.1837660E-02, 0.6637867E-04,-0.1771281E-02,-0.2800094E-02,-0.2497098E-01,-0.2777107E-01, 0.7809318E+03, 0.3671069E+03,-0.1255734E+03, 0.7108041E+03, 0.2702206E-01, 0.3336917E-01
 0.9521781E+02, 0.2907658E-02, 0.2144719E-01, 0.2435485E-01,-0.9813339E-04, 0.3541696E-02, 0.3443562E-02,-0.1837339E-02, 0.5466765E-04,-0.1782672E-02,-0.2809524E-02,-0.2498889E-01,-0.2779841E-01, 0.7813481E+03, 0.3705567E+03,-0.1255515E+03, 0.7110365E+03, 0.2704283E-01, 0.3339128E-01
 0.9531781E+02, 0.2899245E-02, 0.2147160E-01, 0.2437085E-01,-0.7748099E-04, 0.3541043E-02, 0.3463563E-02,-0.1836873E-02, 0.3920080E-04,-0.1797672E-02,-0.2821764E-02,-0.2501265E-01,-0.2783441E-01, 0.7818713E+03, 0.3750520E+03,-0.1255196E+03, 0.7113437E+03, 0.2707030E-01, 0.3342050E-01
 0.9541781E+02, 0.2890817E-02, 0.2149603E-01, 0.2438685E-01,-0.5699933E-04, 0.3540562E-02, 0.3483562E-02,-0.1836355E-02, 0.2368306E-04,-0.1812672E-02,-0.2833818E-02,-0.2503659E-01,-0.2787041E-01, 0.7823667E+03, 0.3794985E+03,-0.1254843E+03, 0.7116521E+03, 0.2709793E-01, 0.3344984E-01
 0.9551781E+02, 0.2882375E-02, 0.2152047E-01, 0.2440285E-01,-0.3668822E-04, 0.3540251E-02, 0.3503562E-02,-0.1835788E-02, 0.8116059E-05,-0.1827672E-02,-0.2845687E-02,-0.2506073E-01,-0.2790641E-01, 0.7828351E+03, 0.3838965E+03,-0.1254455E+03, 0.7119617E+03, 0.2712568E-01, 0.3347928E-01
 0.9561781E+02, 0.2873922E-02, 0.2154493E-01, 0.2441885E-01,-0.1654743E-04, 0.3540110E-02, 0.3523562E-02,-0.1835173E-02,-0.7498594E-05,-0.1842672E-02,-0.2857375E-02,-0.2508504E-01,-0.2794241E-01, 0.7832773E+03, 0.3882464E+03,-0.1254035E+03, 0.7122725E+03, 0.2715358E-01, 0.3350885E-01
 0.9571781E+02, 0.2865461E-02, 0.2156939E-01, 0.2443485E-01, 0.3423349E-05, 0.3540139E-02, 0.3543563E-02,-0.1834513E-02,-0.2315932E-04,-0.1857672E-02,-0.2868884E-02,-0.2510953E-01,-0.2797841E-01, 0.7836938E+03, 0.3925487E+03,-0.1253584E+03, 0.7125845E+03, 0.2718161E-01, 0.3353852E-01
 0.9581781E+02, 0.2856993E-02, 0.2159386E-01, 0.2445085E-01, 0.2322445E-04, 0.3540338E-02, 0.3563562E-02,-0.1833807E-02,-0.3886456E-04,-0.1872672E-02,-0.2880217E-02,-0.2513419E-01,-0.2801441E-01, 0.7840853E+03, 0.3968036E+03,-0.1253102E+03, 0.7128976E+03, 0.2720977E-01, 0.3356830E-01
 0.9591781E+02, 0.2848520E-02, 0.2161833E-01, 0.2446685E-01, 0.4285626E-04, 0.3540706E-02, 0.3583563E-02,-0.1833059E-02,-0.5461281E-04,-0.1887672E-02,-0.2891377E-02,-0.2515904E-01,-0.2805041E-01, 0.7844526E+03, 0.4010118E+03,-0.1252590E+03, 0.7132118E+03, 0.2723805E-01, 0.3359819E-01
 0.9600000E+02, 0.2841549E-02, 0.2163845E-01, 0.2448000E-01, 0.5887686E-04, 0.3541123E-02, 0.3600000E-02,-0.1832412E-02,-0.6758804E-04,-0.1900000E-02,-0.2900426E-02,-0.2517957E-01,-0.2808000E-01, 0.7847366E+03, 0.4044381E+03,-0.1252148E+03, 0.7134708E+03, 0.2726139E-01, 0.3362284E-01
 0.9601000E+02, 0.2840708E-02, 0.2164049E-01, 0.2448120E-01, 0.6083314E-04, 0.3541167E-02, 0.3602000E-02,-0.1832095E-02,-0.6890474E-04,-0.1901000E-02,-0.2901541E-02,-0.2518166E-01,-0.2808320E-01, 0.7847740E+03, 0.4048578E+03,-0.1251932E+03, 0.7134971E+03, 0.2726376E-01, 0.3362534E-01
 0.9602000E+02, 0.2839866E-02, 0.2164253E-01, 0.2448240E-01, 0.6278799E-04, 0.3541212E-02, 0.3604000E-02,-0.1831778E-02,-0.7022177E-04,-0.1902000E-02,-0.2902654E-02,-0.2518375E-01,-0.2808640E-01, 0.7848110E+03, 0.4052771E+03,-0.1251715E+03, 0.7135234E+03, 0.2726613E-01, 0.3362784E-01
 0.9603500E+02, 0.2838603E-02, 0.2164560E-01, 0.2448420E-01, 0.6571708E-04, 0.3541283E-02, 0.3607000E-02,-0.1831302E-02,-0.7219770E-04,-0.1903500E-02,-0.2904320E-02,-0.2518688E-01,-0.2809120E-01, 0.7848662E+03, 0.4059051E+03,-0.1251390E+03, 0.7135629E+03, 0.2726969E-01, 0.3363159E-01
 0.9605750E+02, 0.2836709E-02, 0.2165019E-01, 0.2448690E-01, 0.7010355E-04, 0.3541396E-02, 0.3611500E-02,-0.1830587E-02,-0.7516257E-04,-0.1905750E-02,-0.2906812E-02,-0.2519159E-01,-0.2809840E-01, 0.7849479E+03, 0.4068452E+03,-0.1250901E+03, 0.7136221E+03, 0.2727503E-01, 0.3363722E-01
 0.9609125E+02, 0.2833867E-02, 0.2165708E-01, 0.2449095E-01, 0.7666709E-04, 0.3541583E-02, 0.3618250E-02,-0.1829513E-02,-0.7961201E-04,-0.1909125E-02,-0.2910534E-02,-0.2519867E-01,-0.2810920E-01, 0.7850681E+03, 0.4082508E+03,-0.1250167E+03, 0.7137110E+03, 0.2728306E-01, 0.3364566E-01
 0.9614187E+02, 0.2829603E-02, 0.2166742E-01, 0.2449703E-01, 0.8647612E-04, 0.3541899E-02, 0.3628375E-02,-0.1827897E-02,-0.8629089E-04,-0.1914187E-02,-0.2916079E-02,-0.2520932E-01,-0.2812540E-01, 0.7852432E+03, 0.4103492E+03,-0.1249063E+03, 0.7138446E+03, 0.2729513E-01, 0.3365839E-01
 0.9621781E+02, 0.2823207E-02, 0.2168293E-01, 0.2450614E-01, 0.1011082E-03, 0.3542454E-02, 0.3643562E-02,-0.1825463E-02,-0.9631825E-04,-0.1921781E-02,-0.2924315E-02,-0.2522538E-01,-0.2814970E-01, 0.7854948E+03, 0.4134745E+03,-0.1247400E+03, 0.7140457E+03, 0.2731328E-01, 0.3367752E-01
 0.9631781E+02, 0.2814781E-02, 0.2170336E-01, 0.2451814E-01, 0.1202357E-03, 0.3543327E-02, 0.3663563E-02,-0.1822240E-02,-0.1095417E-03,-0.1931781E-02,-0.2935017E-02,-0.2524668E-01,-0.2818170E-01, 0.7858057E+03, 0.4175512E+03,-0.1245197E+03, 0.7143115E+03, 0.2733730E-01, 0.3370281E-01
 0.9641781E+02, 0.2806343E-02, 0.2172379E-01, 0.2453014E-01, 0.1392218E-03, 0.3544341E-02, 0.3683562E-02,-0.1818992E-02,-0.1227891E-03,-0.1941781E-02,-0.2945565E-02,-0.2526814E-01,-0.2821370E-01, 0.7860941E+03, 0.4215875E+03,-0.1242978E+03, 0.7145784E+03, 0.2736143E-01, 0.3372819E-01
 0.9651781E+02, 0.2797895E-02, 0.2174424E-01, 0.2454214E-01, 0.1580666E-03, 0.3545496E-02, 0.3703562E-02,-0.1815722E-02,-0.1360591E-03,-0.1951781E-02,-0.2955962E-02,-0.2528974E-01,-0.2824570E-01, 0.7863604E+03, 0.4255838E+03,-0.1240743E+03, 0.7148463E+03, 0.2738567E-01, 0.3375368E-01
 0.9661781E+02, 0.2789438E-02, 0.2176470E-01, 0.2455414E-01, 0.1767702E-03, 0.3546792E-02, 0.3723563E-02,-0.1812431E-02,-0.1493507E-03,-0.1961781E-02,-0.2966209E-02,-0.2531149E-01,-0.2827770E-01, 0.7866051E+03, 0.4295404E+03,-0.1238494E+03, 0.7151153E+03, 0.2741003E-01, 0.3377926E-01
 0.9671781E+02, 0.2780975E-02, 0.2178516E-01, 0.2456614E-01, 0.1953329E-03, 0.3548230E-02, 0.3743562E-02,-0.1809119E-02,-0.1626627E-03,-0.1971781E-02,-0.2976308E-02,-0.2533339E-01,-0.2830970E-01, 0.7868287E+03, 0.4334576E+03,-0.1236231E+03, 0.7153853E+03, 0.2743449E-01, 0.3380494E-01
 0.9681781E+02, 0.2772507E-02, 0.2180563E-01, 0.2457814E-01, 0.2137548E-03, 0.3549808E-02, 0.3763563E-02,-0.1805787E-02,-0.1759939E-03,-0.1981781E-02,-0.2986262E-02,-0.2535544E-01,-0.2834170E-01, 0.7870318E+03, 0.4373356E+03,-0.1233955E+03, 0.7156562E+03, 0.2745906E-01, 0.3383071E-01
 0.9691781E+02, 0.2764036E-02, 0.2182610E-01, 0.2459014E-01, 0.2320363E-03, 0.3551526E-02, 0.3783563E-02,-0.1802438E-02,-0.1893433E-03,-0.1991781E-02,-0.2996072E-02,-0.2537763E-01,-0.2837370E-01, 0.7872148E+03, 0.4411748E+03,-0.1231666E+03, 0.7159281E+03, 0.2748374E-01, 0.3385657E-01
 0.9700000E+02, 0.2757067E-02, 0.2184293E-01, 0.2460000E-01, 0.2469662E-03, 0.3553034E-02, 0.3800000E-02,-0.1799670E-02,-0.2003298E-03,-0.2000000E-02,-0.3004034E-02,-0.2539597E-01,-0.2840000E-01, 0.7873505E+03, 0.4443033E+03,-0.1229775E+03, 0.7161523E+03, 0.2750410E-01, 0.3387790E-01
 0.9701000E+02, 0.2756195E-02, 0.2184480E-01, 0.2460100E-01, 0.2487971E-03, 0.3553203E-02, 0.3802000E-02,-0.1799348E-02,-0.2015523E-03,-0.2000900E-02,-0.3004992E-02,-0.2539801E-01,-0.2840300E-01, 0.7873622E+03, 0.4446845E+03,-0.1229554E+03, 0.7161773E+03, 0.2750636E-01, 0.3388027E-01
 0.9702000E+02, 0.2755322E-02, 0.2184668E-01, 0.2460200E-01, 0.2506268E-03, 0.3553373E-02, 0.3804000E-02,-0.1799025E-02,-0.2027750E-03,-0.2001800E-02,-0.3005949E-02,-0.2540005E-01,-0.2840600E-01, 0.7873737E+03, 0.4450653E+03,-0.1229334E+03, 0.7162022E+03, 0.2750863E-01, 0.3388265E-01
 0.9703500E+02, 0.2754013E-02, 0.2184949E-01, 0.2460350E-01, 0.2533684E-03, 0.3553632E-02, 0.3807000E-02,-0.1798541E-02,-0.2046094E-03,-0.2003150E-02,-0.3007381E-02,-0.2540312E-01,-0.2841050E-01, 0.7873906E+03, 0.4456358E+03,-0.1229003E+03, 0.7162397E+03, 0.2751203E-01, 0.3388621E-01
 0.9705750E+02, 0.2752050E-02, 0.2185370E-01, 0.2460575E-01, 0.2574742E-03, 0.3554026E-02, 0.3811500E-02,-0.1797813E-02,-0.2073616E-03,-0.2005175E-02,-0.3009524E-02,-0.2540773E-01,-0.2841725E-01, 0.7874152E+03, 0.4464898E+03,-0.1228506E+03, 0.7162958E+03, 0.2751714E-01, 0.3389155E-01
 0.9709125E+02, 0.2749106E-02, 0.2186002E-01, 0.2460912E-01, 0.2636182E-03, 0.3554632E-02, 0.3818250E-02,-0.1796721E-02,-0.2114916E-03,-0.2008212E-02,-0.3012724E-02,-0.2541465E-01,-0.2842738E-01, 0.7874501E+03, 0.4477668E+03,-0.1227759E+03, 0.7163802E+03, 0.2752481E-01, 0.3389956E-01
 0.9714187E+02, 0.2744691E-02, 0.2186950E-01, 0.2461419E-01, 0.2728013E-03, 0.3555574E-02, 0.3828375E-02,-0.1795079E-02,-0.2176898E-03,-0.2012769E-02,-0.3017493E-02,-0.2542507E-01,-0.2844256E-01, 0.7874985E+03, 0.4496735E+03,-0.1226637E+03, 0.7165069E+03, 0.2753634E-01, 0.3391163E-01
 0.9721781E+02, 0.2738075E-02, 0.2188371E-01, 0.2462178E-01, 0.2865019E-03, 0.3557061E-02, 0.3843563E-02,-0.1792610E-02,-0.2269933E-03,-0.2019603E-02,-0.3024577E-02,-0.2544077E-01,-0.2846534E-01, 0.7875624E+03, 0.4525141E+03,-0.1224950E+03, 0.7166976E+03, 0.2755368E-01, 0.3392978E-01
 0.9731781E+02, 0.2729367E-02, 0.2190241E-01, 0.2463178E-01, 0.3044153E-03, 0.3559147E-02, 0.3863563E-02,-0.1789345E-02,-0.2392581E-03,-0.2028603E-02,-0.3033782E-02,-0.2546156E-01,-0.2849534E-01, 0.7876303E+03, 0.4562203E+03,-0.1222719E+03, 0.7169496E+03, 0.2757660E-01, 0.3395374E-01
 0.9741781E+02, 0.2720657E-02, 0.2192112E-01, 0.2464178E-01, 0.3221995E-03, 0.3561363E-02, 0.3883562E-02,-0.1786062E-02,-0.2515409E-03,-0.2037603E-02,-0.3042856E-02,-0.2548249E-01,-0.2852534E-01, 0.7876801E+03, 0.4598910E+03,-0.1220476E+03, 0.7172026E+03, 0.2759961E-01, 0.3397781E-01
 0.9751781E+02, 0.2711947E-02, 0.2193983E-01, 0.2465178E-01, 0.3398548E-03, 0.3563708E-02, 0.3903563E-02,-0.1782763E-02,-0.2638405E-03,-0.2046603E-02,-0.3051801E-02,-0.2550354E-01,-0.2855534E-01, 0.7877122E+03, 0.4635263E+03,-0.1218221E+03, 0.7174564E+03, 0.2762272E-01, 0.3400195E-01
 0.9761781E+02, 0.2703237E-02, 0.2195854E-01, 0.2466178E-01, 0.3573814E-03, 0.3566181E-02, 0.3923562E-02,-0.1779447E-02,-0.2761561E-03,-0.2055603E-02,-0.3060619E-02,-0.2552472E-01,-0.2858534E-01, 0.7877270E+03, 0.4671267E+03,-0.1215956E+03, 0.7177111E+03, 0.2764592E-01, 0.3402618E-01
 0.9771781E+02, 0.2694531E-02, 0.2197725E-01, 0.2467178E-01, 0.3747795E-03, 0.3568783E-02, 0.3943562E-02,-0.1776116E-02,-0.2884867E-03,-0.2064603E-02,-0.3069310E-02,-0.2554603E-01,-0.2861534E-01, 0.7877249E+03, 0.4706922E+03,-0.1213680E+03, 0.7179668E+03, 0.2766920E-01, 0.3405050E-01
 0.9781781E+02, 0.2685828E-02, 0.2199595E-01, 0.2468178E-01, 0.3920494E-03, 0.3571513E-02, 0.3963563E-02,-0.1772772E-02,-0.3008314E-03,-0.2073603E-02,-0.3077877E-02,-0.2556747E-01,-0.2864534E-01, 0.7877064E+03, 0.4742233E+03,-0.1211394E+03, 0.7182232E+03, 0.2769258E-01, 0.3407490E-01
 0.9791781E+02, 0.2677130E-02, 0.2201465E-01, 0.2469178E-01, 0.4091916E-03, 0.3574371E-02, 0.3983562E-02,-0.1769414E-02,-0.3131893E-03,-0.2082603E-02,-0.3086322E-02,-0.2558902E-01,-0.2867534E-01, 0.7876718E+03, 0.4777202E+03,-0.1209099E+03, 0.7184806E+03, 0.2771604E-01, 0.3409937E-01
 0.9800000E+02, 0.2669982E-02, 0.2203002E-01, 0.2470000E-01, 0.4231934E-03, 0.3576807E-02, 0.4000000E-02,-0.1766643E-02,-0.3233574E-03,-0.2090000E-02,-0.3093175E-02,-0.2560682E-01,-0.2870000E-01, 0.7876314E+03, 0.4805703E+03,-0.1207206E+03, 0.7186927E+03, 0.2773538E-01, 0.3411955E-01
 0.9801000E+02, 0.2668686E-02, 0.2203231E-01, 0.2470100E-01, 0.4258271E-03, 0.3577173E-02, 0.4003000E-02,-0.1765524E-02,-0.3248759E-03,-0.2090400E-02,-0.3094513E-02,-0.2560949E-01,-0.2870400E-01, 0.7876373E+03, 0.4811132E+03,-0.1206441E+03, 0.7187244E+03, 0.2773827E-01, 0.3412256E-01
 0.9802000E+02, 0.2667391E-02, 0.2203461E-01, 0.2470200E-01, 0.4284583E-03, 0.3577542E-02, 0.4006000E-02,-0.1764406E-02,-0.3263945E-03,-0.2090800E-02,-0.3095849E-02,-0.2561215E-01,-0.2870800E-01, 0.7876427E+03, 0.4816553E+03,-0.1205677E+03, 0.7187561E+03, 0.2774117E-01, 0.3412558E-01
 0.9803500E+02, 0.2665447E-02, 0.2203805E-01, 0.2470350E-01, 0.4323997E-03, 0.3578100E-02, 0.4010500E-02,-0.1762728E-02,-0.3286719E-03,-0.2091400E-02,-0.3097847E-02,-0.2561615E-01,-0.2871400E-01, 0.7876501E+03, 0.4824670E+03,-0.1204531E+03, 0.7188037E+03, 0.2774551E-01, 0.3413010E-01
 0.9805750E+02, 0.2662531E-02, 0.2204322E-01, 0.2470575E-01, 0.4382993E-03, 0.3578951E-02, 0.4017250E-02,-0.1760213E-02,-0.3320870E-03,-0.2092300E-02,-0.3100830E-02,-0.2562217E-01,-0.2872300E-01, 0.7876594E+03, 0.4836811E+03,-0.1202812E+03, 0.7188752E+03, 0.2775203E-01, 0.3413689E-01
 0.9809125E+02, 0.2658157E-02, 0.2205097E-01, 0.2470912E-01, 0.4471208E-03, 0.3580254E-02, 0.4027375E-02,-0.1756443E-02,-0.3372074E-03,-0.2093650E-02,-0.3105278E-02,-0.2563122E-01,-0.2873650E-01, 0.7876694E+03, 0.4854945E+03,-0.1200236E+03, 0.7189825E+03, 0.2776184E-01, 0.3414709E-01
 0.9814187E+02, 0.2651595E-02, 0.2206259E-01, 0.2471419E-01, 0.4602905E-03, 0.3582272E-02, 0.4042562E-02,-0.1750792E-02,-0.3448827E-03,-0.2095675E-02,-0.3111886E-02,-0.2564486E-01,-0.2875675E-01, 0.7876757E+03, 0.4881974E+03,-0.1196375E+03, 0.7191439E+03, 0.2777660E-01, 0.3416247E-01
 0.9821781E+02, 0.2641755E-02, 0.2208003E-01, 0.2472178E-01, 0.4799046E-03, 0.3585439E-02, 0.4065344E-02,-0.1742331E-02,-0.3563811E-03,-0.2098713E-02,-0.3121660E-02,-0.2566547E-01,-0.2878713E-01, 0.7876666E+03, 0.4922138E+03,-0.1190593E+03, 0.7193873E+03, 0.2779883E-01, 0.3418563E-01
 0.9831781E+02, 0.2628794E-02, 0.2210299E-01, 0.2473178E-01, 0.5054895E-03, 0.3589854E-02, 0.4095344E-02,-0.1731210E-02,-0.3715022E-03,-0.2102712E-02,-0.3134283E-02,-0.2569284E-01,-0.2882712E-01, 0.7876205E+03, 0.4974356E+03,-0.1182994E+03, 0.7197097E+03, 0.2782829E-01, 0.3421629E-01
 0.9841781E+02, 0.2615817E-02, 0.2212596E-01, 0.2474178E-01, 0.5308269E-03, 0.3594517E-02, 0.4125344E-02,-0.1720101E-02,-0.3866111E-03,-0.2106713E-02,-0.3146644E-02,-0.2572048E-01,-0.2886713E-01, 0.7875364E+03, 0.5025877E+03,-0.1175403E+03, 0.7200340E+03, 0.2785793E-01, 0.3424714E-01
 0.9851781E+02, 0.2602829E-02, 0.2214895E-01, 0.2475178E-01, 0.5559170E-03, 0.3599427E-02, 0.4155344E-02,-0.1709008E-02,-0.4017050E-03,-0.2110713E-02,-0.3158746E-02,-0.2574838E-01,-0.2890713E-01, 0.7874153E+03, 0.5076707E+03,-0.1167822E+03, 0.7203603E+03, 0.2788777E-01, 0.3427818E-01
 0.9861781E+02, 0.2589834E-02, 0.2217195E-01, 0.2476178E-01, 0.5807604E-03, 0.3604583E-02, 0.4185344E-02,-0.1697931E-02,-0.4167811E-03,-0.2114712E-02,-0.3170594E-02,-0.2577653E-01,-0.2894713E-01, 0.7872585E+03, 0.5126851E+03,-0.1160253E+03, 0.7206885E+03, 0.2791779E-01, 0.3430939E-01
 0.9871781E+02, 0.2576835E-02, 0.2219495E-01, 0.2477178E-01, 0.6053574E-03, 0.3609986E-02, 0.4215344E-02,-0.1686875E-02,-0.4318370E-03,-0.2118712E-02,-0.3182192E-02,-0.2580493E-01,-0.2898713E-01, 0.7870670E+03, 0.5176318E+03,-0.1152698E+03, 0.7210185E+03, 0.2794799E-01, 0.3434078E-01
 0.9881781E+02, 0.2563836E-02, 0.2221794E-01, 0.2478178E-01, 0.6297086E-03, 0.3615635E-02, 0.4245344E-02,-0.1675842E-02,-0.4468700E-03,-0.2122712E-02,-0.3193545E-02,-0.2583358E-01,-0.2902713E-01, 0.7868420E+03, 0.5225113E+03,-0.1145159E+03, 0.7213503E+03, 0.2797837E-01, 0.3437235E-01
 0.9891781E+02, 0.2550842E-02, 0.2224094E-01, 0.2479178E-01, 0.6538148E-03, 0.3621529E-02, 0.4275344E-02,-0.1664835E-02,-0.4618777E-03,-0.2126713E-02,-0.3204656E-02,-0.2586247E-01,-0.2906712E-01, 0.7865847E+03, 0.5273243E+03,-0.1137637E+03, 0.7216839E+03, 0.2800891E-01, 0.3440408E-01
 0.9900000E+02, 0.2540158E-02, 0.2225984E-01, 0.2480000E-01, 0.6734595E-03, 0.3626541E-02, 0.4300000E-02,-0.1655801E-02,-0.4741994E-03,-0.2130000E-02,-0.3213617E-02,-0.2588638E-01,-0.2910000E-01, 0.7863492E+03, 0.5312338E+03,-0.1131464E+03, 0.7219594E+03, 0.2803414E-01, 0.3443029E-01
 0.9901000E+02, 0.2539380E-02, 0.2226162E-01, 0.2480100E-01, 0.6749869E-03, 0.3627013E-02, 0.4302000E-02,-0.1654842E-02,-0.4753581E-03,-0.2130200E-02,-0.3214366E-02,-0.2588863E-01,-0.2910300E-01, 0.7863453E+03, 0.5315449E+03,-0.1130809E+03, 0.7219854E+03, 0.2803652E-01, 0.3443275E-01
 0.9902000E+02, 0.2538601E-02, 0.2226340E-01, 0.2480200E-01, 0.6765130E-03, 0.3627487E-02, 0.4304000E-02,-0.1653883E-02,-0.4765166E-03,-0.2130400E-02,-0.3215114E-02,-0.2589088E-01,-0.2910600E-01, 0.7863411E+03, 0.5318557E+03,-0.1130154E+03, 0.7220113E+03, 0.2803889E-01, 0.3443522E-01
 0.9903500E+02, 0.2537435E-02, 0.2226607E-01, 0.2480350E-01, 0.6787996E-03, 0.3628200E-02, 0.4307000E-02,-0.1652447E-02,-0.4782531E-03,-0.2130700E-02,-0.3216234E-02,-0.2589427E-01,-0.2911050E-01, 0.7863348E+03, 0.5323213E+03,-0.1129172E+03, 0.7220502E+03, 0.2804245E-01, 0.3443892E-01
 0.9905750E+02, 0.2535686E-02, 0.2227006E-01, 0.2480575E-01, 0.6822236E-03, 0.3629276E-02, 0.4311500E-02,-0.1650294E-02,-0.4808559E-03,-0.2131150E-02,-0.3217909E-02,-0.2589934E-01,-0.2911725E-01, 0.7863246E+03, 0.5330181E+03,-0.1127701E+03, 0.7221086E+03, 0.2804780E-01, 0.3444446E-01
 0.9909125E+02, 0.2533064E-02, 0.2227606E-01, 0.2480912E-01, 0.6873465E-03, 0.3630904E-02, 0.4318250E-02,-0.1647070E-02,-0.4847551E-03,-0.2131825E-02,-0.3220410E-02,-0.2590697E-01,-0.2912738E-01, 0.7863082E+03, 0.5340601E+03,-0.1125498E+03, 0.7221961E+03, 0.2805583E-01, 0.3445278E-01
 0.9914187E+02, 0.2529136E-02, 0.2228505E-01, 0.2481419E-01, 0.6950009E-03, 0.3633374E-02, 0.4328375E-02,-0.1642245E-02,-0.4905928E-03,-0.2132838E-02,-0.3224137E-02,-0.2591843E-01,-0.2914256E-01, 0.7862806E+03, 0.5356155E+03,-0.1122201E+03, 0.7223276E+03, 0.2806789E-01, 0.3446531E-01
 0.9921781E+02, 0.2523257E-02, 0.2229852E-01, 0.2482178E-01, 0.7064164E-03, 0.3637146E-02, 0.4343562E-02,-0.1635033E-02,-0.4993232E-03,-0.2134356E-02,-0.3229673E-02,-0.2593567E-01,-0.2916534E-01, 0.7862337E+03, 0.5379323E+03,-0.1117273E+03, 0.7225254E+03, 0.2808602E-01, 0.3448413E-01
 0.9931781E+02, 0.2515532E-02, 0.2231625E-01, 0.2483178E-01, 0.7213338E-03, 0.3642229E-02, 0.4363563E-02,-0.1625579E-02,-0.5107773E-03,-0.2136356E-02,-0.3236866E-02,-0.2595848E-01,-0.2919534E-01, 0.7861610E+03, 0.5409539E+03,-0.1110812E+03, 0.7227866E+03, 0.2810995E-01, 0.3450897E-01
 0.9941781E+02, 0.2507820E-02, 0.2233396E-01, 0.2484178E-01, 0.7361348E-03, 0.3647428E-02, 0.4383563E-02,-0.1616164E-02,-0.5221918E-03,-0.2138356E-02,-0.3243955E-02,-0.2598139E-01,-0.2922534E-01, 0.7860759E+03, 0.5439456E+03,-0.1104379E+03, 0.7230485E+03, 0.2813395E-01, 0.3453388E-01
 0.9951781E+02, 0.2500122E-02, 0.2235166E-01, 0.2485178E-01, 0.7508197E-03, 0.3652743E-02, 0.4403563E-02,-0.1606790E-02,-0.5335661E-03,-0.2140356E-02,-0.3250941E-02,-0.2600440E-01,-0.2925534E-01, 0.7859786E+03, 0.5469073E+03,-0.1097973E+03, 0.7233111E+03, 0.2815801E-01, 0.3455886E-01
 0.9961781E+02, 0.2492438E-02, 0.2236934E-01, 0.2486178E-01, 0.7653894E-03, 0.3658173E-02, 0.4423563E-02,-0.1597456E-02,-0.5448999E-03,-0.2142356E-02,-0.3257827E-02,-0.2602752E-01,-0.2928534E-01, 0.7858696E+03, 0.5498397E+03,-0.1091595E+03, 0.7235743E+03, 0.2818214E-01, 0.3458390E-01
 0.9971781E+02, 0.2484770E-02, 0.2238701E-01, 0.2487178E-01, 0.7798443E-03, 0.3663718E-02, 0.4443563E-02,-0.1588164E-02,-0.5561926E-03,-0.2144356E-02,-0.3264614E-02,-0.2605073E-01,-0.2931534E-01, 0.7857492E+03, 0.5527427E+03,-0.1085245E+03, 0.7238383E+03, 0.2820634E-01, 0.3460901E-01
 0.9981781E+02, 0.2477119E-02, 0.2240466E-01, 0.2488178E-01, 0.7941850E-03, 0.3669377E-02, 0.4463562E-02,-0.1578912E-02,-0.5674438E-03,-0.2146356E-02,-0.3271303E-02,-0.2607404E-01,-0.2934534E-01, 0.7856176E+03, 0.5556168E+03,-0.1078924E+03, 0.7241029E+03, 0.2823060E-01, 0.3463418E-01
 0.9991781E+02, 0.2469484E-02, 0.2242230E-01, 0.2489178E-01, 0.8084122E-03, 0.3675150E-02, 0.4483562E-02,-0.1569703E-02,-0.5786530E-03,-0.2148356E-02,-0.3277896E-02,-0.2609745E-01,-0.2937534E-01, 0.7854753E+03, 0.5584621E+03,-0.1072631E+03, 0.7243682E+03, 0.2825492E-01, 0.3465941E-01
 0.1000000E+03, 0.2463218E-02, 0.2243678E-01, 0.2490000E-01, 0.8200277E-03, 0.3679972E-02, 0.4500000E-02,-0.1562161E-02,-0.5878388E-03,-0.2150000E-02,-0.3283246E-02,-0.2611675E-01,-0.2940000E-01, 0.7853501E+03, 0.5607808E+03,-0.1067477E+03, 0.7245867E+03, 0.2827495E-01, 0.3468020E-01
 0.1000100E+03, 0.2462102E-02, 0.2243940E-01, 0.2490150E-01, 0.8221542E-03, 0.3680846E-02, 0.4503000E-02,-0.1560503E-02,-0.5894969E-03,-0.2150000E-02,-0.3284256E-02,-0.2612024E-01,-0.2940450E-01, 0.7853357E+03, 0.5612094E+03,-0.1066344E+03, 0.7246261E+03, 0.2827857E-01, 0.3468395E-01
 0.1000200E+03, 0.2460987E-02, 0.2244201E-01, 0.2490300E-01, 0.8242780E-03, 0.3681722E-02, 0.4506000E-02,-0.1558846E-02,-0.5911539E-03,-0.2150000E-02,-0.3285264E-02,-0.2612374E-01,-0.2940900E-01, 0.7853209E+03, 0.5616375E+03,-0.1065212E+03, 0.7246656E+03, 0.2828219E-01, 0.3468770E-01
 0.1000350E+03, 0.2459314E-02, 0.2244594E-01, 0.2490525E-01, 0.8274582E-03, 0.3683042E-02, 0.4510500E-02,-0.1556364E-02,-0.5936362E-03,-0.2150000E-02,-0.3286772E-02,-0.2612898E-01,-0.2941575E-01, 0.7852984E+03, 0.5622781E+03,-0.1063515E+03, 0.7247248E+03, 0.2828762E-01, 0.3469333E-01
 0.1000575E+03, 0.2456807E-02, 0.2245182E-01, 0.2490863E-01, 0.8322159E-03, 0.3685034E-02, 0.4517250E-02,-0.1552647E-02,-0.5973532E-03,-0.2150000E-02,-0.3289023E-02,-0.2613685E-01,-0.2942587E-01, 0.7852635E+03, 0.5632360E+03,-0.1060975E+03, 0.7248137E+03, 0.2829578E-01, 0.3470178E-01
 0.1000913E+03, 0.2453053E-02, 0.2246063E-01, 0.2491369E-01, 0.8393241E-03, 0.3688051E-02, 0.4527375E-02,-0.1547086E-02,-0.6029138E-03,-0.2150000E-02,-0.3292377E-02,-0.2614869E-01,-0.2944106E-01, 0.7852087E+03, 0.5646658E+03,-0.1057176E+03, 0.7249471E+03, 0.2830804E-01, 0.3471449E-01
 0.1001419E+03, 0.2447435E-02, 0.2247385E-01, 0.2492128E-01, 0.8499238E-03, 0.3692639E-02, 0.4542563E-02,-0.1538780E-02,-0.6112203E-03,-0.2150000E-02,-0.3297359E-02,-0.2616648E-01,-0.2946384E-01, 0.7851219E+03, 0.5667953E+03,-0.1051499E+03, 0.7251479E+03, 0.2832644E-01, 0.3473358E-01
 0.1002178E+03, 0.2439039E-02, 0.2249363E-01, 0.2493267E-01, 0.8656819E-03, 0.3699662E-02, 0.4565344E-02,-0.1526396E-02,-0.6236035E-03,-0.2150000E-02,-0.3304720E-02,-0.2619329E-01,-0.2949802E-01, 0.7849804E+03, 0.5699550E+03,-0.1043038E+03, 0.7254497E+03, 0.2835412E-01, 0.3476229E-01
 0.1003178E+03, 0.2428030E-02, 0.2251964E-01, 0.2494767E-01, 0.8861892E-03, 0.3709155E-02, 0.4595344E-02,-0.1510219E-02,-0.6397808E-03,-0.2150000E-02,-0.3314219E-02,-0.2622880E-01,-0.2954302E-01, 0.7847740E+03, 0.5740558E+03,-0.1031983E+03, 0.7258484E+03, 0.2839069E-01, 0.3480022E-01
 0.1004178E+03, 0.2417061E-02, 0.2254561E-01, 0.2496267E-01, 0.9064503E-03, 0.3718894E-02, 0.4625344E-02,-0.1494166E-02,-0.6558341E-03,-0.2150000E-02,-0.3323511E-02,-0.2626450E-01,-0.2958801E-01, 0.7845449E+03, 0.5780947E+03,-0.1021013E+03, 0.7262485E+03, 0.2842738E-01, 0.3483828E-01
 0.1005178E+03, 0.2406135E-02, 0.2257154E-01, 0.2497767E-01, 0.9264674E-03, 0.3728876E-02, 0.4655344E-02,-0.1478238E-02,-0.6717624E-03,-0.2150000E-02,-0.3332602E-02,-0.2630041E-01,-0.2963302E-01, 0.7842939E+03, 0.5820728E+03,-0.1010129E+03, 0.7266501E+03, 0.2846420E-01, 0.3487647E-01
 0.1006178E+03, 0.2395252E-02, 0.2259742E-01, 0.2499267E-01, 0.9462427E-03, 0.3739101E-02, 0.4685344E-02,-0.1462435E-02,-0.6875649E-03,-0.2150000E-02,-0.3341495E-02,-0.2633652E-01,-0.2967802E-01, 0.7840222E+03, 0.5859908E+03,-0.9993307E+02, 0.7270530E+03, 0.2850115E-01, 0.3491480E-01
 0.1007178E+03, 0.2384417E-02, 0.2262325E-01, 0.2500767E-01, 0.9657785E-03, 0.3749565E-02, 0.4715344E-02,-0.1446759E-02,-0.7032405E-03,-0.2150000E-02,-0.3350196E-02,-0.2637282E-01,-0.2972302E-01, 0.7837304E+03, 0.5898498E+03,-0.9886190E+02, 0.7274572E+03, 0.2853821E-01, 0.3495324E-01
 0.1008178E+03, 0.2373631E-02, 0.2264904E-01, 0.2502267E-01, 0.9850770E-03, 0.3760267E-02, 0.4745344E-02,-0.1431211E-02,-0.7187886E-03,-0.2150000E-02,-0.3358708E-02,-0.2640931E-01,-0.2976802E-01, 0.7834197E+03, 0.5936506E+03,-0.9779945E+02, 0.7278627E+03, 0.2857538E-01, 0.3499182E-01
 0.1009178E+03, 0.2362896E-02, 0.2267478E-01, 0.2503767E-01, 0.1004141E-02, 0.3771203E-02, 0.4775344E-02,-0.1415792E-02,-0.7342084E-03,-0.2150000E-02,-0.3367037E-02,-0.2644598E-01,-0.2981302E-01, 0.7830908E+03, 0.5973942E+03,-0.9674576E+02, 0.7282694E+03, 0.2861266E-01, 0.3503051E-01
 0.1010000E+03, 0.2354103E-02, 0.2269590E-01, 0.2505000E-01, 0.1019649E-02, 0.3780351E-02, 0.4800000E-02,-0.1403202E-02,-0.7467978E-03,-0.2150000E-02,-0.3373752E-02,-0.2647625E-01,-0.2985000E-01, 0.7828069E+03, 0.6004314E+03,-0.9588548E+02, 0.7286046E+03, 0.2864339E-01, 0.3506240E-01
 0.1010100E+03, 0.2353332E-02, 0.2269747E-01, 0.2505080E-01, 0.1020967E-02, 0.3781033E-02, 0.4802000E-02,-0.1402166E-02,-0.7477340E-03,-0.2149900E-02,-0.3374299E-02,-0.2647850E-01,-0.2985280E-01, 0.7827762E+03, 0.6006863E+03,-0.9581467E+02, 0.7286296E+03, 0.2864567E-01, 0.3506477E-01
 0.1010200E+03, 0.2352561E-02, 0.2269904E-01, 0.2505160E-01, 0.1022284E-02, 0.3781716E-02, 0.4804000E-02,-0.1401130E-02,-0.7486697E-03,-0.2149800E-02,-0.3374845E-02,-0.2648075E-01,-0.2985560E-01, 0.7827455E+03, 0.6009410E+03,-0.9574390E+02, 0.7286545E+03, 0.2864796E-01, 0.3506714E-01
 0.1010350E+03, 0.2351405E-02, 0.2270140E-01, 0.2505280E-01, 0.1024258E-02, 0.3782742E-02, 0.4807000E-02,-0.1399578E-02,-0.7500721E-03,-0.2149650E-02,-0.3375663E-02,-0.2648414E-01,-0.2985980E-01, 0.7826993E+03, 0.6013225E+03,-0.9563783E+02, 0.7286920E+03, 0.2865139E-01, 0.3507070E-01
 0.1010575E+03, 0.2349672E-02, 0.2270493E-01, 0.2505460E-01, 0.1027214E-02, 0.3784286E-02, 0.4811500E-02,-0.1397252E-02,-0.7521729E-03,-0.2149425E-02,-0.3376886E-02,-0.2648921E-01,-0.2986610E-01, 0.7826295E+03, 0.6018936E+03,-0.9547890E+02, 0.7287481E+03, 0.2865654E-01, 0.3507603E-01
 0.1010913E+03, 0.2347076E-02, 0.2271022E-01, 0.2505730E-01, 0.1031636E-02, 0.3786614E-02, 0.4818250E-02,-0.1393769E-02,-0.7553180E-03,-0.2149087E-02,-0.3378711E-02,-0.2649684E-01,-0.2987555E-01, 0.7825242E+03, 0.6027474E+03,-0.9524091E+02, 0.7288324E+03, 0.2866427E-01, 0.3508404E-01
 0.1011419E+03, 0.2343188E-02, 0.2271816E-01, 0.2506135E-01, 0.1038243E-02, 0.3790132E-02, 0.4828375E-02,-0.1388559E-02,-0.7600220E-03,-0.2148581E-02,-0.3381431E-02,-0.2650829E-01,-0.2988973E-01, 0.7823646E+03, 0.6040222E+03,-0.9488488E+02, 0.7289588E+03, 0.2867587E-01, 0.3509605E-01
 0.1012178E+03, 0.2337371E-02, 0.2273005E-01, 0.2506743E-01, 0.1048098E-02, 0.3795464E-02, 0.4843562E-02,-0.1380775E-02,-0.7670471E-03,-0.2147822E-02,-0.3385469E-02,-0.2652552E-01,-0.2991099E-01, 0.7821214E+03, 0.6059208E+03,-0.9435294E+02, 0.7291486E+03, 0.2869330E-01, 0.3511414E-01
 0.1013178E+03, 0.2329737E-02, 0.2274569E-01, 0.2507542E-01, 0.1060979E-02, 0.3802584E-02, 0.4863563E-02,-0.1370578E-02,-0.7762442E-03,-0.2146822E-02,-0.3390716E-02,-0.2654827E-01,-0.2993899E-01, 0.7817953E+03, 0.6083983E+03,-0.9365614E+02, 0.7293997E+03, 0.2871629E-01, 0.3513802E-01
 0.1014178E+03, 0.2322125E-02, 0.2276130E-01, 0.2508343E-01, 0.1073760E-02, 0.3809803E-02, 0.4883563E-02,-0.1360431E-02,-0.7853905E-03,-0.2145822E-02,-0.3395885E-02,-0.2657110E-01,-0.2996699E-01, 0.7814614E+03, 0.6108515E+03,-0.9296281E+02, 0.7296512E+03, 0.2873933E-01, 0.3516195E-01
 0.1015178E+03, 0.2314536E-02, 0.2277689E-01, 0.2509142E-01, 0.1086442E-02, 0.3817121E-02, 0.4903563E-02,-0.1350336E-02,-0.7944859E-03,-0.2144822E-02,-0.3400978E-02,-0.2659401E-01,-0.2999499E-01, 0.7811202E+03, 0.6132807E+03,-0.9227296E+02, 0.7299034E+03, 0.2876241E-01, 0.3518593E-01
 0.1016178E+03, 0.2306969E-02, 0.2279246E-01, 0.2509943E-01, 0.1099026E-02, 0.3824537E-02, 0.4923563E-02,-0.1340292E-02,-0.8035299E-03,-0.2143822E-02,-0.3405995E-02,-0.2661699E-01,-0.3002299E-01, 0.7807716E+03, 0.6156861E+03,-0.9158662E+02, 0.7301560E+03, 0.2878553E-01, 0.3520996E-01
 0.1017178E+03, 0.2299425E-02, 0.2280800E-01, 0.2510743E-01, 0.1111512E-02, 0.3832050E-02, 0.4943563E-02,-0.1330299E-02,-0.8125226E-03,-0.2142822E-02,-0.3410937E-02,-0.2664005E-01,-0.3005099E-01, 0.7804161E+03, 0.6180681E+03,-0.9090379E+02, 0.7304092E+03, 0.2880870E-01, 0.3523405E-01
 0.1018178E+03, 0.2291905E-02, 0.2282352E-01, 0.2511542E-01, 0.1123901E-02, 0.3839661E-02, 0.4963563E-02,-0.1320358E-02,-0.8214637E-03,-0.2141822E-02,-0.3415806E-02,-0.2666318E-01,-0.3007899E-01, 0.7800538E+03, 0.6204267E+03,-0.9022447E+02, 0.7306630E+03, 0.2883191E-01, 0.3525819E-01
 0.1019178E+03, 0.2284409E-02, 0.2283902E-01, 0.2512343E-01, 0.1136194E-02, 0.3847368E-02, 0.4983563E-02,-0.1310469E-02,-0.8303531E-03,-0.2140822E-02,-0.3420603E-02,-0.2668639E-01,-0.3010699E-01, 0.7796849E+03, 0.6227623E+03,-0.8954870E+02, 0.7309172E+03, 0.2885516E-01, 0.3528237E-01
 0.1020000E+03, 0.2278263E-02, 0.2285174E-01, 0.2513000E-01, 0.1146231E-02, 0.3853769E-02, 0.5000000E-02,-0.1302375E-02,-0.8376252E-03,-0.2140000E-02,-0.3424494E-02,-0.2670551E-01,-0.3013000E-01, 0.7793766E+03, 0.6246658E+03,-0.8899561E+02, 0.7311265E+03, 0.2887431E-01, 0.3530229E-01
 0.1020100E+03, 0.2277243E-02, 0.2285416E-01, 0.2513140E-01, 0.1148012E-02, 0.3854988E-02, 0.5003000E-02,-0.1300393E-02,-0.8390066E-03,-0.2139400E-02,-0.3425255E-02,-0.2670914E-01,-0.3013440E-01, 0.7793414E+03, 0.6250132E+03,-0.8886021E+02, 0.7311664E+03, 0.2887795E-01, 0.3530607E-01
 0.1020200E+03, 0.2276225E-02, 0.2285658E-01, 0.2513280E-01, 0.1149790E-02, 0.3856210E-02, 0.5006000E-02,-0.1298414E-02,-0.8403864E-03,-0.2138800E-02,-0.3426015E-02,-0.2671278E-01,-0.3013880E-01, 0.7793060E+03, 0.6253600E+03,-0.8872493E+02, 0.7312062E+03, 0.2888159E-01, 0.3530985E-01
 0.1020350E+03, 0.2274698E-02, 0.2286020E-01, 0.2513490E-01, 0.1152453E-02, 0.3858047E-02, 0.5010500E-02,-0.1295448E-02,-0.8424518E-03,-0.2137900E-02,-0.3427150E-02,-0.2671825E-01,-0.3014540E-01, 0.7792526E+03, 0.6258791E+03,-0.8852229E+02, 0.7312660E+03, 0.2888706E-01, 0.3531553E-01
 0.1020575E+03, 0.2272411E-02, 0.2286564E-01, 0.2513805E-01, 0.1156436E-02, 0.3860814E-02, 0.5017250E-02,-0.1291009E-02,-0.8455409E-03,-0.2136550E-02,-0.3428846E-02,-0.2672645E-01,-0.3015530E-01, 0.7791717E+03, 0.6266552E+03,-0.8821896E+02, 0.7313556E+03, 0.2889526E-01, 0.3532405E-01
 0.1020913E+03, 0.2268986E-02, 0.2287379E-01, 0.2514277E-01, 0.1162386E-02, 0.3864989E-02, 0.5027375E-02,-0.1284371E-02,-0.8501540E-03,-0.2134525E-02,-0.3431372E-02,-0.2673878E-01,-0.3017015E-01, 0.7790488E+03, 0.6278135E+03,-0.8776536E+02, 0.7314901E+03, 0.2890758E-01, 0.3533686E-01
 0.1021419E+03, 0.2263865E-02, 0.2288600E-01, 0.2514986E-01, 0.1171257E-02, 0.3871305E-02, 0.5042562E-02,-0.1274461E-02,-0.8570266E-03,-0.2131488E-02,-0.3435122E-02,-0.2675730E-01,-0.3019242E-01, 0.7788616E+03, 0.6295385E+03,-0.8708817E+02, 0.7316924E+03, 0.2892607E-01, 0.3535611E-01
 0.1022178E+03, 0.2256219E-02, 0.2290427E-01, 0.2516049E-01, 0.1184443E-02, 0.3880901E-02, 0.5065344E-02,-0.1259700E-02,-0.8672314E-03,-0.2126931E-02,-0.3440662E-02,-0.2678517E-01,-0.3022584E-01, 0.7785737E+03, 0.6320977E+03,-0.8607949E+02, 0.7319965E+03, 0.2895386E-01, 0.3538504E-01
 0.1023178E+03, 0.2246207E-02, 0.2292829E-01, 0.2517449E-01, 0.1201598E-02, 0.3893746E-02, 0.5095344E-02,-0.1240440E-02,-0.8804916E-03,-0.2120931E-02,-0.3447806E-02,-0.2682203E-01,-0.3026984E-01, 0.7781818E+03, 0.6354185E+03,-0.8476338E+02, 0.7323981E+03, 0.2899053E-01, 0.3542323E-01
 0.1024178E+03, 0.2236246E-02, 0.2295225E-01, 0.2518849E-01, 0.1218542E-02, 0.3906802E-02, 0.5125344E-02,-0.1221353E-02,-0.8935782E-03,-0.2114931E-02,-0.3454788E-02,-0.2685905E-01,-0.3031384E-01, 0.7777747E+03, 0.6386884E+03,-0.8345912E+02, 0.7328007E+03, 0.2902730E-01, 0.3546153E-01
 0.1025178E+03, 0.2226337E-02, 0.2297616E-01, 0.2520249E-01, 0.1235276E-02, 0.3920068E-02, 0.5155344E-02,-0.1202440E-02,-0.9064914E-03,-0.2108931E-02,-0.3461613E-02,-0.2689622E-01,-0.3035784E-01, 0.7773532E+03, 0.6419081E+03,-0.8216673E+02, 0.7332045E+03, 0.2906416E-01, 0.3549994E-01
 0.1026178E+03, 0.2216482E-02, 0.2300001E-01, 0.2521649E-01, 0.1251803E-02, 0.3933541E-02, 0.5185344E-02,-0.1183700E-02,-0.9192311E-03,-0.2102931E-02,-0.3468285E-02,-0.2693355E-01,-0.3040184E-01, 0.7769182E+03, 0.6450787E+03,-0.8088618E+02, 0.7336094E+03, 0.2910111E-01, 0.3553846E-01
 0.1027178E+03, 0.2206682E-02, 0.2302381E-01, 0.2523049E-01, 0.1268126E-02, 0.3947218E-02, 0.5215344E-02,-0.1165134E-02,-0.9317976E-03,-0.2096931E-02,-0.3474808E-02,-0.2697103E-01,-0.3044584E-01, 0.7764703E+03, 0.6482009E+03,-0.7961746E+02, 0.7340154E+03, 0.2913814E-01, 0.3557707E-01
 0.1028178E+03, 0.2196938E-02, 0.2304756E-01, 0.2524449E-01, 0.1284246E-02, 0.3961097E-02, 0.5245344E-02,-0.1146740E-02,-0.9441911E-03,-0.2090931E-02,-0.3481185E-02,-0.2700865E-01,-0.3048984E-01, 0.7760101E+03, 0.6512756E+03,-0.7836058E+02, 0.7344224E+03, 0.2917525E-01, 0.3561579E-01
 0.1029178E+03, 0.2187253E-02, 0.2307124E-01, 0.2525849E-01, 0.1300167E-02, 0.3975177E-02, 0.5275344E-02,-0.1128519E-02,-0.9564118E-03,-0.2084931E-02,-0.3487419E-02,-0.2704642E-01,-0.3053384E-01, 0.7755385E+03, 0.6543035E+03,-0.7711549E+02, 0.7348305E+03, 0.2921244E-01, 0.3565461E-01
 0.1030000E+03, 0.2179328E-02, 0.2309067E-01, 0.2527000E-01, 0.1313115E-02, 0.3986885E-02, 0.5300000E-02,-0.1113659E-02,-0.9663413E-03,-0.2080000E-02,-0.3492443E-02,-0.2707756E-01,-0.3057000E-01, 0.7751420E+03, 0.6567596E+03,-0.7610001E+02, 0.7351667E+03, 0.2924307E-01, 0.3568659E-01
 0.1030100E+03, 0.2177978E-02, 0.2309362E-01, 0.2527160E-01, 0.1315334E-02, 0.3988666E-02, 0.5304000E-02,-0.1110655E-02,-0.9678454E-03,-0.2078500E-02,-0.3493312E-02,-0.2708229E-01,-0.3057560E-01, 0.7750763E+03, 0.6571816E+03,-0.7589473E+02, 0.7352177E+03, 0.2924772E-01, 0.3569144E-01
 0.1030200E+03, 0.2176629E-02, 0.2309657E-01, 0.2527320E-01, 0.1317549E-02, 0.3990451E-02, 0.5308000E-02,-0.1107654E-02,-0.9693462E-03,-0.2077000E-02,-0.3494178E-02,-0.2708702E-01,-0.3058120E-01, 0.7750103E+03, 0.6576026E+03,-0.7568967E+02, 0.7352687E+03, 0.2925237E-01, 0.3569629E-01
 0.1030350E+03, 0.2174608E-02, 0.2310099E-01, 0.2527560E-01, 0.1320863E-02, 0.3993137E-02, 0.5314000E-02,-0.1103161E-02,-0.9715891E-03,-0.2074750E-02,-0.3495471E-02,-0.2709413E-01,-0.3058960E-01, 0.7749107E+03, 0.6582323E+03,-0.7538266E+02, 0.7353453E+03, 0.2925936E-01, 0.3570357E-01
 0.1030575E+03, 0.2171580E-02, 0.2310762E-01, 0.2527920E-01, 0.1325817E-02, 0.3997183E-02, 0.5323000E-02,-0.1096440E-02,-0.9749353E-03,-0.2071375E-02,-0.3497397E-02,-0.2710480E-01,-0.3060220E-01, 0.7747603E+03, 0.6591726E+03,-0.7492338E+02, 0.7354603E+03, 0.2926984E-01, 0.3571448E-01
 0.1030913E+03, 0.2167050E-02, 0.2311755E-01, 0.2528460E-01, 0.1333208E-02, 0.4003292E-02, 0.5336500E-02,-0.1086399E-02,-0.9799135E-03,-0.2066313E-02,-0.3500258E-02,-0.2712084E-01,-0.3062110E-01, 0.7745322E+03, 0.6605737E+03,-0.7423727E+02, 0.7356328E+03, 0.2928558E-01, 0.3573092E-01
 0.1031419E+03, 0.2160282E-02, 0.2313242E-01, 0.2529270E-01, 0.1344206E-02, 0.4012544E-02, 0.5356750E-02,-0.1071431E-02,-0.9872876E-03,-0.2058719E-02,-0.3504488E-02,-0.2714496E-01,-0.3064945E-01, 0.7741853E+03, 0.6626549E+03,-0.7321446E+02, 0.7358925E+03, 0.2930922E-01, 0.3575563E-01
 0.1032178E+03, 0.2150188E-02, 0.2315466E-01, 0.2530485E-01, 0.1360507E-02, 0.4026618E-02, 0.5387125E-02,-0.1049186E-02,-0.9981417E-03,-0.2047328E-02,-0.3510694E-02,-0.2718128E-01,-0.3069198E-01, 0.7736539E+03, 0.6657308E+03,-0.7169440E+02, 0.7362831E+03, 0.2934476E-01, 0.3579279E-01
 0.1033178E+03, 0.2136992E-02, 0.2318386E-01, 0.2532085E-01, 0.1381631E-02, 0.4045494E-02, 0.5427125E-02,-0.1020248E-02,-0.1012080E-02,-0.2032328E-02,-0.3518623E-02,-0.2722935E-01,-0.3074797E-01, 0.7729341E+03, 0.6697013E+03,-0.6971693E+02, 0.7367994E+03, 0.2939169E-01, 0.3584189E-01
 0.1034178E+03, 0.2123883E-02, 0.2321297E-01, 0.2533685E-01, 0.1402410E-02, 0.4064715E-02, 0.5467125E-02,-0.9916564E-03,-0.1025672E-02,-0.2017328E-02,-0.3526293E-02,-0.2727768E-01,-0.3080397E-01, 0.7721907E+03, 0.6735894E+03,-0.6776319E+02, 0.7373176E+03, 0.2943877E-01, 0.3589119E-01
 0.1035178E+03, 0.2110864E-02, 0.2324199E-01, 0.2535285E-01, 0.1422849E-02, 0.4084276E-02, 0.5507125E-02,-0.9634119E-03,-0.1038916E-02,-0.2002328E-02,-0.3533713E-02,-0.2732626E-01,-0.3085997E-01, 0.7714255E+03, 0.6773968E+03,-0.6583315E+02, 0.7378377E+03, 0.2948599E-01, 0.3594067E-01
 0.1036178E+03, 0.2097938E-02, 0.2327091E-01, 0.2536885E-01, 0.1442954E-02, 0.4104171E-02, 0.5547125E-02,-0.9355131E-03,-0.1051815E-02,-0.1987328E-02,-0.3540891E-02,-0.2737508E-01,-0.3091597E-01, 0.7706400E+03, 0.6811255E+03,-0.6392673E+02, 0.7383598E+03, 0.2953335E-01, 0.3599033E-01
 0.1037178E+03, 0.2085108E-02, 0.2329974E-01, 0.2538485E-01, 0.1462729E-02, 0.4124396E-02, 0.5587125E-02,-0.9079590E-03,-0.1064369E-02,-0.1972328E-02,-0.3547836E-02,-0.2742414E-01,-0.3097197E-01, 0.7698356E+03, 0.6847772E+03,-0.6204387E+02, 0.7388837E+03, 0.2958083E-01, 0.3604016E-01
 0.1038178E+03, 0.2072376E-02, 0.2332847E-01, 0.2540085E-01, 0.1482180E-02, 0.4144945E-02, 0.5627125E-02,-0.8807483E-03,-0.1076580E-02,-0.1957328E-02,-0.3554556E-02,-0.2747342E-01,-0.3102798E-01, 0.7690140E+03, 0.6883539E+03,-0.6018446E+02, 0.7394094E+03, 0.2962844E-01, 0.3609017E-01
 0.1039178E+03, 0.2059746E-02, 0.2335710E-01, 0.2541685E-01, 0.1501312E-02, 0.4165813E-02, 0.5667125E-02,-0.8538794E-03,-0.1088449E-02,-0.1942328E-02,-0.3561057E-02,-0.2752292E-01,-0.3108398E-01, 0.7681765E+03, 0.6918571E+03,-0.5834843E+02, 0.7399369E+03, 0.2967616E-01, 0.3614034E-01
 0.1040000E+03, 0.2049429E-02, 0.2338057E-01, 0.2543000E-01, 0.1516818E-02, 0.4183182E-02, 0.5700000E-02,-0.8320242E-03,-0.1097976E-02,-0.1930000E-02,-0.3566247E-02,-0.2756375E-01,-0.3113000E-01, 0.7674756E+03, 0.6946856E+03,-0.5685498E+02, 0.7403716E+03, 0.2971547E-01, 0.3618169E-01
 0.1040100E+03, 0.2048513E-02, 0.2338269E-01, 0.2543120E-01, 0.1518251E-02, 0.4184749E-02, 0.5703000E-02,-0.8293677E-03,-0.1098832E-02,-0.1928200E-02,-0.3566764E-02,-0.2756744E-01,-0.3113420E-01, 0.7674211E+03, 0.6949519E+03,-0.5667346E+02, 0.7404108E+03, 0.2971901E-01, 0.3618542E-01
 0.1040200E+03, 0.2047598E-02, 0.2338480E-01, 0.2543240E-01, 0.1519681E-02, 0.4186319E-02, 0.5706000E-02,-0.8267136E-03,-0.1099686E-02,-0.1926400E-02,-0.3567278E-02,-0.2757112E-01,-0.3113840E-01, 0.7673664E+03, 0.6952177E+03,-0.5649210E+02, 0.7404500E+03, 0.2972256E-01, 0.3618915E-01
 0.1040350E+03, 0.2046226E-02, 0.2338797E-01, 0.2543420E-01, 0.1521822E-02, 0.4188678E-02, 0.5710500E-02,-0.8227384E-03,-0.1100962E-02,-0.1923700E-02,-0.3568048E-02,-0.2757665E-01,-0.3114470E-01, 0.7672841E+03, 0.6956155E+03,-0.5622046E+02, 0.7405089E+03, 0.2972788E-01, 0.3619474E-01
 0.1040575E+03, 0.2044171E-02, 0.2339273E-01, 0.2543690E-01, 0.1525024E-02, 0.4192226E-02, 0.5717250E-02,-0.8167885E-03,-0.1102861E-02,-0.1919650E-02,-0.3569196E-02,-0.2758496E-01,-0.3115415E-01, 0.7671601E+03, 0.6962101E+03,-0.5581388E+02, 0.7405971E+03, 0.2973586E-01, 0.3620312E-01
 0.1040913E+03, 0.2041094E-02, 0.2339986E-01, 0.2544095E-01, 0.1529808E-02, 0.4197567E-02, 0.5727375E-02,-0.8078926E-03,-0.1105682E-02,-0.1913575E-02,-0.3570902E-02,-0.2759742E-01,-0.3116832E-01, 0.7669728E+03, 0.6970970E+03,-0.5520599E+02, 0.7407295E+03, 0.2974785E-01, 0.3621574E-01
 0.1041419E+03, 0.2036493E-02, 0.2341053E-01, 0.2544703E-01, 0.1536938E-02, 0.4205625E-02, 0.5742563E-02,-0.7946144E-03,-0.1109848E-02,-0.1904463E-02,-0.3573431E-02,-0.2761616E-01,-0.3118959E-01, 0.7666897E+03, 0.6984171E+03,-0.5429865E+02, 0.7409287E+03, 0.2976584E-01, 0.3623468E-01
 0.1042178E+03, 0.2029622E-02, 0.2342652E-01, 0.2545614E-01, 0.1547532E-02, 0.4217812E-02, 0.5765344E-02,-0.7748434E-03,-0.1115950E-02,-0.1890794E-02,-0.3577153E-02,-0.2764433E-01,-0.3122148E-01, 0.7662593E+03, 0.7003737E+03,-0.5294763E+02, 0.7412281E+03, 0.2979288E-01, 0.3626316E-01
 0.1043178E+03, 0.2020623E-02, 0.2344752E-01, 0.2546814E-01, 0.1561306E-02, 0.4234037E-02, 0.5795344E-02,-0.7490590E-03,-0.1123735E-02,-0.1872794E-02,-0.3581929E-02,-0.2768155E-01,-0.3126348E-01, 0.7656821E+03, 0.7029089E+03,-0.5118570E+02, 0.7416233E+03, 0.2982854E-01, 0.3630076E-01
 0.1044178E+03, 0.2011668E-02, 0.2346847E-01, 0.2548014E-01, 0.1574901E-02, 0.4250442E-02, 0.5825344E-02,-0.7235224E-03,-0.1131271E-02,-0.1854794E-02,-0.3586570E-02,-0.2771891E-01,-0.3130548E-01, 0.7650925E+03, 0.7054010E+03,-0.4944070E+02, 0.7420197E+03, 0.2986429E-01, 0.3633846E-01
 0.1045178E+03, 0.2002759E-02, 0.2348938E-01, 0.2549214E-01, 0.1588319E-02, 0.4267025E-02, 0.5855344E-02,-0.6982327E-03,-0.1138561E-02,-0.1836794E-02,-0.3591078E-02,-0.2775640E-01,-0.3134748E-01, 0.7644910E+03, 0.7078509E+03,-0.4771257E+02, 0.7424172E+03, 0.2990011E-01, 0.3637627E-01
 0.1046178E+03, 0.1993897E-02, 0.2351024E-01, 0.2550414E-01, 0.1601562E-02, 0.4283782E-02, 0.5885344E-02,-0.6731891E-03,-0.1145605E-02,-0.1818794E-02,-0.3595458E-02,-0.2779402E-01,-0.3138948E-01, 0.7638785E+03, 0.7102594E+03,-0.4600126E+02, 0.7428158E+03, 0.2993600E-01, 0.3641418E-01
 0.1047178E+03, 0.1985082E-02, 0.2353106E-01, 0.2551614E-01, 0.1614632E-02, 0.4300712E-02, 0.5915344E-02,-0.6483904E-03,-0.1152403E-02,-0.1800794E-02,-0.3599714E-02,-0.2783177E-01,-0.3143148E-01, 0.7632555E+03, 0.7126273E+03,-0.4430668E+02, 0.7432154E+03, 0.2997196E-01, 0.3645220E-01
 0.1048178E+03, 0.1976317E-02, 0.2355182E-01, 0.2552814E-01, 0.1627531E-02, 0.4317813E-02, 0.5945344E-02,-0.6238358E-03,-0.1158958E-02,-0.1782794E-02,-0.3603848E-02,-0.2786963E-01,-0.3147348E-01, 0.7626226E+03, 0.7149552E+03,-0.4262878E+02, 0.7436160E+03, 0.3000800E-01, 0.3649031E-01
 0.1049178E+03, 0.1967602E-02, 0.2357253E-01, 0.2554014E-01, 0.1640263E-02, 0.4335081E-02, 0.5975344E-02,-0.5995241E-03,-0.1165270E-02,-0.1764794E-02,-0.3607865E-02,-0.2790762E-01,-0.3151548E-01, 0.7619805E+03, 0.7172441E+03,-0.4096748E+02, 0.7440178E+03, 0.3004409E-01, 0.3652852E-01
 0.1050000E+03, 0.1960471E-02, 0.2358953E-01, 0.2555000E-01, 0.1650611E-02, 0.4349389E-02, 0.6000000E-02,-0.5797053E-03,-0.1170295E-02,-0.1750000E-02,-0.3611082E-02,-0.2793892E-01,-0.3155000E-01, 0.7614456E+03, 0.7190980E+03,-0.3961319E+02, 0.7443487E+03, 0.3007381E-01, 0.3656000E-01
