Time    ,EPEL_TT ,EPPL_TT ,EPTO_TT ,EPEL_ZZ ,EPPL_ZZ ,EPTO_ZZ ,EPEL_TZ ,EPPL_TZ ,EPTO_TZ ,EPEL_RR ,EPPL_RR ,EPTO_RR ,S_TT    ,S_ZZ    ,S_TZ    ,S_EQV   ,EPPL_EQV,NL_EPEQ 
 0.1000000E+01, 0.0000000E+00, 0.0000000E+00, 0.0000000E+00, 0.0000000E+00, 0.0000000E+00, 0.0000000E+00, 0.0000000E+00, 0.0000000E+00, 0.0000000E+00, 0.0000000E+00, 0.0000000E+00, 0.0000000E+00, 0.0000000E+00, 0.0000000E+00, 0.0000000E+00, 0.0000000E+00, 0.0000000E+00, 0.0000000E+00
 0.1010000E+01, 0.0000000E+00, 0.0000000E+00, 0.0000000E+00, 0.5000000E-05, 0.0000000E+00, 0.5000000E-05, 0.0000000E+00, 0.0000000E+00, 0.0000000E+00,-0.2142857E-05, 0.0000000E+00,-0.2142857E-05, 0.3379121E+00, 0.1126374E+01, 0.0000000E+00, 0.1001143E+01, 0.0000000E+00, 0.0000000E+00
 0.1020000E+01, 0.0000000E+00, 0.0000000E+00, 0.0000000E+00, 0.1000000E-04, 0.0000000E+00, 0.1000000E-04, 0.0000000E+00, 0.0000000E+00, 0.0000000E+00,-0.4285714E-05, 0.0000000E+00,-0.4285714E-05, 0.6758242E+00, 0.2252747E+01, 0.0000000E+00, 0.2002286E+01, 0.0000000E+00, 0.0000000E+00
 0.1035000E+01, 0.0000000E+00, 0.0000000E+00, 0.0000000E+00, 0.1750000E-04, 0.0000000E+00, 0.1750000E-04, 0.0000000E+00, 0.0000000E+00, 0.0000000E+00,-0.7500000E-05, 0.0000000E+00,-0.7500000E-05, 0.1182692E+01, 0.3942308E+01, 0.0000000E+00, 0.3504000E+01, 0.0000000E+00, 0.0000000E+00
 0.1057500E+01, 0.0000000E+00, 0.0000000E+00, 0.0000000E+00, 0.2875000E-04, 0.0000000E+00, 0.2875000E-04, 0.0000000E+00, 0.0000000E+00, 0.0000000E+00,-0.1232143E-04, 0.0000000E+00,-0.1232143E-04, 0.1942994E+01, 0.6476648E+01, 0.0000000E+00, 0.5756571E+01, 0.0000000E+00, 0.0000000E+00
 0.1091250E+01, 0.0000000E+00, 0.0000000E+00, 0.0000000E+00, 0.4562500E-04, 0.0000000E+00, 0.4562500E-04, 0.0000000E+00, 0.0000000E+00, 0.0000000E+00,-0.1955357E-04, 0.0000000E+00,-0.1955357E-04, 0.3083448E+01, 0.1027816E+02, 0.0000000E+00, 0.9135428E+01, 0.0000000E+00, 0.0000000E+00
 0.1141875E+01, 0.0000000E+00, 0.0000000E+00, 0.0000000E+00, 0.7093750E-04, 0.0000000E+00, 0.7093750E-04, 0.0000000E+00, 0.0000000E+00, 0.0000000E+00,-0.3040178E-04, 0.0000000E+00,-0.3040178E-04, 0.4794128E+01, 0.1598043E+02, 0.0000000E+00, 0.1420371E+02, 0.0000000E+00, 0.0000000E+00
 0.1217812E+01, 0.0000000E+00, 0.0000000E+00, 0.0000000E+00, 0.1089062E-03, 0.0000000E+00, 0.1089062E-03, 0.0000000E+00, 0.0000000E+00, 0.0000000E+00,-0.4667411E-04, 0.0000000E+00,-0.4667411E-04, 0.7360147E+01, 0.2453382E+02, 0.0000000E+00, 0.2180614E+02, 0.0000000E+00, 0.0000000E+00
 0.1317812E+01, 0.0000000E+00, 0.0000000E+00, 0.0000000E+00, 0.1589062E-03, 0.0000000E+00, 0.1589062E-03, 0.0000000E+00, 0.0000000E+00, 0.0000000E+00,-0.6810268E-04, 0.0000000E+00,-0.6810268E-04, 0.1073927E+02, 0.3579756E+02, 0.0000000E+00, 0.3181757E+02, 0.0000000E+00, 0.0000000E+00
 0.1417812E+01, 0.0000000E+00, 0.0000000E+00, 0.0000000E+00, 0.2089062E-03, 0.0000000E+00, 0.2089062E-03, 0.0000000E+00, 0.0000000E+00, 0.0000000E+00,-0.8953125E-04, 0.0000000E+00,-0.8953125E-04, 0.1411839E+02, 0.4706130E+02, 0.0000000E+00, 0.4182900E+02, 0.0000000E+00, 0.0000000E+00
 0.1517813E+01, 0.0000000E+00, 0.0000000E+00, 0.0000000E+00, 0.2589062E-03, 0.0000000E+00, 0.2589062E-03, 0.0000000E+00, 0.0000000E+00, 0.0000000E+00,-0.1109598E-03, 0.0000000E+00,-0.1109598E-03, 0.1749751E+02, 0.5832504E+02, 0.0000000E+00, 0.5184043E+02, 0.0000000E+00, 0.0000000E+00
 0.1617813E+01, 0.0000000E+00, 0.0000000E+00, 0.0000000E+00, 0.3089063E-03, 0.0000000E+00, 0.3089063E-03, 0.0000000E+00, 0.0000000E+00, 0.0000000E+00,-0.1323884E-03, 0.0000000E+00,-0.1323884E-03, 0.2087663E+02, 0.6958877E+02, 0.0000000E+00, 0.6185185E+02, 0.0000000E+00, 0.0000000E+00
 0.1717813E+01, 0.0000000E+00, 0.0000000E+00, 0.0000000E+00, 0.3589063E-03, 0.0000000E+00, 0.3589063E-03, 0.0000000E+00, 0.0000000E+00, 0.0000000E+00,-0.1538170E-03, 0.0000000E+00,-0.1538170E-03, 0.2425575E+02, 0.8085251E+02, 0.0000000E+00, 0.7186328E+02, 0.0000000E+00, 0.0000000E+00
 0.1817813E+01, 0.0000000E+00, 0.0000000E+00, 0.0000000E+00, 0.4089063E-03, 0.0000000E+00, 0.4089063E-03, 0.0000000E+00, 0.0000000E+00, 0.0000000E+00,-0.1752455E-03, 0.0000000E+00,-0.1752455E-03, 0.2763487E+02, 0.9211624E+02, 0.0000000E+00, 0.8187471E+02, 0.0000000E+00, 0.0000000E+00
 0.1917813E+01, 0.0000000E+00, 0.0000000E+00, 0.0000000E+00, 0.4589063E-03, 0.0000000E+00, 0.4589063E-03, 0.0000000E+00, 0.0000000E+00, 0.0000000E+00,-0.1966741E-03, 0.0000000E+00,-0.1966741E-03, 0.3101399E+02, 0.1033800E+03, 0.0000000E+00, 0.9188614E+02, 0.0000000E+00, 0.0000000E+00
 0.2000000E+01, 0.0000000E+00, 0.0000000E+00, 0.0000000E+00, 0.5000000E-03, 0.0000000E+00, 0.5000000E-03, 0.0000000E+00, 0.0000000E+00, 0.0000000E+00,-0.2142857E-03, 0.0000000E+00,-0.2142857E-03, 0.3379121E+02, 0.1126374E+03, 0.0000000E+00, 0.1001143E+03, 0.0000000E+00, 0.0000000E+00
 0.2010000E+01, 0.0000000E+00, 0.0000000E+00, 0.0000000E+00, 0.5050000E-03, 0.0000000E+00, 0.5050000E-03, 0.0000000E+00, 0.0000000E+00, 0.0000000E+00,-0.2164286E-03, 0.0000000E+00,-0.2164286E-03, 0.3412912E+02, 0.1137637E+03, 0.0000000E+00, 0.1011154E+03, 0.0000000E+00, 0.0000000E+00
 0.2020000E+01, 0.0000000E+00, 0.0000000E+00, 0.0000000E+00, 0.5100000E-03, 0.0000000E+00, 0.5100000E-03, 0.0000000E+00, 0.0000000E+00, 0.0000000E+00,-0.2185714E-03, 0.0000000E+00,-0.2185714E-03, 0.3446703E+02, 0.1148901E+03, 0.0000000E+00, 0.1021166E+03, 0.0000000E+00, 0.0000000E+00
 0.2035000E+01, 0.0000000E+00, 0.0000000E+00, 0.0000000E+00, 0.5175000E-03, 0.0000000E+00, 0.5175000E-03, 0.0000000E+00, 0.0000000E+00, 0.0000000E+00,-0.2217857E-03, 0.0000000E+00,-0.2217857E-03, 0.3497390E+02, 0.1165797E+03, 0.0000000E+00, 0.1036183E+03, 0.0000000E+00, 0.0000000E+00
 0.2057500E+01, 0.0000000E+00, 0.0000000E+00, 0.0000000E+00, 0.5287500E-03, 0.0000000E+00, 0.5287500E-03, 0.0000000E+00, 0.0000000E+00, 0.0000000E+00,-0.2266071E-03, 0.0000000E+00,-0.2266071E-03, 0.3573420E+02, 0.1191140E+03, 0.0000000E+00, 0.1058709E+03, 0.0000000E+00, 0.0000000E+00
 0.2091250E+01, 0.0000000E+00, 0.0000000E+00, 0.0000000E+00, 0.5456250E-03, 0.0000000E+00, 0.5456250E-03, 0.0000000E+00, 0.0000000E+00, 0.0000000E+00,-0.2338393E-03, 0.0000000E+00,-0.2338393E-03, 0.3687466E+02, 0.1229155E+03, 0.0000000E+00, 0.1092497E+03, 0.0000000E+00, 0.0000000E+00
 0.2141875E+01, 0.0000000E+00, 0.0000000E+00, 0.0000000E+00, 0.5709375E-03, 0.0000000E+00, 0.5709375E-03, 0.0000000E+00, 0.0000000E+00, 0.0000000E+00,-0.2446875E-03, 0.0000000E+00,-0.2446875E-03, 0.3858533E+02, 0.1286178E+03, 0.0000000E+00, 0.1143180E+03, 0.0000000E+00, 0.0000000E+00
 0.2217812E+01, 0.0000000E+00, 0.0000000E+00, 0.0000000E+00, 0.6089063E-03, 0.0000000E+00, 0.6089063E-03, 0.0000000E+00, 0.0000000E+00, 0.0000000E+00,-0.2609598E-03, 0.0000000E+00,-0.2609598E-03, 0.4115136E+02, 0.1371712E+03, 0.0000000E+00, 0.1219204E+03, 0.0000000E+00, 0.0000000E+00
 0.2317813E+01, 0.0000000E+00, 0.0000000E+00, 0.0000000E+00, 0.6589062E-03, 0.0000000E+00, 0.6589062E-03, 0.0000000E+00, 0.0000000E+00, 0.0000000E+00,-0.2823884E-03, 0.0000000E+00,-0.2823884E-03, 0.4453048E+02, 0.1484349E+03, 0.0000000E+00, 0.1319318E+03, 0.0000000E+00, 0.0000000E+00
 0.2417813E+01, 0.0000000E+00, 0.0000000E+00, 0.0000000E+00, 0.7089063E-03, 0.0000000E+00, 0.7089063E-03, 0.0000000E+00, 0.0000000E+00, 0.0000000E+00,-0.3038170E-03, 0.0000000E+00,-0.3038170E-03, 0.4790960E+02, 0.1596987E+03, 0.0000000E+00, 0.1419433E+03, 0.0000000E+00, 0.0000000E+00
 0.2517813E+01, 0.0000000E+00, 0.0000000E+00, 0.0000000E+00, 0.7589062E-03, 0.0000000E+00, 0.7589062E-03, 0.0000000E+00, 0.0000000E+00, 0.0000000E+00,-0.3252455E-03, 0.0000000E+00,-0.3252455E-03, 0.5128872E+02, 0.1709624E+03, 0.0000000E+00, 0.1519547E+03, 0.0000000E+00, 0.0000000E+00
 0.2617813E+01, 0.0000000E+00, 0.0000000E+00, 0.0000000E+00, 0.8089063E-03, 0.0000000E+00, 0.8089063E-03, 0.0000000E+00, 0.0000000E+00, 0.0000000E+00,-0.3466741E-03, 0.0000000E+00,-0.3466741E-03, 0.5466784E+02, 0.1822261E+03, 0.0000000E+00, 0.1619661E+03, 0.0000000E+00, 0.0000000E+00
 0.2717813E+01, 0.0000000E+00, 0.0000000E+00, 0.0000000E+00, 0.8589062E-03, 0.0000000E+00, 0.8589062E-03, 0.0000000E+00, 0.0000000E+00, 0.0000000E+00,-0.3681027E-03, 0.0000000E+00,-0.3681027E-03, 0.5804696E+02, 0.1934899E+03, 0.0000000E+00, 0.1719776E+03, 0.0000000E+00, 0.0000000E+00
 0.2817813E+01, 0.0000000E+00, 0.0000000E+00, 0.0000000E+00, 0.9089062E-03, 0.0000000E+00, 0.9089062E-03, 0.0000000E+00, 0.0000000E+00, 0.0000000E+00,-0.3895313E-03, 0.0000000E+00,-0.3895313E-03, 0.6142608E+02, 0.2047536E+03, 0.0000000E+00, 0.1819890E+03, 0.0000000E+00, 0.0000000E+00
 0.2917813E+01, 0.0000000E+00, 0.0000000E+00, 0.0000000E+00, 0.9589063E-03, 0.0000000E+00, 0.9589063E-03, 0.0000000E+00, 0.0000000E+00, 0.0000000E+00,-0.4109598E-03, 0.0000000E+00,-0.4109598E-03, 0.6480521E+02, 0.2160173E+03, 0.0000000E+00, 0.1920004E+03, 0.0000000E+00, 0.0000000E+00
 0.3000000E+01, 0.0000000E+00, 0.0000000E+00, 0.0000000E+00, 0.1000000E-02, 0.0000000E+00, 0.1000000E-02, 0.0000000E+00, 0.0000000E+00, 0.0000000E+00,-0.4285714E-03, 0.0000000E+00,-0.4285714E-03, 0.6758242E+02, 0.2252747E+03, 0.0000000E+00, 0.2002285E+03, 0.0000000E+00, 0.0000000E+00
 0.3010000E+01, 0.0000000E+00, 0.0000000E+00, 0.0000000E+00, 0.1004000E-02, 0.0000000E+00, 0.1004000E-02, 0.0000000E+00, 0.0000000E+00, 0.0000000E+00,-0.4302857E-03, 0.0000000E+00,-0.4302857E-03, 0.6785275E+02, 0.2261758E+03, 0.0000000E+00, 0.2010295E+03, 0.0000000E+00, 0.0000000E+00
 0.3020000E+01, 0.0000000E+00, 0.0000000E+00, 0.0000000E+00, 0.1008000E-02, 0.0000000E+00, 0.1008000E-02, 0.0000000E+00, 0.0000000E+00, 0.0000000E+00,-0.4320000E-03, 0.0000000E+00,-0.4320000E-03, 0.6812308E+02, 0.2270769E+03, 0.0000000E+00, 0.2018304E+03, 0.0000000E+00, 0.0000000E+00
 0.3035000E+01, 0.0000000E+00, 0.0000000E+00, 0.0000000E+00, 0.1014000E-02, 0.0000000E+00, 0.1014000E-02, 0.0000000E+00, 0.0000000E+00, 0.0000000E+00,-0.4345714E-03, 0.0000000E+00,-0.4345714E-03, 0.6852857E+02, 0.2284286E+03, 0.0000000E+00, 0.2030318E+03, 0.0000000E+00, 0.0000000E+00
 0.3057500E+01, 0.0000000E+00, 0.0000000E+00, 0.0000000E+00, 0.1023000E-02, 0.0000000E+00, 0.1023000E-02, 0.0000000E+00, 0.0000000E+00, 0.0000000E+00,-0.4384286E-03, 0.0000000E+00,-0.4384286E-03, 0.6913681E+02, 0.2304560E+03, 0.0000000E+00, 0.2048338E+03, 0.0000000E+00, 0.0000000E+00
 0.3091250E+01, 0.0000000E+00, 0.0000000E+00, 0.0000000E+00, 0.1036500E-02, 0.0000000E+00, 0.1036500E-02, 0.0000000E+00, 0.0000000E+00, 0.0000000E+00,-0.4442143E-03, 0.0000000E+00,-0.4442143E-03, 0.7004918E+02, 0.2334973E+03, 0.0000000E+00, 0.2075369E+03, 0.0000000E+00, 0.0000000E+00
 0.3141875E+01, 0.0000000E+00, 0.0000000E+00, 0.0000000E+00, 0.1056750E-02, 0.0000000E+00, 0.1056750E-02, 0.0000000E+00, 0.0000000E+00, 0.0000000E+00,-0.4528929E-03, 0.0000000E+00,-0.4528929E-03, 0.7141772E+02, 0.2380591E+03, 0.0000000E+00, 0.2115915E+03, 0.0000000E+00, 0.0000000E+00
 0.3217812E+01, 0.0000000E+00, 0.0000000E+00, 0.0000000E+00, 0.1087125E-02, 0.0000000E+00, 0.1087125E-02, 0.0000000E+00, 0.0000000E+00, 0.0000000E+00,-0.4659107E-03, 0.0000000E+00,-0.4659107E-03, 0.7347054E+02, 0.2449018E+03, 0.0000000E+00, 0.2176735E+03, 0.0000000E+00, 0.0000000E+00
 0.3317813E+01, 0.3929337E-05,-0.3929337E-05, 0.0000000E+00, 0.1110184E-02, 0.1694059E-04, 0.1127125E-02, 0.0000000E+00, 0.0000000E+00, 0.0000000E+00,-0.4774777E-03,-0.1301125E-04,-0.4904890E-03, 0.7591417E+02, 0.2503623E+03, 0.0000000E+00, 0.2223470E+03, 0.1773351E-04, 0.1773349E-04
 0.3417813E+01, 0.8993660E-05,-0.8993660E-05, 0.0000000E+00, 0.1127943E-02, 0.3918215E-04, 0.1167125E-02, 0.0000000E+00, 0.0000000E+00, 0.0000000E+00,-0.4872597E-03,-0.3018849E-04,-0.5174482E-03, 0.7825527E+02, 0.2547055E+03, 0.0000000E+00, 0.2259795E+03, 0.4104852E-04, 0.4104854E-04
 0.3517813E+01, 0.1403459E-04,-0.1403459E-04, 0.0000000E+00, 0.1145391E-02, 0.6173437E-04, 0.1207125E-02, 0.0000000E+00, 0.0000000E+00, 0.0000000E+00,-0.4968977E-03,-0.4769978E-04,-0.5445975E-03, 0.8057004E+02, 0.2589767E+03, 0.0000000E+00, 0.2295533E+03, 0.6472182E-04, 0.6472207E-04
 0.3617813E+01, 0.1905131E-04,-0.1905131E-04, 0.0000000E+00, 0.1162528E-02, 0.8459728E-04, 0.1247125E-02, 0.0000000E+00, 0.0000000E+00, 0.0000000E+00,-0.5063923E-03,-0.6554597E-04,-0.5719382E-03, 0.8285835E+02, 0.2631764E+03, 0.0000000E+00, 0.2330685E+03, 0.8875407E-04, 0.8875484E-04
 0.3717813E+01, 0.2404299E-04,-0.2404299E-04, 0.0000000E+00, 0.1179354E-02, 0.1077706E-03, 0.1287125E-02, 0.0000000E+00, 0.0000000E+00, 0.0000000E+00,-0.5157430E-03,-0.8372757E-04,-0.5994706E-03, 0.8512004E+02, 0.2673044E+03, 0.0000000E+00, 0.2365250E+03, 0.1131455E-03, 0.1131472E-03
 0.3817813E+01, 0.2900879E-04,-0.2900879E-04, 0.0000000E+00, 0.1195871E-02, 0.1312536E-03, 0.1327125E-02, 0.0000000E+00, 0.0000000E+00, 0.0000000E+00,-0.5249500E-03,-0.1022448E-03,-0.6271948E-03, 0.8735497E+02, 0.2713609E+03, 0.0000000E+00, 0.2399227E+03, 0.1378961E-03, 0.1378992E-03
 0.3917813E+01, 0.3394785E-04,-0.3394785E-04, 0.0000000E+00, 0.1212080E-02, 0.1550452E-03, 0.1367125E-02, 0.0000000E+00, 0.0000000E+00, 0.0000000E+00,-0.5340132E-03,-0.1210974E-03,-0.6551106E-03, 0.8956303E+02, 0.2753460E+03, 0.0000000E+00, 0.2432615E+03, 0.1630052E-03, 0.1630104E-03
 0.4000000E+01, 0.3799317E-04,-0.3799317E-04, 0.0000000E+00, 0.1225170E-02, 0.1748304E-03, 0.1400000E-02, 0.0000000E+00, 0.0000000E+00, 0.0000000E+00,-0.5413561E-03,-0.1368373E-03,-0.6781934E-03, 0.9135889E+02, 0.2785678E+03, 0.0000000E+00, 0.2459610E+03, 0.1839087E-03, 0.1839159E-03
 0.4010000E+01, 0.3836403E-04,-0.3836403E-04, 0.0000000E+00, 0.1226353E-02, 0.1766467E-03, 0.1403000E-02, 0.0000000E+00, 0.0000000E+00, 0.0000000E+00,-0.5420258E-03,-0.1382827E-03,-0.6803086E-03, 0.9152283E+02, 0.2788615E+03, 0.0000000E+00, 0.2462072E+03, 0.1858279E-03, 0.1858352E-03
 0.4020000E+01, 0.3873470E-04,-0.3873470E-04, 0.0000000E+00, 0.1227535E-02, 0.1784648E-03, 0.1406000E-02, 0.0000000E+00, 0.0000000E+00, 0.0000000E+00,-0.5426913E-03,-0.1397301E-03,-0.6824214E-03, 0.9168622E+02, 0.2791528E+03, 0.0000000E+00, 0.2464512E+03, 0.1877491E-03, 0.1877566E-03
 0.4035000E+01, 0.3929019E-04,-0.3929019E-04, 0.0000000E+00, 0.1229305E-02, 0.1811950E-03, 0.1410500E-02, 0.0000000E+00, 0.0000000E+00, 0.0000000E+00,-0.5436837E-03,-0.1419048E-03,-0.6855885E-03, 0.9193049E+02, 0.2795867E+03, 0.0000000E+00, 0.2468145E+03, 0.1906346E-03, 0.1906424E-03
 0.4057500E+01, 0.4012224E-04,-0.4012224E-04, 0.0000000E+00, 0.1231952E-02, 0.1852975E-03, 0.1417250E-02, 0.0000000E+00, 0.0000000E+00, 0.0000000E+00,-0.5451749E-03,-0.1451753E-03,-0.6903502E-03, 0.9229685E+02, 0.2802393E+03, 0.0000000E+00, 0.2473612E+03, 0.1949715E-03, 0.1949798E-03
 0.4091250E+01, 0.4136768E-04,-0.4136768E-04, 0.0000000E+00, 0.1235908E-02, 0.1914674E-03, 0.1427375E-02, 0.0000000E+00, 0.0000000E+00, 0.0000000E+00,-0.5474037E-03,-0.1500997E-03,-0.6975034E-03, 0.9284471E+02, 0.2812145E+03, 0.0000000E+00, 0.2481783E+03, 0.2014960E-03, 0.2015050E-03
 0.4141875E+01, 0.4322989E-04,-0.4322989E-04, 0.0000000E+00, 0.1241804E-02, 0.2007583E-03, 0.1442562E-02, 0.0000000E+00, 0.0000000E+00, 0.0000000E+00,-0.5507289E-03,-0.1575284E-03,-0.7082573E-03, 0.9366273E+02, 0.2826687E+03, 0.0000000E+00, 0.2493968E+03, 0.2113258E-03, 0.2113360E-03
 0.4217812E+01, 0.4600995E-04,-0.4600995E-04, 0.0000000E+00, 0.1250568E-02, 0.2147756E-03, 0.1465344E-02, 0.0000000E+00, 0.0000000E+00, 0.0000000E+00,-0.5556765E-03,-0.1687657E-03,-0.7244421E-03, 0.9488131E+02, 0.2848309E+03, 0.0000000E+00, 0.2512091E+03, 0.2261671E-03, 0.2261794E-03
 0.4317812E+01, 0.4964961E-04,-0.4964961E-04, 0.0000000E+00, 0.1261961E-02, 0.2333830E-03, 0.1495344E-02, 0.0000000E+00, 0.0000000E+00, 0.0000000E+00,-0.5621192E-03,-0.1837334E-03,-0.7458526E-03, 0.9647122E+02, 0.2876436E+03, 0.0000000E+00, 0.2535670E+03, 0.2458870E-03, 0.2459027E-03
 0.4417812E+01, 0.5327192E-04,-0.5327192E-04, 0.0000000E+00, 0.1273184E-02, 0.2521593E-03, 0.1525344E-02, 0.0000000E+00, 0.0000000E+00, 0.0000000E+00,-0.5684818E-03,-0.1988874E-03,-0.7673692E-03, 0.9804575E+02, 0.2904168E+03, 0.0000000E+00, 0.2558921E+03, 0.2658050E-03, 0.2658245E-03
 0.4517812E+01, 0.5687650E-04,-0.5687650E-04, 0.0000000E+00, 0.1284240E-02, 0.2711035E-03, 0.1555344E-02, 0.0000000E+00, 0.0000000E+00, 0.0000000E+00,-0.5747649E-03,-0.2142270E-03,-0.7889918E-03, 0.9960496E+02, 0.2931510E+03, 0.0000000E+00, 0.2581848E+03, 0.2859198E-03, 0.2859437E-03
 0.4617812E+01, 0.6046301E-04,-0.6046301E-04, 0.0000000E+00, 0.1295130E-02, 0.2902141E-03, 0.1585344E-02, 0.0000000E+00, 0.0000000E+00, 0.0000000E+00,-0.5809688E-03,-0.2297511E-03,-0.8107199E-03, 0.1011488E+03, 0.2958465E+03, 0.0000000E+00, 0.2604452E+03, 0.3062304E-03, 0.3062592E-03
 0.4717812E+01, 0.6403109E-04,-0.6403109E-04, 0.0000000E+00, 0.1305854E-02, 0.3094899E-03, 0.1615344E-02, 0.0000000E+00, 0.0000000E+00, 0.0000000E+00,-0.5870941E-03,-0.2454588E-03,-0.8325529E-03, 0.1026774E+03, 0.2985035E+03, 0.0000000E+00, 0.2626736E+03, 0.3267354E-03, 0.3267697E-03
 0.4817812E+01, 0.6758037E-04,-0.6758037E-04, 0.0000000E+00, 0.1316414E-02, 0.3289293E-03, 0.1645344E-02, 0.0000000E+00, 0.0000000E+00, 0.0000000E+00,-0.5931412E-03,-0.2613489E-03,-0.8544901E-03, 0.1041907E+03, 0.3011225E+03, 0.0000000E+00, 0.2648703E+03, 0.3474333E-03, 0.3474736E-03
 0.4917812E+01, 0.7111052E-04,-0.7111052E-04, 0.0000000E+00, 0.1326813E-02, 0.3485307E-03, 0.1675344E-02, 0.0000000E+00, 0.0000000E+00, 0.0000000E+00,-0.5991107E-03,-0.2774201E-03,-0.8765308E-03, 0.1056887E+03, 0.3037036E+03, 0.0000000E+00, 0.2670354E+03, 0.3683225E-03, 0.3683695E-03
 0.5000000E+01, 0.7400085E-04,-0.7400085E-04, 0.0000000E+00, 0.1335239E-02, 0.3647613E-03, 0.1700000E-02, 0.0000000E+00, 0.0000000E+00, 0.0000000E+00,-0.6039601E-03,-0.2907605E-03,-0.8947205E-03, 0.1069092E+03, 0.3057968E+03, 0.0000000E+00, 0.2687913E+03, 0.3856325E-03, 0.3856852E-03
 0.5010000E+01, 0.7435342E-04,-0.7435342E-04, 0.0000000E+00, 0.1336256E-02, 0.3667439E-03, 0.1703000E-02, 0.0000000E+00, 0.0000000E+00, 0.0000000E+00,-0.6045515E-03,-0.2923905E-03,-0.8969419E-03, 0.1070579E+03, 0.3060522E+03, 0.0000000E+00, 0.2690057E+03, 0.3877471E-03, 0.3878005E-03
 0.5020000E+01, 0.7470577E-04,-0.7470577E-04, 0.0000000E+00, 0.1337272E-02, 0.3687280E-03, 0.1706000E-02, 0.0000000E+00, 0.0000000E+00, 0.0000000E+00,-0.6051378E-03,-0.2940223E-03,-0.8991600E-03, 0.1072059E+03, 0.3063049E+03, 0.0000000E+00, 0.2692176E+03, 0.3898636E-03, 0.3899177E-03
 0.5035000E+01, 0.7523372E-04,-0.7523372E-04, 0.0000000E+00, 0.1338793E-02, 0.3717072E-03, 0.1710500E-02, 0.0000000E+00, 0.0000000E+00, 0.0000000E+00,-0.6060114E-03,-0.2964734E-03,-0.9024848E-03, 0.1074271E+03, 0.3066807E+03, 0.0000000E+00, 0.2695326E+03, 0.3930418E-03, 0.3930970E-03
 0.5057500E+01, 0.7602435E-04,-0.7602435E-04, 0.0000000E+00, 0.1341068E-02, 0.3761824E-03, 0.1717250E-02, 0.0000000E+00, 0.0000000E+00, 0.0000000E+00,-0.6073251E-03,-0.3001581E-03,-0.9074832E-03, 0.1077589E+03, 0.3072465E+03, 0.0000000E+00, 0.2700071E+03, 0.3978172E-03, 0.3978740E-03
 0.5091250E+01, 0.7720738E-04,-0.7720738E-04, 0.0000000E+00, 0.1344465E-02, 0.3829101E-03, 0.1727375E-02, 0.0000000E+00, 0.0000000E+00, 0.0000000E+00,-0.6092881E-03,-0.3057028E-03,-0.9149909E-03, 0.1082551E+03, 0.3080918E+03, 0.0000000E+00, 0.2707161E+03, 0.4049982E-03, 0.4050576E-03
 0.5141875E+01, 0.7897538E-04,-0.7897538E-04, 0.0000000E+00, 0.1349528E-02, 0.3930347E-03, 0.1742562E-02, 0.0000000E+00, 0.0000000E+00, 0.0000000E+00,-0.6122157E-03,-0.3140593E-03,-0.9262750E-03, 0.1089955E+03, 0.3093519E+03, 0.0000000E+00, 0.2717731E+03, 0.4158098E-03, 0.4158732E-03
 0.5217812E+01, 0.8161281E-04,-0.8161281E-04, 0.0000000E+00, 0.1357048E-02, 0.4082955E-03, 0.1765344E-02, 0.0000000E+00, 0.0000000E+00, 0.0000000E+00,-0.6165692E-03,-0.3266827E-03,-0.9432519E-03, 0.1100979E+03, 0.3112244E+03, 0.0000000E+00, 0.2733441E+03, 0.4321169E-03, 0.4321867E-03
 0.5317812E+01, 0.8506207E-04,-0.8506207E-04, 0.0000000E+00, 0.1366817E-02, 0.4285267E-03, 0.1795344E-02, 0.0000000E+00, 0.0000000E+00, 0.0000000E+00,-0.6222345E-03,-0.3434646E-03,-0.9656991E-03, 0.1115352E+03, 0.3136584E+03, 0.0000000E+00, 0.2753865E+03, 0.4537537E-03, 0.4538328E-03
 0.5417812E+01, 0.8849059E-04,-0.8849059E-04, 0.0000000E+00, 0.1376433E-02, 0.4489104E-03, 0.1825344E-02, 0.0000000E+00, 0.0000000E+00, 0.0000000E+00,-0.6278252E-03,-0.3604199E-03,-0.9882450E-03, 0.1129575E+03, 0.3160564E+03, 0.0000000E+00, 0.2773988E+03, 0.4755724E-03, 0.4756613E-03
 0.5517812E+01, 0.9189804E-04,-0.9189804E-04, 0.0000000E+00, 0.1385899E-02, 0.4694446E-03, 0.1855344E-02, 0.0000000E+00, 0.0000000E+00, 0.0000000E+00,-0.6333422E-03,-0.3775466E-03,-0.1010889E-02, 0.1143648E+03, 0.3184191E+03, 0.0000000E+00, 0.2793816E+03, 0.4975707E-03, 0.4976702E-03
 0.5617812E+01, 0.9528414E-04,-0.9528414E-04, 0.0000000E+00, 0.1395217E-02, 0.4901270E-03, 0.1885344E-02, 0.0000000E+00, 0.0000000E+00, 0.0000000E+00,-0.6387867E-03,-0.3948429E-03,-0.1033630E-02, 0.1157573E+03, 0.3207469E+03, 0.0000000E+00, 0.2813353E+03, 0.5197464E-03, 0.5198571E-03
 0.5717812E+01, 0.9864860E-04,-0.9864860E-04, 0.0000000E+00, 0.1404388E-02, 0.5109554E-03, 0.1915344E-02, 0.0000000E+00, 0.0000000E+00, 0.0000000E+00,-0.6441593E-03,-0.4123068E-03,-0.1056466E-02, 0.1171351E+03, 0.3230405E+03, 0.0000000E+00, 0.2832603E+03, 0.5420971E-03, 0.5422197E-03
 0.5817812E+01, 0.1019911E-03,-0.1019911E-03, 0.0000000E+00, 0.1413416E-02, 0.5319274E-03, 0.1945344E-02, 0.0000000E+00, 0.0000000E+00, 0.0000000E+00,-0.6494610E-03,-0.4299363E-03,-0.1079397E-02, 0.1184982E+03, 0.3253001E+03, 0.0000000E+00, 0.2851570E+03, 0.5646203E-03, 0.5647555E-03
 0.5917812E+01, 0.1053115E-03,-0.1053115E-03, 0.0000000E+00, 0.1422303E-02, 0.5530407E-03, 0.1975344E-02, 0.0000000E+00, 0.0000000E+00, 0.0000000E+00,-0.6546926E-03,-0.4477292E-03,-0.1102422E-02, 0.1198468E+03, 0.3275265E+03, 0.0000000E+00, 0.2870259E+03, 0.5873137E-03, 0.5874620E-03
 0.6000000E+01, 0.1080269E-03,-0.1080269E-03, 0.0000000E+00, 0.1429502E-02, 0.5704979E-03, 0.2000000E-02, 0.0000000E+00, 0.0000000E+00, 0.0000000E+00,-0.6589413E-03,-0.4624711E-03,-0.1121412E-02, 0.1209450E+03, 0.3293316E+03, 0.0000000E+00, 0.2885411E+03, 0.6060898E-03, 0.6062494E-03
 0.6010000E+01, 0.1084680E-03,-0.1084680E-03, 0.0000000E+00, 0.1430661E-02, 0.5733392E-03, 0.2004000E-02, 0.0000000E+00, 0.0000000E+00, 0.0000000E+00,-0.6596266E-03,-0.4648712E-03,-0.1124498E-02, 0.1211226E+03, 0.3296222E+03, 0.0000000E+00, 0.2887850E+03, 0.6091461E-03, 0.6093076E-03
 0.6020000E+01, 0.1089087E-03,-0.1089087E-03, 0.0000000E+00, 0.1431817E-02, 0.5761830E-03, 0.2008000E-02, 0.0000000E+00, 0.0000000E+00, 0.0000000E+00,-0.6603110E-03,-0.4672742E-03,-0.1127585E-02, 0.1213000E+03, 0.3299125E+03, 0.0000000E+00, 0.2890287E+03, 0.6122054E-03, 0.6123687E-03
 0.6035000E+01, 0.1095687E-03,-0.1095687E-03, 0.0000000E+00, 0.1433547E-02, 0.5804530E-03, 0.2014000E-02, 0.0000000E+00, 0.0000000E+00, 0.0000000E+00,-0.6613353E-03,-0.4708843E-03,-0.1132220E-02, 0.1215656E+03, 0.3303468E+03, 0.0000000E+00, 0.2893931E+03, 0.6167998E-03, 0.6169659E-03
 0.6057500E+01, 0.1105563E-03,-0.1105563E-03, 0.0000000E+00, 0.1436132E-02, 0.5868681E-03, 0.2023000E-02, 0.0000000E+00, 0.0000000E+00, 0.0000000E+00,-0.6628663E-03,-0.4763118E-03,-0.1139178E-02, 0.1219628E+03, 0.3309959E+03, 0.0000000E+00, 0.2899379E+03, 0.6237039E-03, 0.6238742E-03
 0.6091250E+01, 0.1120321E-03,-0.1120321E-03, 0.0000000E+00, 0.1439987E-02, 0.5965132E-03, 0.2036500E-02, 0.0000000E+00, 0.0000000E+00, 0.0000000E+00,-0.6651510E-03,-0.4844810E-03,-0.1149632E-02, 0.1225558E+03, 0.3319641E+03, 0.0000000E+00, 0.2907506E+03, 0.6340878E-03, 0.6342646E-03
 0.6141875E+01, 0.1142337E-03,-0.1142337E-03, 0.0000000E+00, 0.1445719E-02, 0.6110306E-03, 0.2056750E-02, 0.0000000E+00, 0.0000000E+00, 0.0000000E+00,-0.6685514E-03,-0.4967970E-03,-0.1165348E-02, 0.1234392E+03, 0.3334043E+03, 0.0000000E+00, 0.2919598E+03, 0.6497256E-03, 0.6499125E-03
 0.6217812E+01, 0.1175086E-03,-0.1175086E-03, 0.0000000E+00, 0.1454207E-02, 0.6329177E-03, 0.2087125E-02, 0.0000000E+00, 0.0000000E+00, 0.0000000E+00,-0.6735933E-03,-0.5154091E-03,-0.1189002E-02, 0.1247507E+03, 0.3355381E+03, 0.0000000E+00, 0.2937515E+03, 0.6733200E-03, 0.6735229E-03
 0.6317812E+01, 0.1217762E-03,-0.1217762E-03, 0.0000000E+00, 0.1465185E-02, 0.6619403E-03, 0.2127125E-02, 0.0000000E+00, 0.0000000E+00, 0.0000000E+00,-0.6801282E-03,-0.5401642E-03,-0.1220292E-02, 0.1264541E+03, 0.3383002E+03, 0.0000000E+00, 0.2960713E+03, 0.7046378E-03, 0.7048633E-03
 0.6417812E+01, 0.1260025E-03,-0.1260025E-03, 0.0000000E+00, 0.1475938E-02, 0.6911869E-03, 0.2167125E-02, 0.0000000E+00, 0.0000000E+00, 0.0000000E+00,-0.6865481E-03,-0.5651845E-03,-0.1251733E-02, 0.1281329E+03, 0.3410083E+03, 0.0000000E+00, 0.2983460E+03, 0.7362289E-03, 0.7364779E-03
 0.6517812E+01, 0.1301872E-03,-0.1301872E-03, 0.0000000E+00, 0.1486473E-02, 0.7206515E-03, 0.2207125E-02, 0.0000000E+00, 0.0000000E+00, 0.0000000E+00,-0.6928568E-03,-0.5904643E-03,-0.1283321E-02, 0.1297876E+03, 0.3436645E+03, 0.0000000E+00, 0.3005773E+03, 0.7680865E-03, 0.7683603E-03
 0.6617812E+01, 0.1343300E-03,-0.1343300E-03, 0.0000000E+00, 0.1496797E-02, 0.7503278E-03, 0.2247125E-02, 0.0000000E+00, 0.0000000E+00, 0.0000000E+00,-0.6990567E-03,-0.6159978E-03,-0.1315055E-02, 0.1314186E+03, 0.3462701E+03, 0.0000000E+00, 0.3027664E+03, 0.8002040E-03, 0.8005036E-03
 0.6717812E+01, 0.1384304E-03,-0.1384304E-03, 0.0000000E+00, 0.1506915E-02, 0.7802096E-03, 0.2287125E-02, 0.0000000E+00, 0.0000000E+00, 0.0000000E+00,-0.7051505E-03,-0.6417792E-03,-0.1346930E-02, 0.1330262E+03, 0.3488267E+03, 0.0000000E+00, 0.3049146E+03, 0.8325746E-03, 0.8329012E-03
 0.6817812E+01, 0.1424883E-03,-0.1424883E-03, 0.0000000E+00, 0.1516834E-02, 0.8102908E-03, 0.2327125E-02, 0.0000000E+00, 0.0000000E+00, 0.0000000E+00,-0.7111405E-03,-0.6678025E-03,-0.1378943E-02, 0.1346106E+03, 0.3513354E+03, 0.0000000E+00, 0.3070230E+03, 0.8651914E-03, 0.8655461E-03
 0.6917812E+01, 0.1465032E-03,-0.1465032E-03, 0.0000000E+00, 0.1526560E-02, 0.8405651E-03, 0.2367125E-02, 0.0000000E+00, 0.0000000E+00, 0.0000000E+00,-0.7170294E-03,-0.6940619E-03,-0.1411091E-02, 0.1361724E+03, 0.3537977E+03, 0.0000000E+00, 0.3090926E+03, 0.8980478E-03, 0.8984317E-03
 0.7000000E+01, 0.1497757E-03,-0.1497757E-03, 0.0000000E+00, 0.1534412E-02, 0.8655882E-03, 0.2400000E-02, 0.0000000E+00, 0.0000000E+00, 0.0000000E+00,-0.7217957E-03,-0.7158126E-03,-0.1437608E-02, 0.1374401E+03, 0.3557870E+03, 0.0000000E+00, 0.3107648E+03, 0.9252255E-03, 0.9256340E-03
 0.7010000E+01, 0.1503732E-03,-0.1503732E-03, 0.0000000E+00, 0.1535831E-02, 0.8701693E-03, 0.2406000E-02, 0.0000000E+00, 0.0000000E+00, 0.0000000E+00,-0.7226588E-03,-0.7197961E-03,-0.1442455E-02, 0.1376704E+03, 0.3561464E+03, 0.0000000E+00, 0.3110669E+03, 0.9302018E-03, 0.9306148E-03
 0.7020000E+01, 0.1509698E-03,-0.1509698E-03, 0.0000000E+00, 0.1537245E-02, 0.8747545E-03, 0.2412000E-02, 0.0000000E+00, 0.0000000E+00, 0.0000000E+00,-0.7235208E-03,-0.7237847E-03,-0.1447306E-02, 0.1379004E+03, 0.3565054E+03, 0.0000000E+00, 0.3113686E+03, 0.9351833E-03, 0.9356007E-03
 0.7035000E+01, 0.1518621E-03,-0.1518621E-03, 0.0000000E+00, 0.1539360E-02, 0.8816398E-03, 0.2421000E-02, 0.0000000E+00, 0.0000000E+00, 0.0000000E+00,-0.7248095E-03,-0.7297777E-03,-0.1454587E-02, 0.1382444E+03, 0.3570421E+03, 0.0000000E+00, 0.3118197E+03, 0.9426652E-03, 0.9430893E-03
 0.7057500E+01, 0.1531950E-03,-0.1531950E-03, 0.0000000E+00, 0.1542516E-02, 0.8919843E-03, 0.2434500E-02, 0.0000000E+00, 0.0000000E+00, 0.0000000E+00,-0.7267331E-03,-0.7387893E-03,-0.1465522E-02, 0.1387579E+03, 0.3578431E+03, 0.0000000E+00, 0.3124930E+03, 0.9539093E-03, 0.9543438E-03
 0.7091250E+01, 0.1551819E-03,-0.1551819E-03, 0.0000000E+00, 0.1547212E-02, 0.9075381E-03, 0.2454750E-02, 0.0000000E+00, 0.0000000E+00, 0.0000000E+00,-0.7295975E-03,-0.7523563E-03,-0.1481954E-02, 0.1395229E+03, 0.3590354E+03, 0.0000000E+00, 0.3134954E+03, 0.9708233E-03, 0.9712737E-03
 0.7141875E+01, 0.1581347E-03,-0.1581347E-03, 0.0000000E+00, 0.1554174E-02, 0.9309507E-03, 0.2485125E-02, 0.0000000E+00, 0.0000000E+00, 0.0000000E+00,-0.7338476E-03,-0.7728160E-03,-0.1506664E-02, 0.1406587E+03, 0.3608038E+03, 0.0000000E+00, 0.3149826E+03, 0.9962999E-03, 0.9967749E-03
 0.7217812E+01, 0.1625031E-03,-0.1625031E-03, 0.0000000E+00, 0.1564438E-02, 0.9662490E-03, 0.2530687E-02, 0.0000000E+00, 0.0000000E+00, 0.0000000E+00,-0.7401218E-03,-0.8037459E-03,-0.1543868E-02, 0.1423369E+03, 0.3634130E+03, 0.0000000E+00, 0.3171777E+03, 0.1034747E-02, 0.1035260E-02
 0.7317812E+01, 0.1681546E-03,-0.1681546E-03, 0.0000000E+00, 0.1577638E-02, 0.1013050E-02, 0.2590687E-02, 0.0000000E+00, 0.0000000E+00, 0.0000000E+00,-0.7481968E-03,-0.8448950E-03,-0.1593092E-02, 0.1445016E+03, 0.3667662E+03, 0.0000000E+00, 0.3199998E+03, 0.1085785E-02, 0.1086351E-02
 0.7417812E+01, 0.1737112E-03,-0.1737112E-03, 0.0000000E+00, 0.1590488E-02, 0.1060199E-02, 0.2650687E-02, 0.0000000E+00, 0.0000000E+00, 0.0000000E+00,-0.7560855E-03,-0.8864879E-03,-0.1642573E-02, 0.1466218E+03, 0.3700366E+03, 0.0000000E+00, 0.3227532E+03, 0.1137265E-02, 0.1137887E-02
 0.7517812E+01, 0.1791731E-03,-0.1791731E-03, 0.0000000E+00, 0.1603008E-02, 0.1107680E-02, 0.2710688E-02, 0.0000000E+00, 0.0000000E+00, 0.0000000E+00,-0.7637918E-03,-0.9285064E-03,-0.1692298E-02, 0.1486983E+03, 0.3732261E+03, 0.0000000E+00, 0.3254395E+03, 0.1189168E-02, 0.1189847E-02
 0.7617812E+01, 0.1845405E-03,-0.1845405E-03, 0.0000000E+00, 0.1615214E-02, 0.1155473E-02, 0.2770688E-02, 0.0000000E+00, 0.0000000E+00, 0.0000000E+00,-0.7713235E-03,-0.9709328E-03,-0.1742256E-02, 0.1507324E+03, 0.3763386E+03, 0.0000000E+00, 0.3280619E+03, 0.1241473E-02, 0.1242212E-02
 0.7717812E+01, 0.1898140E-03,-0.1898140E-03, 0.0000000E+00, 0.1627124E-02, 0.1203564E-02, 0.2830687E-02, 0.0000000E+00, 0.0000000E+00, 0.0000000E+00,-0.7786875E-03,-0.1013750E-02,-0.1792437E-02, 0.1527252E+03, 0.3793779E+03, 0.0000000E+00, 0.3306237E+03, 0.1294162E-02, 0.1294962E-02
 0.7817812E+01, 0.1949944E-03,-0.1949944E-03, 0.0000000E+00, 0.1638752E-02, 0.1251936E-02, 0.2890687E-02, 0.0000000E+00, 0.0000000E+00, 0.0000000E+00,-0.7858911E-03,-0.1056941E-02,-0.1842833E-02, 0.1546781E+03, 0.3823475E+03, 0.0000000E+00, 0.3331278E+03, 0.1347217E-02, 0.1348079E-02
 0.7917812E+01, 0.2000825E-03,-0.2000825E-03, 0.0000000E+00, 0.1650113E-02, 0.1300574E-02, 0.2950688E-02, 0.0000000E+00, 0.0000000E+00, 0.0000000E+00,-0.7929410E-03,-0.1100492E-02,-0.1893433E-02, 0.1565922E+03, 0.3852509E+03, 0.0000000E+00, 0.3355772E+03, 0.1400621E-02, 0.1401547E-02
 0.8000000E+01, 0.2042041E-03,-0.2042041E-03, 0.0000000E+00, 0.1659259E-02, 0.1340741E-02, 0.3000000E-02, 0.0000000E+00, 0.0000000E+00, 0.0000000E+00,-0.7986272E-03,-0.1136536E-02,-0.1935164E-02, 0.1581388E+03, 0.3875898E+03, 0.0000000E+00, 0.3375511E+03, 0.1444761E-02, 0.1445740E-02
 0.8010000E+01, 0.2047057E-03,-0.2047057E-03, 0.0000000E+00, 0.1660360E-02, 0.1345640E-02, 0.3006000E-02, 0.0000000E+00, 0.0000000E+00, 0.0000000E+00,-0.7993138E-03,-0.1140934E-02,-0.1940248E-02, 0.1583261E+03, 0.3878716E+03, 0.0000000E+00, 0.3377889E+03, 0.1450146E-02, 0.1451131E-02
 0.8020000E+01, 0.2052062E-03,-0.2052062E-03, 0.0000000E+00, 0.1661458E-02, 0.1350542E-02, 0.3012000E-02, 0.0000000E+00, 0.0000000E+00, 0.0000000E+00,-0.7999990E-03,-0.1145336E-02,-0.1945335E-02, 0.1585131E+03, 0.3881528E+03, 0.0000000E+00, 0.3380262E+03, 0.1455534E-02, 0.1456526E-02
 0.8035000E+01, 0.2059549E-03,-0.2059549E-03, 0.0000000E+00, 0.1663101E-02, 0.1357899E-02, 0.3021000E-02, 0.0000000E+00, 0.0000000E+00, 0.0000000E+00,-0.8010239E-03,-0.1151944E-02,-0.1952968E-02, 0.1587928E+03, 0.3885735E+03, 0.0000000E+00, 0.3383812E+03, 0.1463622E-02, 0.1464623E-02
 0.8057500E+01, 0.2070728E-03,-0.2070728E-03, 0.0000000E+00, 0.1665556E-02, 0.1368945E-02, 0.3034500E-02, 0.0000000E+00, 0.0000000E+00, 0.0000000E+00,-0.8025550E-03,-0.1161872E-02,-0.1964427E-02, 0.1592105E+03, 0.3892021E+03, 0.0000000E+00, 0.3389117E+03, 0.1475767E-02, 0.1476784E-02
 0.8091250E+01, 0.2087385E-03,-0.2087385E-03, 0.0000000E+00, 0.1669216E-02, 0.1385534E-02, 0.3054750E-02, 0.0000000E+00, 0.0000000E+00, 0.0000000E+00,-0.8048377E-03,-0.1176796E-02,-0.1981633E-02, 0.1598332E+03, 0.3901393E+03, 0.0000000E+00, 0.3397030E+03, 0.1494016E-02, 0.1495054E-02
 0.8141875E+01, 0.2112123E-03,-0.2112123E-03, 0.0000000E+00, 0.1674659E-02, 0.1410466E-02, 0.3085125E-02, 0.0000000E+00, 0.0000000E+00, 0.0000000E+00,-0.8082314E-03,-0.1199254E-02,-0.2007485E-02, 0.1607584E+03, 0.3915331E+03, 0.0000000E+00, 0.3408800E+03, 0.1521455E-02, 0.1522527E-02
 0.8217813E+01, 0.2148692E-03,-0.2148692E-03, 0.0000000E+00, 0.1682718E-02, 0.1447969E-02, 0.3130688E-02, 0.0000000E+00, 0.0000000E+00, 0.0000000E+00,-0.8132564E-03,-0.1233100E-02,-0.2046356E-02, 0.1621274E+03, 0.3935978E+03, 0.0000000E+00, 0.3426245E+03, 0.1562758E-02, 0.1563881E-02
 0.8317813E+01, 0.2195948E-03,-0.2195948E-03, 0.0000000E+00, 0.1693147E-02, 0.1497540E-02, 0.3190688E-02, 0.0000000E+00, 0.0000000E+00, 0.0000000E+00,-0.8197466E-03,-0.1277945E-02,-0.2097692E-02, 0.1638961E+03, 0.3962640E+03, 0.0000000E+00, 0.3448782E+03, 0.1617404E-02, 0.1618597E-02
 0.8417813E+01, 0.2242350E-03,-0.2242350E-03, 0.0000000E+00, 0.1703371E-02, 0.1547316E-02, 0.3250687E-02, 0.0000000E+00, 0.0000000E+00, 0.0000000E+00,-0.8261169E-03,-0.1323081E-02,-0.2149198E-02, 0.1656324E+03, 0.3988808E+03, 0.0000000E+00, 0.3470914E+03, 0.1672326E-02, 0.1673591E-02
 0.8517812E+01, 0.2287911E-03,-0.2287911E-03, 0.0000000E+00, 0.1713400E-02, 0.1597287E-02, 0.3310687E-02, 0.0000000E+00, 0.0000000E+00, 0.0000000E+00,-0.8323678E-03,-0.1368496E-02,-0.2200864E-02, 0.1673366E+03, 0.4014481E+03, 0.0000000E+00, 0.3492637E+03, 0.1727513E-02, 0.1728850E-02
 0.8617812E+01, 0.2332648E-03,-0.2332648E-03, 0.0000000E+00, 0.1723245E-02, 0.1647443E-02, 0.3370688E-02, 0.0000000E+00, 0.0000000E+00, 0.0000000E+00,-0.8385039E-03,-0.1414178E-02,-0.2252682E-02, 0.1690097E+03, 0.4039680E+03, 0.0000000E+00, 0.3513971E+03, 0.1782953E-02, 0.1784363E-02
 0.8717812E+01, 0.2376575E-03,-0.2376575E-03, 0.0000000E+00, 0.1732912E-02, 0.1697776E-02, 0.3430688E-02, 0.0000000E+00, 0.0000000E+00, 0.0000000E+00,-0.8445297E-03,-0.1460118E-02,-0.2304648E-02, 0.1706526E+03, 0.4064427E+03, 0.0000000E+00, 0.3534933E+03, 0.1838635E-02, 0.1840119E-02
 0.8817812E+01, 0.2419710E-03,-0.2419710E-03, 0.0000000E+00, 0.1742411E-02, 0.1748277E-02, 0.3490688E-02, 0.0000000E+00, 0.0000000E+00, 0.0000000E+00,-0.8504493E-03,-0.1506306E-02,-0.2356755E-02, 0.1722663E+03, 0.4088741E+03, 0.0000000E+00, 0.3555537E+03, 0.1894550E-02, 0.1896109E-02
 0.8917812E+01, 0.2462068E-03,-0.2462068E-03, 0.0000000E+00, 0.1751748E-02, 0.1798939E-02, 0.3550688E-02, 0.0000000E+00, 0.0000000E+00, 0.0000000E+00,-0.8562665E-03,-0.1552732E-02,-0.2408999E-02, 0.1738515E+03, 0.4112639E+03, 0.0000000E+00, 0.3575800E+03, 0.1950688E-02, 0.1952323E-02
 0.9000000E+01, 0.2496373E-03,-0.2496373E-03, 0.0000000E+00, 0.1759305E-02, 0.1840695E-02, 0.3600000E-02, 0.0000000E+00, 0.0000000E+00, 0.0000000E+00,-0.8609754E-03,-0.1591057E-02,-0.2452033E-02, 0.1751351E+03, 0.4131981E+03, 0.0000000E+00, 0.3592207E+03, 0.1996987E-02, 0.1998684E-02
 0.9010000E+01, 0.2501930E-03,-0.2501930E-03, 0.0000000E+00, 0.1760521E-02, 0.1847479E-02, 0.3608000E-02, 0.0000000E+00, 0.0000000E+00, 0.0000000E+00,-0.8617345E-03,-0.1597286E-02,-0.2459021E-02, 0.1753424E+03, 0.4135095E+03, 0.0000000E+00, 0.3594848E+03, 0.2004511E-02, 0.2006218E-02
 0.9020000E+01, 0.2507474E-03,-0.2507474E-03, 0.0000000E+00, 0.1761734E-02, 0.1854266E-02, 0.3616000E-02, 0.0000000E+00, 0.0000000E+00, 0.0000000E+00,-0.8624918E-03,-0.1603519E-02,-0.2466011E-02, 0.1755493E+03, 0.4138202E+03, 0.0000000E+00, 0.3597483E+03, 0.2012039E-02, 0.2013756E-02
 0.9035000E+01, 0.2515758E-03,-0.2515758E-03, 0.0000000E+00, 0.1763548E-02, 0.1864452E-02, 0.3628000E-02, 0.0000000E+00, 0.0000000E+00, 0.0000000E+00,-0.8636245E-03,-0.1612876E-02,-0.2476501E-02, 0.1758585E+03, 0.4142849E+03, 0.0000000E+00, 0.3601426E+03, 0.2023337E-02, 0.2025069E-02
 0.9057500E+01, 0.2528111E-03,-0.2528111E-03, 0.0000000E+00, 0.1766259E-02, 0.1879741E-02, 0.3646000E-02, 0.0000000E+00, 0.0000000E+00, 0.0000000E+00,-0.8653160E-03,-0.1626930E-02,-0.2492246E-02, 0.1763200E+03, 0.4149792E+03, 0.0000000E+00, 0.3607317E+03, 0.2040301E-02, 0.2042055E-02
 0.9091250E+01, 0.2546484E-03,-0.2546484E-03, 0.0000000E+00, 0.1770302E-02, 0.1902698E-02, 0.3673000E-02, 0.0000000E+00, 0.0000000E+00, 0.0000000E+00,-0.8678367E-03,-0.1648049E-02,-0.2515886E-02, 0.1770072E+03, 0.4160145E+03, 0.0000000E+00, 0.3616103E+03, 0.2065780E-02, 0.2067569E-02
 0.9141875E+01, 0.2573697E-03,-0.2573697E-03, 0.0000000E+00, 0.1776315E-02, 0.1937185E-02, 0.3713500E-02, 0.0000000E+00, 0.0000000E+00, 0.0000000E+00,-0.8715824E-03,-0.1679815E-02,-0.2551398E-02, 0.1780270E+03, 0.4175543E+03, 0.0000000E+00, 0.3629177E+03, 0.2104076E-02, 0.2105916E-02
 0.9217813E+01, 0.2613768E-03,-0.2613768E-03, 0.0000000E+00, 0.1785221E-02, 0.1989029E-02, 0.3774250E-02, 0.0000000E+00, 0.0000000E+00, 0.0000000E+00,-0.8771134E-03,-0.1727652E-02,-0.2604765E-02, 0.1795311E+03, 0.4198297E+03, 0.0000000E+00, 0.3648505E+03, 0.2161687E-02, 0.2163606E-02
 0.9317813E+01, 0.2665303E-03,-0.2665303E-03, 0.0000000E+00, 0.1796746E-02, 0.2057504E-02, 0.3854250E-02, 0.0000000E+00, 0.0000000E+00, 0.0000000E+00,-0.8842613E-03,-0.1790974E-02,-0.2675235E-02, 0.1814710E+03, 0.4227742E+03, 0.0000000E+00, 0.3673534E+03, 0.2237848E-02, 0.2239874E-02
 0.9417813E+01, 0.2715666E-03,-0.2715666E-03, 0.0000000E+00, 0.1808045E-02, 0.2126205E-02, 0.3934250E-02, 0.0000000E+00, 0.0000000E+00, 0.0000000E+00,-0.8912622E-03,-0.1854638E-02,-0.2745900E-02, 0.1833692E+03, 0.4256600E+03, 0.0000000E+00, 0.3698077E+03, 0.2314329E-02, 0.2316460E-02
 0.9517812E+01, 0.2764894E-03,-0.2764894E-03, 0.0000000E+00, 0.1819128E-02, 0.2195121E-02, 0.4014250E-02, 0.0000000E+00, 0.0000000E+00, 0.0000000E+00,-0.8981219E-03,-0.1918632E-02,-0.2816754E-02, 0.1852272E+03, 0.4284895E+03, 0.0000000E+00, 0.3722156E+03, 0.2391116E-02, 0.2393354E-02
 0.9617812E+01, 0.2813020E-03,-0.2813020E-03, 0.0000000E+00, 0.1830005E-02, 0.2264245E-02, 0.4094250E-02, 0.0000000E+00, 0.0000000E+00, 0.0000000E+00,-0.9048458E-03,-0.1982943E-02,-0.2887789E-02, 0.1870464E+03, 0.4312650E+03, 0.0000000E+00, 0.3745788E+03, 0.2468198E-02, 0.2470543E-02
 0.9717812E+01, 0.2860078E-03,-0.2860078E-03, 0.0000000E+00, 0.1840683E-02, 0.2333567E-02, 0.4174250E-02, 0.0000000E+00, 0.0000000E+00, 0.0000000E+00,-0.9114390E-03,-0.2047559E-02,-0.2958998E-02, 0.1888281E+03, 0.4339885E+03, 0.0000000E+00, 0.3768990E+03, 0.2545563E-02, 0.2548015E-02
 0.9817812E+01, 0.2906103E-03,-0.2906103E-03, 0.0000000E+00, 0.1851170E-02, 0.2403080E-02, 0.4254250E-02, 0.0000000E+00, 0.0000000E+00, 0.0000000E+00,-0.9179058E-03,-0.2112470E-02,-0.3030376E-02, 0.1905737E+03, 0.4366619E+03, 0.0000000E+00, 0.3791777E+03, 0.2623201E-02, 0.2625761E-02
 0.9917812E+01, 0.2951129E-03,-0.2951129E-03, 0.0000000E+00, 0.1861472E-02, 0.2472778E-02, 0.4334250E-02, 0.0000000E+00, 0.0000000E+00, 0.0000000E+00,-0.9242506E-03,-0.2177665E-02,-0.3101916E-02, 0.1922842E+03, 0.4392870E+03, 0.0000000E+00, 0.3814162E+03, 0.2701104E-02, 0.2703772E-02
 0.1000000E+02, 0.2987480E-03,-0.2987480E-03, 0.0000000E+00, 0.1869803E-02, 0.2530197E-02, 0.4400000E-02, 0.0000000E+00, 0.0000000E+00, 0.0000000E+00,-0.9293791E-03,-0.2231449E-02,-0.3160828E-02, 0.1936662E+03, 0.4414095E+03, 0.0000000E+00, 0.3832269E+03, 0.2765322E-02, 0.2768077E-02
 0.1001000E+02, 0.2990795E-03,-0.2990795E-03, 0.0000000E+00, 0.1870557E-02, 0.2535443E-02, 0.4406000E-02, 0.0000000E+00, 0.0000000E+00, 0.0000000E+00,-0.9298441E-03,-0.2236364E-02,-0.3166208E-02, 0.1937918E+03, 0.4416017E+03, 0.0000000E+00, 0.3833908E+03, 0.2771190E-02, 0.2773953E-02
 0.1002000E+02, 0.2994105E-03,-0.2994105E-03, 0.0000000E+00, 0.1871309E-02, 0.2540691E-02, 0.4412000E-02, 0.0000000E+00, 0.0000000E+00, 0.0000000E+00,-0.9303085E-03,-0.2241280E-02,-0.3171589E-02, 0.1939172E+03, 0.4417935E+03, 0.0000000E+00, 0.3835545E+03, 0.2777060E-02, 0.2779831E-02
 0.1003500E+02, 0.2999056E-03,-0.2999056E-03, 0.0000000E+00, 0.1872436E-02, 0.2548564E-02, 0.4421000E-02, 0.0000000E+00, 0.0000000E+00, 0.0000000E+00,-0.9310037E-03,-0.2248658E-02,-0.3179662E-02, 0.1941049E+03, 0.4420809E+03, 0.0000000E+00, 0.3837997E+03, 0.2785867E-02, 0.2788650E-02
 0.1005750E+02, 0.3006454E-03,-0.3006454E-03, 0.0000000E+00, 0.1874123E-02, 0.2560377E-02, 0.4434500E-02, 0.0000000E+00, 0.0000000E+00, 0.0000000E+00,-0.9320437E-03,-0.2259732E-02,-0.3191775E-02, 0.1943856E+03, 0.4425110E+03, 0.0000000E+00, 0.3841666E+03, 0.2799083E-02, 0.2801884E-02
 0.1009125E+02, 0.3017485E-03,-0.3017485E-03, 0.0000000E+00, 0.1876645E-02, 0.2578105E-02, 0.4454750E-02, 0.0000000E+00, 0.0000000E+00, 0.0000000E+00,-0.9335973E-03,-0.2276357E-02,-0.3209954E-02, 0.1948045E+03, 0.4431536E+03, 0.0000000E+00, 0.3847150E+03, 0.2818922E-02, 0.2821749E-02
 0.1014188E+02, 0.3033891E-03,-0.3033891E-03, 0.0000000E+00, 0.1880407E-02, 0.2604718E-02, 0.4485125E-02, 0.0000000E+00, 0.0000000E+00, 0.0000000E+00,-0.9359138E-03,-0.2301329E-02,-0.3237243E-02, 0.1954285E+03, 0.4441126E+03, 0.0000000E+00, 0.3855334E+03, 0.2848709E-02, 0.2851576E-02
 0.1021781E+02, 0.3058191E-03,-0.3058191E-03, 0.0000000E+00, 0.1886007E-02, 0.2644681E-02, 0.4530687E-02, 0.0000000E+00, 0.0000000E+00, 0.0000000E+00,-0.9393593E-03,-0.2338862E-02,-0.3278221E-02, 0.1963550E+03, 0.4455405E+03, 0.0000000E+00, 0.3867525E+03, 0.2893456E-02, 0.2896384E-02
 0.1031781E+02, 0.3089675E-03,-0.3089675E-03, 0.0000000E+00, 0.1893301E-02, 0.2697386E-02, 0.4590688E-02, 0.0000000E+00, 0.0000000E+00, 0.0000000E+00,-0.9438295E-03,-0.2388419E-02,-0.3332248E-02, 0.1975564E+03, 0.4473937E+03, 0.0000000E+00, 0.3883352E+03, 0.2952501E-02, 0.2955509E-02
 0.1041781E+02, 0.3120665E-03,-0.3120665E-03, 0.0000000E+00, 0.1900504E-02, 0.2750183E-02, 0.4650687E-02, 0.0000000E+00, 0.0000000E+00, 0.0000000E+00,-0.9482446E-03,-0.2438117E-02,-0.3386361E-02, 0.1987414E+03, 0.4492258E+03, 0.0000000E+00, 0.3899003E+03, 0.3011678E-02, 0.3014766E-02
 0.1051781E+02, 0.3151174E-03,-0.3151174E-03, 0.0000000E+00, 0.1907618E-02, 0.2803070E-02, 0.4710688E-02, 0.0000000E+00, 0.0000000E+00, 0.0000000E+00,-0.9526007E-03,-0.2487952E-02,-0.3440553E-02, 0.1999094E+03, 0.4510345E+03, 0.0000000E+00, 0.3914458E+03, 0.3070983E-02, 0.3074151E-02
 0.1061781E+02, 0.3181213E-03,-0.3181213E-03, 0.0000000E+00, 0.1914643E-02, 0.2856045E-02, 0.4770688E-02, 0.0000000E+00, 0.0000000E+00, 0.0000000E+00,-0.9568990E-03,-0.2537923E-02,-0.3494822E-02, 0.2010609E+03, 0.4528201E+03, 0.0000000E+00, 0.3929721E+03, 0.3130415E-02, 0.3133663E-02
 0.1071781E+02, 0.3210796E-03,-0.3210796E-03, 0.0000000E+00, 0.1921582E-02, 0.2909106E-02, 0.4830688E-02, 0.0000000E+00, 0.0000000E+00, 0.0000000E+00,-0.9611405E-03,-0.2588026E-02,-0.3549167E-02, 0.2021962E+03, 0.4545831E+03, 0.0000000E+00, 0.3944796E+03, 0.3189971E-02, 0.3193298E-02
 0.1081781E+02, 0.3239932E-03,-0.3239932E-03, 0.0000000E+00, 0.1928435E-02, 0.2962252E-02, 0.4890688E-02, 0.0000000E+00, 0.0000000E+00, 0.0000000E+00,-0.9653264E-03,-0.2638259E-02,-0.3603585E-02, 0.2033158E+03, 0.4563239E+03, 0.0000000E+00, 0.3959684E+03, 0.3249648E-02, 0.3253055E-02
 0.1091781E+02, 0.3268633E-03,-0.3268633E-03, 0.0000000E+00, 0.1935205E-02, 0.3015482E-02, 0.4950688E-02, 0.0000000E+00, 0.0000000E+00, 0.0000000E+00,-0.9694579E-03,-0.2688619E-02,-0.3658077E-02, 0.2044199E+03, 0.4580430E+03, 0.0000000E+00, 0.3974391E+03, 0.3309446E-02, 0.3312931E-02
 0.1100000E+02, 0.3291936E-03,-0.3291936E-03, 0.0000000E+00, 0.1940707E-02, 0.3059293E-02, 0.5000000E-02, 0.0000000E+00, 0.0000000E+00, 0.0000000E+00,-0.9728143E-03,-0.2730100E-02,-0.3702914E-02, 0.2053166E+03, 0.4594398E+03, 0.0000000E+00, 0.3986342E+03, 0.3358679E-02, 0.3362230E-02
 0.1101000E+02, 0.3296182E-03,-0.3296182E-03, 0.0000000E+00, 0.1941704E-02, 0.3067296E-02, 0.5009000E-02, 0.0000000E+00, 0.0000000E+00, 0.0000000E+00,-0.9734238E-03,-0.2737678E-02,-0.3711102E-02, 0.2054797E+03, 0.4596932E+03, 0.0000000E+00, 0.3988510E+03, 0.3367673E-02, 0.3371235E-02
 0.1102000E+02, 0.3300418E-03,-0.3300418E-03, 0.0000000E+00, 0.1942700E-02, 0.3075300E-02, 0.5018000E-02, 0.0000000E+00, 0.0000000E+00, 0.0000000E+00,-0.9740320E-03,-0.2745259E-02,-0.3719291E-02, 0.2056424E+03, 0.4599461E+03, 0.0000000E+00, 0.3990674E+03, 0.3376669E-02, 0.3380243E-02
 0.1103500E+02, 0.3306749E-03,-0.3306749E-03, 0.0000000E+00, 0.1944190E-02, 0.3087310E-02, 0.5031500E-02, 0.0000000E+00, 0.0000000E+00, 0.0000000E+00,-0.9749421E-03,-0.2756635E-02,-0.3731577E-02, 0.2058858E+03, 0.4603247E+03, 0.0000000E+00, 0.3993914E+03, 0.3390169E-02, 0.3393760E-02
 0.1105750E+02, 0.3316197E-03,-0.3316197E-03, 0.0000000E+00, 0.1946418E-02, 0.3105332E-02, 0.5051750E-02, 0.0000000E+00, 0.0000000E+00, 0.0000000E+00,-0.9763020E-03,-0.2773713E-02,-0.3750015E-02, 0.2062492E+03, 0.4608905E+03, 0.0000000E+00, 0.3998756E+03, 0.3410429E-02, 0.3414047E-02
 0.1109125E+02, 0.3330258E-03,-0.3330258E-03, 0.0000000E+00, 0.1949743E-02, 0.3132382E-02, 0.5082125E-02, 0.0000000E+00, 0.0000000E+00, 0.0000000E+00,-0.9783307E-03,-0.2799356E-02,-0.3777687E-02, 0.2067908E+03, 0.4617352E+03, 0.0000000E+00, 0.4005986E+03, 0.3440845E-02, 0.3444502E-02
 0.1114188E+02, 0.3351114E-03,-0.3351114E-03, 0.0000000E+00, 0.1954694E-02, 0.3172994E-02, 0.5127687E-02, 0.0000000E+00, 0.0000000E+00, 0.0000000E+00,-0.9813508E-03,-0.2837882E-02,-0.3819233E-02, 0.2075959E+03, 0.4629938E+03, 0.0000000E+00, 0.4016761E+03, 0.3486523E-02, 0.3490239E-02
 0.1121781E+02, 0.3381881E-03,-0.3381881E-03, 0.0000000E+00, 0.1962038E-02, 0.3233993E-02, 0.5196031E-02, 0.0000000E+00, 0.0000000E+00, 0.0000000E+00,-0.9858112E-03,-0.2895805E-02,-0.3881616E-02, 0.2087845E+03, 0.4648532E+03, 0.0000000E+00, 0.4032683E+03, 0.3555162E-02, 0.3558968E-02
 0.1131781E+02, 0.3421550E-03,-0.3421550E-03, 0.0000000E+00, 0.1971558E-02, 0.3314473E-02, 0.5286031E-02, 0.0000000E+00, 0.0000000E+00, 0.0000000E+00,-0.9915915E-03,-0.2972318E-02,-0.3963909E-02, 0.2103216E+03, 0.4672660E+03, 0.0000000E+00, 0.4053351E+03, 0.3645771E-02, 0.3649694E-02
 0.1141781E+02, 0.3460410E-03,-0.3460410E-03, 0.0000000E+00, 0.1980907E-02, 0.3395124E-02, 0.5376031E-02, 0.0000000E+00, 0.0000000E+00, 0.0000000E+00,-0.9972635E-03,-0.3049083E-02,-0.4046347E-02, 0.2118288E+03, 0.4696346E+03, 0.0000000E+00, 0.4073646E+03, 0.3736622E-02, 0.3740662E-02
 0.1151781E+02, 0.3498487E-03,-0.3498487E-03, 0.0000000E+00, 0.1990087E-02, 0.3475944E-02, 0.5466031E-02, 0.0000000E+00, 0.0000000E+00, 0.0000000E+00,-0.1002830E-02,-0.3126095E-02,-0.4128925E-02, 0.2133070E+03, 0.4719600E+03, 0.0000000E+00, 0.4093577E+03, 0.3827710E-02, 0.3831866E-02
 0.1161781E+02, 0.3535803E-03,-0.3535803E-03, 0.0000000E+00, 0.1999103E-02, 0.3556929E-02, 0.5556031E-02, 0.0000000E+00, 0.0000000E+00, 0.0000000E+00,-0.1008293E-02,-0.3203348E-02,-0.4211641E-02, 0.2147569E+03, 0.4742431E+03, 0.0000000E+00, 0.4113151E+03, 0.3919031E-02, 0.3923300E-02
 0.1171781E+02, 0.3572382E-03,-0.3572382E-03, 0.0000000E+00, 0.2007956E-02, 0.3638075E-02, 0.5646031E-02, 0.0000000E+00, 0.0000000E+00, 0.0000000E+00,-0.1013655E-02,-0.3280837E-02,-0.4294492E-02, 0.2161793E+03, 0.4764848E+03, 0.0000000E+00, 0.4132374E+03, 0.4010578E-02, 0.4014961E-02
 0.1181781E+02, 0.3608247E-03,-0.3608247E-03, 0.0000000E+00, 0.2016651E-02, 0.3719380E-02, 0.5736031E-02, 0.0000000E+00, 0.0000000E+00, 0.0000000E+00,-0.1018918E-02,-0.3358555E-02,-0.4377474E-02, 0.2175748E+03, 0.4786859E+03, 0.0000000E+00, 0.4151253E+03, 0.4102347E-02, 0.4106844E-02
 0.1191781E+02, 0.3643419E-03,-0.3643419E-03, 0.0000000E+00, 0.2025190E-02, 0.3800841E-02, 0.5826031E-02, 0.0000000E+00, 0.0000000E+00, 0.0000000E+00,-0.1024085E-02,-0.3436499E-02,-0.4460584E-02, 0.2189443E+03, 0.4808473E+03, 0.0000000E+00, 0.4169795E+03, 0.4194335E-02, 0.4198943E-02
 0.1200000E+02, 0.3671870E-03,-0.3671870E-03, 0.0000000E+00, 0.2032092E-02, 0.3867908E-02, 0.5900000E-02, 0.0000000E+00, 0.0000000E+00, 0.0000000E+00,-0.1028262E-02,-0.3500721E-02,-0.4528983E-02, 0.2200517E+03, 0.4825944E+03, 0.0000000E+00, 0.4184786E+03, 0.4270096E-02, 0.4274796E-02
 0.1201000E+02, 0.3674944E-03,-0.3674944E-03, 0.0000000E+00, 0.2032832E-02, 0.3875168E-02, 0.5908000E-02, 0.0000000E+00, 0.0000000E+00, 0.0000000E+00,-0.1028711E-02,-0.3507674E-02,-0.4536385E-02, 0.2201709E+03, 0.4827818E+03, 0.0000000E+00, 0.4186394E+03, 0.4278298E-02, 0.4283008E-02
 0.1202000E+02, 0.3678012E-03,-0.3678012E-03, 0.0000000E+00, 0.2033570E-02, 0.3882430E-02, 0.5916000E-02, 0.0000000E+00, 0.0000000E+00, 0.0000000E+00,-0.1029159E-02,-0.3514628E-02,-0.4543788E-02, 0.2202899E+03, 0.4829689E+03, 0.0000000E+00, 0.4188000E+03, 0.4286502E-02, 0.4291221E-02
 0.1203500E+02, 0.3682602E-03,-0.3682602E-03, 0.0000000E+00, 0.2034676E-02, 0.3893324E-02, 0.5928000E-02, 0.0000000E+00, 0.0000000E+00, 0.0000000E+00,-0.1029830E-02,-0.3525064E-02,-0.4554894E-02, 0.2204680E+03, 0.4832490E+03, 0.0000000E+00, 0.4190403E+03, 0.4298811E-02, 0.4303545E-02
 0.1205750E+02, 0.3689458E-03,-0.3689458E-03, 0.0000000E+00, 0.2036330E-02, 0.3909670E-02, 0.5946000E-02, 0.0000000E+00, 0.0000000E+00, 0.0000000E+00,-0.1030832E-02,-0.3540725E-02,-0.4571557E-02, 0.2207343E+03, 0.4836679E+03, 0.0000000E+00, 0.4193998E+03, 0.4317281E-02, 0.4322037E-02
 0.1209125E+02, 0.3699679E-03,-0.3699679E-03, 0.0000000E+00, 0.2038799E-02, 0.3934201E-02, 0.5973000E-02, 0.0000000E+00, 0.0000000E+00, 0.0000000E+00,-0.1032330E-02,-0.3564233E-02,-0.4596563E-02, 0.2211315E+03, 0.4842937E+03, 0.0000000E+00, 0.4199368E+03, 0.4345002E-02, 0.4349791E-02
 0.1214188E+02, 0.3714874E-03,-0.3714874E-03, 0.0000000E+00, 0.2042479E-02, 0.3971021E-02, 0.6013500E-02, 0.0000000E+00, 0.0000000E+00, 0.0000000E+00,-0.1034561E-02,-0.3599533E-02,-0.4634094E-02, 0.2217230E+03, 0.4852271E+03, 0.0000000E+00, 0.4207379E+03, 0.4386620E-02, 0.4391456E-02
 0.1221781E+02, 0.3737369E-03,-0.3737369E-03, 0.0000000E+00, 0.2047946E-02, 0.4026304E-02, 0.6074250E-02, 0.0000000E+00, 0.0000000E+00, 0.0000000E+00,-0.1037864E-02,-0.3652567E-02,-0.4690431E-02, 0.2225986E+03, 0.4866085E+03, 0.0000000E+00, 0.4219237E+03, 0.4449124E-02, 0.4454034E-02
 0.1231781E+02, 0.3766497E-03,-0.3766497E-03, 0.0000000E+00, 0.2055045E-02, 0.4099205E-02, 0.6154250E-02, 0.0000000E+00, 0.0000000E+00, 0.0000000E+00,-0.1042155E-02,-0.3722555E-02,-0.4764710E-02, 0.2237346E+03, 0.4884046E+03, 0.0000000E+00, 0.4234658E+03, 0.4531575E-02, 0.4536582E-02
 0.1241781E+02, 0.3795151E-03,-0.3795151E-03, 0.0000000E+00, 0.2062031E-02, 0.4172218E-02, 0.6234250E-02, 0.0000000E+00, 0.0000000E+00, 0.0000000E+00,-0.1046377E-02,-0.3792704E-02,-0.4839081E-02, 0.2248522E+03, 0.4901721E+03, 0.0000000E+00, 0.4249834E+03, 0.4614184E-02, 0.4619287E-02
 0.1251781E+02, 0.3823340E-03,-0.3823340E-03, 0.0000000E+00, 0.2068906E-02, 0.4245344E-02, 0.6314250E-02, 0.0000000E+00, 0.0000000E+00, 0.0000000E+00,-0.1050532E-02,-0.3863010E-02,-0.4913541E-02, 0.2259519E+03, 0.4919113E+03, 0.0000000E+00, 0.4264771E+03, 0.4696947E-02, 0.4702145E-02
 0.1261781E+02, 0.3851078E-03,-0.3851078E-03, 0.0000000E+00, 0.2075671E-02, 0.4318579E-02, 0.6394250E-02, 0.0000000E+00, 0.0000000E+00, 0.0000000E+00,-0.1054620E-02,-0.3933471E-02,-0.4988090E-02, 0.2270339E+03, 0.4936228E+03, 0.0000000E+00, 0.4279472E+03, 0.4779862E-02, 0.4785154E-02
 0.1271781E+02, 0.3878374E-03,-0.3878374E-03, 0.0000000E+00, 0.2082329E-02, 0.4391921E-02, 0.6474250E-02, 0.0000000E+00, 0.0000000E+00, 0.0000000E+00,-0.1058643E-02,-0.4004084E-02,-0.5062726E-02, 0.2280988E+03, 0.4953071E+03, 0.0000000E+00, 0.4293940E+03, 0.4862926E-02, 0.4868311E-02
 0.1281781E+02, 0.3905239E-03,-0.3905239E-03, 0.0000000E+00, 0.2088881E-02, 0.4465370E-02, 0.6554250E-02, 0.0000000E+00, 0.0000000E+00, 0.0000000E+00,-0.1062602E-02,-0.4074845E-02,-0.5137447E-02, 0.2291467E+03, 0.4969645E+03, 0.0000000E+00, 0.4308180E+03, 0.4946136E-02, 0.4951615E-02
 0.1291781E+02, 0.3931683E-03,-0.3931683E-03, 0.0000000E+00, 0.2095328E-02, 0.4538922E-02, 0.6634250E-02, 0.0000000E+00, 0.0000000E+00, 0.0000000E+00,-0.1066498E-02,-0.4145754E-02,-0.5212252E-02, 0.2301782E+03, 0.4985956E+03, 0.0000000E+00, 0.4322196E+03, 0.5029491E-02, 0.5035061E-02
 0.1300000E+02, 0.3953137E-03,-0.3953137E-03, 0.0000000E+00, 0.2100549E-02, 0.4599451E-02, 0.6700000E-02, 0.0000000E+00, 0.0000000E+00, 0.0000000E+00,-0.1069655E-02,-0.4204137E-02,-0.5273793E-02, 0.2310144E+03, 0.4999168E+03, 0.0000000E+00, 0.4333549E+03, 0.5098104E-02, 0.5103749E-02
 0.1301000E+02, 0.3955745E-03,-0.3955745E-03, 0.0000000E+00, 0.2101179E-02, 0.4606821E-02, 0.6708000E-02, 0.0000000E+00, 0.0000000E+00, 0.0000000E+00,-0.1070037E-02,-0.4211247E-02,-0.5281284E-02, 0.2311157E+03, 0.5000764E+03, 0.0000000E+00, 0.4334920E+03, 0.5106458E-02, 0.5112112E-02
 0.1302000E+02, 0.3958348E-03,-0.3958348E-03, 0.0000000E+00, 0.2101808E-02, 0.4614192E-02, 0.6716000E-02, 0.0000000E+00, 0.0000000E+00, 0.0000000E+00,-0.1070418E-02,-0.4218357E-02,-0.5288776E-02, 0.2312168E+03, 0.5002357E+03, 0.0000000E+00, 0.4336289E+03, 0.5114814E-02, 0.5120477E-02
 0.1303500E+02, 0.3962243E-03,-0.3962243E-03, 0.0000000E+00, 0.2102750E-02, 0.4625250E-02, 0.6728000E-02, 0.0000000E+00, 0.0000000E+00, 0.0000000E+00,-0.1070989E-02,-0.4229026E-02,-0.5300015E-02, 0.2313683E+03, 0.5004742E+03, 0.0000000E+00, 0.4338339E+03, 0.5127351E-02, 0.5133027E-02
 0.1305750E+02, 0.3968064E-03,-0.3968064E-03, 0.0000000E+00, 0.2104159E-02, 0.4641842E-02, 0.6746000E-02, 0.0000000E+00, 0.0000000E+00, 0.0000000E+00,-0.1071842E-02,-0.4245035E-02,-0.5316877E-02, 0.2315946E+03, 0.5008310E+03, 0.0000000E+00, 0.4341405E+03, 0.5146162E-02, 0.5151859E-02
 0.1309125E+02, 0.3976747E-03,-0.3976747E-03, 0.0000000E+00, 0.2106262E-02, 0.4666738E-02, 0.6773000E-02, 0.0000000E+00, 0.0000000E+00, 0.0000000E+00,-0.1073117E-02,-0.4269063E-02,-0.5342180E-02, 0.2319325E+03, 0.5013639E+03, 0.0000000E+00, 0.4345985E+03, 0.5174391E-02, 0.5180118E-02
 0.1314188E+02, 0.3989666E-03,-0.3989666E-03, 0.0000000E+00, 0.2109397E-02, 0.4704103E-02, 0.6813500E-02, 0.0000000E+00, 0.0000000E+00, 0.0000000E+00,-0.1075017E-02,-0.4305136E-02,-0.5380153E-02, 0.2324359E+03, 0.5021591E+03, 0.0000000E+00, 0.4352820E+03, 0.5216765E-02, 0.5222537E-02
 0.1321781E+02, 0.4008812E-03,-0.4008812E-03, 0.0000000E+00, 0.2114054E-02, 0.4760196E-02, 0.6874250E-02, 0.0000000E+00, 0.0000000E+00, 0.0000000E+00,-0.1077829E-02,-0.4359315E-02,-0.5437144E-02, 0.2331813E+03, 0.5033354E+03, 0.0000000E+00, 0.4362931E+03, 0.5280392E-02, 0.5286232E-02
 0.1331781E+02, 0.4033640E-03,-0.4033640E-03, 0.0000000E+00, 0.2120101E-02, 0.4834149E-02, 0.6954250E-02, 0.0000000E+00, 0.0000000E+00, 0.0000000E+00,-0.1081485E-02,-0.4430785E-02,-0.5512270E-02, 0.2341493E+03, 0.5048655E+03, 0.0000000E+00, 0.4376085E+03, 0.5364299E-02, 0.5370228E-02
 0.1341781E+02, 0.4058097E-03,-0.4058097E-03, 0.0000000E+00, 0.2126052E-02, 0.4908198E-02, 0.7034250E-02, 0.0000000E+00, 0.0000000E+00, 0.0000000E+00,-0.1085084E-02,-0.4502388E-02,-0.5587472E-02, 0.2351024E+03, 0.5063715E+03, 0.0000000E+00, 0.4389032E+03, 0.5448338E-02, 0.5454355E-02
 0.1351781E+02, 0.4082188E-03,-0.4082188E-03, 0.0000000E+00, 0.2131909E-02, 0.4982341E-02, 0.7114250E-02, 0.0000000E+00, 0.0000000E+00, 0.0000000E+00,-0.1088626E-02,-0.4574122E-02,-0.5662748E-02, 0.2360410E+03, 0.5078536E+03, 0.0000000E+00, 0.4401777E+03, 0.5532507E-02, 0.5538613E-02
 0.1361781E+02, 0.4105922E-03,-0.4105922E-03, 0.0000000E+00, 0.2137673E-02, 0.5056577E-02, 0.7194250E-02, 0.0000000E+00, 0.0000000E+00, 0.0000000E+00,-0.1092114E-02,-0.4645985E-02,-0.5738099E-02, 0.2369651E+03, 0.5093125E+03, 0.0000000E+00, 0.4414322E+03, 0.5616804E-02, 0.5622996E-02
 0.1371781E+02, 0.4129306E-03,-0.4129306E-03, 0.0000000E+00, 0.2143345E-02, 0.5130905E-02, 0.7274250E-02, 0.0000000E+00, 0.0000000E+00, 0.0000000E+00,-0.1095547E-02,-0.4717974E-02,-0.5813521E-02, 0.2378753E+03, 0.5107484E+03, 0.0000000E+00, 0.4426671E+03, 0.5701227E-02, 0.5707505E-02
 0.1381781E+02, 0.4152346E-03,-0.4152346E-03, 0.0000000E+00, 0.2148928E-02, 0.5205322E-02, 0.7354250E-02, 0.0000000E+00, 0.0000000E+00, 0.0000000E+00,-0.1098927E-02,-0.4790087E-02,-0.5889014E-02, 0.2387716E+03, 0.5121617E+03, 0.0000000E+00, 0.4438826E+03, 0.5785772E-02, 0.5792135E-02
 0.1391781E+02, 0.4175050E-03,-0.4175050E-03, 0.0000000E+00, 0.2154422E-02, 0.5279828E-02, 0.7434250E-02, 0.0000000E+00, 0.0000000E+00, 0.0000000E+00,-0.1102254E-02,-0.4862322E-02,-0.5964577E-02, 0.2396544E+03, 0.5135529E+03, 0.0000000E+00, 0.4450793E+03, 0.5870439E-02, 0.5876887E-02
 0.1400000E+02, 0.4193485E-03,-0.4193485E-03, 0.0000000E+00, 0.2158872E-02, 0.5341128E-02, 0.7500000E-02, 0.0000000E+00, 0.0000000E+00, 0.0000000E+00,-0.1104952E-02,-0.4921779E-02,-0.6026731E-02, 0.2403704E+03, 0.5146799E+03, 0.0000000E+00, 0.4460488E+03, 0.5940113E-02, 0.5946630E-02
 0.1401000E+02, 0.4248715E-03,-0.4193715E-03, 0.5500013E-05, 0.2157426E-02, 0.5342074E-02, 0.7499500E-02, 0.3995355E-05, 0.4644700E-08, 0.4000000E-05,-0.1106700E-02,-0.4922702E-02,-0.6029402E-02, 0.2415170E+03, 0.5147278E+03, 0.3150195E+00, 0.4460493E+03, 0.5941191E-02, 0.5947710E-02
 0.1402000E+02, 0.4303897E-03,-0.4193897E-03, 0.1100000E-04, 0.2155948E-02, 0.5343052E-02, 0.7499000E-02, 0.7985735E-05, 0.1426488E-07, 0.8000000E-05,-0.1108431E-02,-0.4923663E-02,-0.6032094E-02, 0.2426602E+03, 0.5147677E+03, 0.6296467E+00, 0.4460463E+03, 0.5942309E-02, 0.5948829E-02
 0.1403500E+02, 0.4386547E-03,-0.4194047E-03, 0.1925000E-04, 0.2153672E-02, 0.5344579E-02, 0.7498250E-02, 0.1395941E-04, 0.4059438E-07, 0.1400000E-04,-0.1110999E-02,-0.4925174E-02,-0.6036173E-02, 0.2443685E+03, 0.5148141E+03, 0.1100655E+01, 0.4460368E+03, 0.5944059E-02, 0.5950583E-02
 0.1405750E+02, 0.4510217E-03,-0.4193967E-03, 0.3162501E-04, 0.2150127E-02, 0.5346999E-02, 0.7497125E-02, 0.2289058E-04, 0.1094219E-06, 0.2300000E-04,-0.1114783E-02,-0.4927602E-02,-0.6042384E-02, 0.2469154E+03, 0.5148528E+03, 0.1804874E+01, 0.4460105E+03, 0.5946850E-02, 0.5953382E-02
 0.1409125E+02, 0.4694929E-03,-0.4193053E-03, 0.5018752E-04, 0.2144521E-02, 0.5350917E-02, 0.7495438E-02, 0.3621287E-04, 0.2871325E-06, 0.3650000E-04,-0.1120292E-02,-0.4931611E-02,-0.6051903E-02, 0.2506968E+03, 0.5148358E+03, 0.2855245E+01, 0.4459390E+03, 0.5951409E-02, 0.5957961E-02
 0.1414188E+02, 0.4969865E-03,-0.4189553E-03, 0.7803124E-04, 0.2135490E-02, 0.5357417E-02, 0.7492906E-02, 0.5600119E-04, 0.7488123E-06, 0.5675000E-04,-0.1128204E-02,-0.4938461E-02,-0.6066665E-02, 0.2562800E+03, 0.5146594E+03, 0.4415478E+01, 0.4457749E+03, 0.5959074E-02, 0.5965681E-02
 0.1421781E+02, 0.5376370E-03,-0.4178402E-03, 0.1197969E-03, 0.2120633E-02, 0.5368476E-02, 0.7489109E-02, 0.8515859E-04, 0.1966417E-05, 0.8712500E-04,-0.1139259E-02,-0.4950636E-02,-0.6089894E-02, 0.2644336E+03, 0.5140599E+03, 0.6714428E+01, 0.4454024E+03, 0.5972377E-02, 0.5979160E-02
 0.1431781E+02, 0.5898854E-03,-0.4150885E-03, 0.1747969E-03, 0.2098928E-02, 0.5385181E-02, 0.7484109E-02, 0.1224434E-03, 0.4681608E-05, 0.1271250E-03,-0.1152349E-02,-0.4970092E-02,-0.6122441E-02, 0.2747370E+03, 0.5127015E+03, 0.9654201E+01, 0.4447075E+03, 0.5993013E-02, 0.6000277E-02
 0.1441781E+02, 0.6405389E-03,-0.4107420E-03, 0.2297969E-03, 0.2075118E-02, 0.5403992E-02, 0.7479110E-02, 0.1583766E-03, 0.8748386E-05, 0.1671250E-03,-0.1163853E-02,-0.4993250E-02,-0.6157103E-02, 0.2845388E+03, 0.5107609E+03, 0.1248741E+02, 0.4438193E+03, 0.6016888E-02, 0.6025005E-02
 0.1451781E+02, 0.6893948E-03,-0.4045979E-03, 0.2847969E-03, 0.2049622E-02, 0.5424487E-02, 0.7474109E-02, 0.1928225E-03, 0.1430252E-04, 0.2071250E-03,-0.1173865E-02,-0.5019890E-02,-0.6193755E-02, 0.2938219E+03, 0.5083193E+03, 0.1520335E+02, 0.4427843E+03, 0.6043628E-02, 0.6053088E-02
 0.1461781E+02, 0.7363237E-03,-0.3965269E-03, 0.3397969E-03, 0.2022851E-02, 0.5446258E-02, 0.7469109E-02, 0.2257068E-03, 0.2141819E-04, 0.2471250E-03,-0.1182505E-02,-0.5049731E-02,-0.6232236E-02, 0.3025847E+03, 0.5054603E+03, 0.1779619E+02, 0.4416483E+03, 0.6072834E-02, 0.6084232E-02
 0.1471781E+02, 0.7812623E-03,-0.3864654E-03, 0.3947969E-03, 0.1995184E-02, 0.5468925E-02, 0.7464109E-02, 0.2570084E-03, 0.3011661E-04, 0.2871250E-03,-0.1189907E-02,-0.5082460E-02,-0.6272367E-02, 0.3108386E+03, 0.5022648E+03, 0.2026424E+02, 0.4404534E+03, 0.6104116E-02, 0.6118134E-02
 0.1481781E+02, 0.8242011E-03,-0.3744042E-03, 0.4497969E-03, 0.1966952E-02, 0.5492158E-02, 0.7459109E-02, 0.2867473E-03, 0.4037769E-04, 0.3271250E-03,-0.1196211E-02,-0.5117754E-02,-0.6313964E-02, 0.3186038E+03, 0.4988068E+03, 0.2260909E+02, 0.4392361E+03, 0.6137111E-02, 0.6154498E-02
 0.1491781E+02, 0.8651718E-03,-0.3603749E-03, 0.5047969E-03, 0.1938433E-02, 0.5515676E-02, 0.7454109E-02, 0.3149731E-03, 0.5215195E-04, 0.3671250E-03,-0.1201548E-02,-0.5155301E-02,-0.6356849E-02, 0.3259064E+03, 0.4951514E+03, 0.2483465E+02, 0.4380264E+03, 0.6171496E-02, 0.6193047E-02
 0.1500000E+02, 0.8974937E-03,-0.3474937E-03, 0.5500000E-03, 0.1914869E-02, 0.5535131E-02, 0.7450000E-02, 0.3371433E-03, 0.6285673E-04, 0.4000000E-03,-0.1205300E-02,-0.5187638E-02,-0.6392938E-02, 0.3315947E+03, 0.4920269E+03, 0.2658259E+02, 0.4370491E+03, 0.6200645E-02, 0.6226187E-02
 0.1501000E+02, 0.8993853E-03,-0.3468852E-03, 0.5525000E-03, 0.1913356E-02, 0.5536044E-02, 0.7449400E-02, 0.3386376E-03, 0.6336238E-04, 0.4020000E-03,-0.1205462E-02,-0.5189159E-02,-0.6394621E-02, 0.3319186E+03, 0.4918139E+03, 0.2670042E+02, 0.4369753E+03, 0.6202016E-02, 0.6227746E-02
 0.1502000E+02, 0.9012723E-03,-0.3462723E-03, 0.5550000E-03, 0.1911842E-02, 0.5536958E-02, 0.7448800E-02, 0.3401283E-03, 0.6387172E-04, 0.4040000E-03,-0.1205622E-02,-0.5190685E-02,-0.6396308E-02, 0.3322415E+03, 0.4916005E+03, 0.2681795E+02, 0.4369016E+03, 0.6203389E-02, 0.6229310E-02
 0.1503500E+02, 0.9040938E-03,-0.3453438E-03, 0.5587500E-03, 0.1909572E-02, 0.5538328E-02, 0.7447900E-02, 0.3423566E-03, 0.6464340E-04, 0.4070000E-03,-0.1205861E-02,-0.5192984E-02,-0.6398845E-02, 0.3327245E+03, 0.4912805E+03, 0.2699383E+02, 0.4367918E+03, 0.6205455E-02, 0.6231665E-02
 0.1505750E+02, 0.9083055E-03,-0.3439305E-03, 0.5643750E-03, 0.1906166E-02, 0.5540384E-02, 0.7446550E-02, 0.3456820E-03, 0.6581802E-04, 0.4115000E-03,-0.1206202E-02,-0.5196453E-02,-0.6402655E-02, 0.3334416E+03, 0.4907966E+03, 0.2725569E+02, 0.4366248E+03, 0.6208566E-02, 0.6235219E-02
 0.1509125E+02, 0.9145770E-03,-0.3417645E-03, 0.5728125E-03, 0.1901059E-02, 0.5543466E-02, 0.7444525E-02, 0.3506317E-03, 0.6761828E-04, 0.4182500E-03,-0.1206701E-02,-0.5201702E-02,-0.6408403E-02, 0.3345092E+03, 0.4900698E+03, 0.2764596E+02, 0.4363769E+03, 0.6213255E-02, 0.6240596E-02
 0.1514188E+02, 0.9238813E-03,-0.3384126E-03, 0.5854687E-03, 0.1893400E-02, 0.5548087E-02, 0.7441488E-02, 0.3579709E-03, 0.7040406E-04, 0.4283750E-03,-0.1207406E-02,-0.5209675E-02,-0.6417081E-02, 0.3360877E+03, 0.4889733E+03, 0.2822463E+02, 0.4360067E+03, 0.6220342E-02, 0.6248762E-02
 0.1521781E+02, 0.9376096E-03,-0.3331565E-03, 0.6044531E-03, 0.1881927E-02, 0.5555004E-02, 0.7436931E-02, 0.3687906E-03, 0.7477185E-04, 0.4435625E-03,-0.1208373E-02,-0.5221848E-02,-0.6430221E-02, 0.3384049E+03, 0.4873165E+03, 0.2907773E+02, 0.4354555E+03, 0.6231081E-02, 0.6261231E-02
 0.1531781E+02, 0.9552908E-03,-0.3258377E-03, 0.6294531E-03, 0.1866846E-02, 0.5564085E-02, 0.7430931E-02, 0.3827108E-03, 0.8085171E-04, 0.4635625E-03,-0.1209487E-02,-0.5238247E-02,-0.6447735E-02, 0.3413689E+03, 0.4851142E+03, 0.3017529E+02, 0.4347381E+03, 0.6245410E-02, 0.6278032E-02
 0.1541781E+02, 0.9725610E-03,-0.3181079E-03, 0.6544531E-03, 0.1851786E-02, 0.5573145E-02, 0.7424931E-02, 0.3962925E-03, 0.8727000E-04, 0.4835625E-03,-0.1210435E-02,-0.5255037E-02,-0.6465472E-02, 0.3442417E+03, 0.4828887E+03, 0.3124615E+02, 0.4340304E+03, 0.6259945E-02, 0.6295243E-02
 0.1551781E+02, 0.9894294E-03,-0.3099763E-03, 0.6794531E-03, 0.1836765E-02, 0.5582166E-02, 0.7418931E-02, 0.4095446E-03, 0.9401794E-04, 0.5035625E-03,-0.1211226E-02,-0.5272190E-02,-0.6483416E-02, 0.3470266E+03, 0.4806449E+03, 0.3229103E+02, 0.4333342E+03, 0.6274662E-02, 0.6312840E-02
 0.1561781E+02, 0.1005906E-02,-0.3014528E-03, 0.7044532E-03, 0.1821800E-02, 0.5591131E-02, 0.7412931E-02, 0.4224762E-03, 0.1010863E-03, 0.5235625E-03,-0.1211874E-02,-0.5289678E-02,-0.6501552E-02, 0.3497269E+03, 0.4783871E+03, 0.3331064E+02, 0.4326513E+03, 0.6289538E-02, 0.6330801E-02
 0.1571781E+02, 0.1022001E-02,-0.2925476E-03, 0.7294531E-03, 0.1806905E-02, 0.5600026E-02, 0.7406931E-02, 0.4350966E-03, 0.1084659E-03, 0.5435625E-03,-0.1212389E-02,-0.5307478E-02,-0.6519867E-02, 0.3523460E+03, 0.4761194E+03, 0.3430571E+02, 0.4319830E+03, 0.6304553E-02, 0.6349104E-02
 0.1581781E+02, 0.1037724E-02,-0.2832709E-03, 0.7544531E-03, 0.1792094E-02, 0.5608837E-02, 0.7400931E-02, 0.4474155E-03, 0.1161470E-03, 0.5635625E-03,-0.1212779E-02,-0.5325567E-02,-0.6538346E-02, 0.3548871E+03, 0.4738454E+03, 0.3527701E+02, 0.4313306E+03, 0.6319689E-02, 0.6367730E-02
 0.1591781E+02, 0.1053086E-02,-0.2736331E-03, 0.7794532E-03, 0.1777377E-02, 0.5617555E-02, 0.7394932E-02, 0.4594422E-03, 0.1241203E-03, 0.5835625E-03,-0.1213056E-02,-0.5343921E-02,-0.6556977E-02, 0.3573532E+03, 0.4715682E+03, 0.3622527E+02, 0.4306951E+03, 0.6334929E-02, 0.6386660E-02
 0.1600000E+02, 0.1065463E-02,-0.2654627E-03, 0.8000000E-03, 0.1765341E-02, 0.5624659E-02, 0.7390000E-02, 0.4691253E-03, 0.1308747E-03, 0.6000000E-03,-0.1213202E-02,-0.5359196E-02,-0.6572398E-02, 0.3593279E+03, 0.4696933E+03, 0.3698874E+02, 0.4301848E+03, 0.6347535E-02, 0.6402437E-02
 0.1601000E+02, 0.1066813E-02,-0.2648129E-03, 0.8020000E-03, 0.1763879E-02, 0.5625221E-02, 0.7389100E-02, 0.4702881E-03, 0.1314119E-03, 0.6017000E-03,-0.1213155E-02,-0.5360408E-02,-0.6573563E-02, 0.3595337E+03, 0.4694555E+03, 0.3708053E+02, 0.4301079E+03, 0.6348535E-02, 0.6403689E-02
 0.1602000E+02, 0.1068160E-02,-0.2641602E-03, 0.8040000E-03, 0.1762417E-02, 0.5625783E-02, 0.7388200E-02, 0.4714484E-03, 0.1319516E-03, 0.6034000E-03,-0.1213106E-02,-0.5361622E-02,-0.6574728E-02, 0.3597384E+03, 0.4692173E+03, 0.3717202E+02, 0.4300307E+03, 0.6349536E-02, 0.6404944E-02
 0.1603500E+02, 0.1070175E-02,-0.2631752E-03, 0.8070000E-03, 0.1760226E-02, 0.5626624E-02, 0.7386850E-02, 0.4731838E-03, 0.1327662E-03, 0.6059500E-03,-0.1213032E-02,-0.5363449E-02,-0.6576480E-02, 0.3600449E+03, 0.4688602E+03, 0.3730901E+02, 0.4299155E+03, 0.6351039E-02, 0.6406832E-02
 0.1605750E+02, 0.1073184E-02,-0.2616843E-03, 0.8115000E-03, 0.1756942E-02, 0.5627883E-02, 0.7384825E-02, 0.4757755E-03, 0.1339996E-03, 0.6097750E-03,-0.1212918E-02,-0.5366199E-02,-0.6579116E-02, 0.3605023E+03, 0.4683246E+03, 0.3751371E+02, 0.4297436E+03, 0.6353299E-02, 0.6409675E-02
 0.1609125E+02, 0.1077668E-02,-0.2594181E-03, 0.8182500E-03, 0.1752023E-02, 0.5629764E-02, 0.7381787E-02, 0.4796377E-03, 0.1358748E-03, 0.6155125E-03,-0.1212725E-02,-0.5370346E-02,-0.6583071E-02, 0.3611774E+03, 0.4675180E+03, 0.3781759E+02, 0.4294831E+03, 0.6356697E-02, 0.6413967E-02
 0.1614188E+02, 0.1084327E-02,-0.2559524E-03, 0.8283751E-03, 0.1744662E-02, 0.5632569E-02, 0.7377231E-02, 0.4853747E-03, 0.1387441E-03, 0.6241188E-03,-0.1212424E-02,-0.5376616E-02,-0.6589041E-02, 0.3621801E+03, 0.4663098E+03, 0.3826993E+02, 0.4290977E+03, 0.6361812E-02, 0.6420464E-02
 0.1621781E+02, 0.1094169E-02,-0.2506068E-03, 0.8435624E-03, 0.1733661E-02, 0.5636736E-02, 0.7370397E-02, 0.4938555E-03, 0.1431726E-03, 0.6370281E-03,-0.1211927E-02,-0.5386129E-02,-0.6598057E-02, 0.3636537E+03, 0.4644965E+03, 0.3893861E+02, 0.4285251E+03, 0.6369523E-02, 0.6430338E-02
 0.1631781E+02, 0.1106874E-02,-0.2433110E-03, 0.8635625E-03, 0.1719244E-02, 0.5642153E-02, 0.7361397E-02, 0.5048068E-03, 0.1492213E-03, 0.6540281E-03,-0.1211193E-02,-0.5398843E-02,-0.6610036E-02, 0.3655413E+03, 0.4621073E+03, 0.3980208E+02, 0.4277814E+03, 0.6379745E-02, 0.6443567E-02
 0.1641781E+02, 0.1119310E-02,-0.2357477E-03, 0.8835625E-03, 0.1704892E-02, 0.5647505E-02, 0.7352397E-02, 0.5155323E-03, 0.1554958E-03, 0.6710281E-03,-0.1210372E-02,-0.5411758E-02,-0.6622130E-02, 0.3673730E+03, 0.4597147E+03, 0.4064775E+02, 0.4270486E+03, 0.6390050E-02, 0.6457041E-02
 0.1651781E+02, 0.1131486E-02,-0.2279239E-03, 0.9035625E-03, 0.1690612E-02, 0.5652784E-02, 0.7343397E-02, 0.5260382E-03, 0.1619899E-03, 0.6880281E-03,-0.1209471E-02,-0.5424860E-02,-0.6634331E-02, 0.3691510E+03, 0.4573208E+03, 0.4147610E+02, 0.4263275E+03, 0.6400425E-02, 0.6470749E-02
 0.1661781E+02, 0.1143409E-02,-0.2198464E-03, 0.9235625E-03, 0.1676413E-02, 0.5657984E-02, 0.7334397E-02, 0.5363306E-03, 0.1686975E-03, 0.7050281E-03,-0.1208495E-02,-0.5438138E-02,-0.6646633E-02, 0.3708772E+03, 0.4549277E+03, 0.4228762E+02, 0.4256190E+03, 0.6410860E-02, 0.6484678E-02
 0.1671781E+02, 0.1155085E-02,-0.2115222E-03, 0.9435625E-03, 0.1662298E-02, 0.5663099E-02, 0.7325397E-02, 0.5464156E-03, 0.1756125E-03, 0.7220281E-03,-0.1207450E-02,-0.5451576E-02,-0.6659026E-02, 0.3725536E+03, 0.4525372E+03, 0.4308278E+02, 0.4249236E+03, 0.6421347E-02, 0.6498820E-02
 0.1681781E+02, 0.1166521E-02,-0.2029581E-03, 0.9635625E-03, 0.1648274E-02, 0.5668123E-02, 0.7316397E-02, 0.5562991E-03, 0.1827290E-03, 0.7390282E-03,-0.1206341E-02,-0.5465165E-02,-0.6671505E-02, 0.3741820E+03, 0.4501508E+03, 0.4386205E+02, 0.4242419E+03, 0.6431875E-02, 0.6513162E-02
 0.1691781E+02, 0.1177723E-02,-0.1941606E-03, 0.9835625E-03, 0.1634345E-02, 0.5673052E-02, 0.7307397E-02, 0.5659870E-03, 0.1900411E-03, 0.7560281E-03,-0.1205172E-02,-0.5478891E-02,-0.6684063E-02, 0.3757643E+03, 0.4477701E+03, 0.4462591E+02, 0.4235744E+03, 0.6442438E-02, 0.6527695E-02
 0.1700000E+02, 0.1186767E-02,-0.1867675E-03, 0.1000000E-02, 0.1622960E-02, 0.5677041E-02, 0.7300000E-02, 0.5738131E-03, 0.1961869E-03, 0.7700000E-03,-0.1204169E-02,-0.5490273E-02,-0.6694442E-02, 0.3770323E+03, 0.4458164E+03, 0.4524296E+02, 0.4230357E+03, 0.6451150E-02, 0.6539778E-02
 0.1701000E+02, 0.1188592E-02,-0.1853916E-03, 0.1003200E-02, 0.1620723E-02, 0.5677777E-02, 0.7298500E-02, 0.5749703E-03, 0.1973297E-03, 0.7723000E-03,-0.1203996E-02,-0.5492385E-02,-0.6696381E-02, 0.3772938E+03, 0.4454366E+03, 0.4533468E+02, 0.4229298E+03, 0.6452766E-02, 0.6542022E-02
 0.1702000E+02, 0.1190410E-02,-0.1840098E-03, 0.1006400E-02, 0.1618489E-02, 0.5678511E-02, 0.7297000E-02, 0.5761236E-03, 0.1984764E-03, 0.7746000E-03,-0.1203817E-02,-0.5494501E-02,-0.6698319E-02, 0.3775524E+03, 0.4450562E+03, 0.4542562E+02, 0.4228229E+03, 0.6454383E-02, 0.6544271E-02
 0.1703500E+02, 0.1193125E-02,-0.1819252E-03, 0.1011200E-02, 0.1615144E-02, 0.5679606E-02, 0.7294750E-02, 0.5778457E-03, 0.2002043E-03, 0.7780500E-03,-0.1203544E-02,-0.5497681E-02,-0.6701225E-02, 0.3779363E+03, 0.4444854E+03, 0.4556091E+02, 0.4226622E+03, 0.6456808E-02, 0.6547651E-02
 0.1705750E+02, 0.1197172E-02,-0.1787715E-03, 0.1018400E-02, 0.1610141E-02, 0.5681233E-02, 0.7291375E-02, 0.5804116E-03, 0.2028134E-03, 0.7832250E-03,-0.1203134E-02,-0.5502462E-02,-0.6705596E-02, 0.3785097E+03, 0.4436319E+03, 0.4576323E+02, 0.4224248E+03, 0.6460445E-02, 0.6552741E-02
 0.1709125E+02, 0.1203182E-02,-0.1739817E-03, 0.1029200E-02, 0.1602670E-02, 0.5683643E-02, 0.7286313E-02, 0.5842221E-03, 0.2067654E-03, 0.7909875E-03,-0.1202508E-02,-0.5509661E-02,-0.6712169E-02, 0.3793587E+03, 0.4423549E+03, 0.4606367E+02, 0.4220727E+03, 0.6465900E-02, 0.6560417E-02
 0.1714188E+02, 0.1212066E-02,-0.1666662E-03, 0.1045400E-02, 0.1591536E-02, 0.5687182E-02, 0.7278719E-02, 0.5898537E-03, 0.2127775E-03, 0.8026312E-03,-0.1201544E-02,-0.5520516E-02,-0.6722060E-02, 0.3806078E+03, 0.4404473E+03, 0.4650771E+02, 0.4215535E+03, 0.6474079E-02, 0.6572020E-02
 0.1721781E+02, 0.1225107E-02,-0.1554074E-03, 0.1069700E-02, 0.1575003E-02, 0.5692325E-02, 0.7267328E-02, 0.5981187E-03, 0.2219782E-03, 0.8200969E-03,-0.1200048E-02,-0.5536918E-02,-0.6736965E-02, 0.3824283E+03, 0.4376042E+03, 0.4715939E+02, 0.4207952E+03, 0.6486335E-02, 0.6589619E-02
 0.1731781E+02, 0.1241792E-02,-0.1400925E-03, 0.1101700E-02, 0.1553517E-02, 0.5698811E-02, 0.7252328E-02, 0.6086911E-03, 0.2344058E-03, 0.8430969E-03,-0.1197990E-02,-0.5558718E-02,-0.6756709E-02, 0.3847352E+03, 0.4338916E+03, 0.4799303E+02, 0.4198330E+03, 0.6502456E-02, 0.6613129E-02
 0.1741781E+02, 0.1257977E-02,-0.1242774E-03, 0.1133700E-02, 0.1532309E-02, 0.5705019E-02, 0.7237328E-02, 0.6189425E-03, 0.2471544E-03, 0.8660969E-03,-0.1195838E-02,-0.5580742E-02,-0.6776579E-02, 0.3869480E+03, 0.4302077E+03, 0.4880132E+02, 0.4189082E+03, 0.6518585E-02, 0.6637003E-02
 0.1751781E+02, 0.1273684E-02,-0.1079836E-03, 0.1165700E-02, 0.1511382E-02, 0.5710946E-02, 0.7222328E-02, 0.6288898E-03, 0.2602071E-03, 0.8890968E-03,-0.1193600E-02,-0.5602962E-02,-0.6796563E-02, 0.3890719E+03, 0.4265549E+03, 0.4958563E+02, 0.4180212E+03, 0.6534708E-02, 0.6661218E-02
 0.1761781E+02, 0.1288931E-02,-0.9123149E-04, 0.1197700E-02, 0.1490741E-02, 0.5716587E-02, 0.7207328E-02, 0.6385489E-03, 0.2735480E-03, 0.9120969E-03,-0.1191289E-02,-0.5625356E-02,-0.6816644E-02, 0.3911119E+03, 0.4229355E+03, 0.5034723E+02, 0.4171719E+03, 0.6550813E-02, 0.6685752E-02
 0.1771781E+02, 0.1303740E-02,-0.7404043E-04, 0.1229700E-02, 0.1470387E-02, 0.5721941E-02, 0.7192328E-02, 0.6479347E-03, 0.2871622E-03, 0.9350969E-03,-0.1188912E-02,-0.5647901E-02,-0.6836813E-02, 0.3930724E+03, 0.4193511E+03, 0.5108726E+02, 0.4163600E+03, 0.6566892E-02, 0.6710587E-02
 0.1781781E+02, 0.1318129E-02,-0.5642890E-04, 0.1261700E-02, 0.1450321E-02, 0.5727008E-02, 0.7177328E-02, 0.6570609E-03, 0.3010360E-03, 0.9580969E-03,-0.1186479E-02,-0.5670579E-02,-0.6857058E-02, 0.3949577E+03, 0.4158030E+03, 0.5180683E+02, 0.4155851E+03, 0.6582936E-02, 0.6735705E-02
 0.1791781E+02, 0.1332114E-02,-0.3841447E-04, 0.1293700E-02, 0.1430542E-02, 0.5731787E-02, 0.7162328E-02, 0.6659403E-03, 0.3151566E-03, 0.9810969E-03,-0.1183996E-02,-0.5693372E-02,-0.6877369E-02, 0.3967716E+03, 0.4122925E+03, 0.5250695E+02, 0.4148467E+03, 0.6598939E-02, 0.6761090E-02
 0.1800000E+02, 0.1343331E-02,-0.2333081E-04, 0.1320000E-02, 0.1414476E-02, 0.5735524E-02, 0.7150000E-02, 0.6730664E-03, 0.3269336E-03, 0.1000000E-02,-0.1181917E-02,-0.5712193E-02,-0.6894111E-02, 0.3982124E+03, 0.4094312E+03, 0.5306875E+02, 0.4142648E+03, 0.6612079E-02, 0.6782147E-02
 0.1801000E+02, 0.1344575E-02,-0.2177522E-04, 0.1322800E-02, 0.1412594E-02, 0.5735906E-02, 0.7148500E-02, 0.6738524E-03, 0.3281476E-03, 0.1002000E-02,-0.1181647E-02,-0.5714131E-02,-0.6895778E-02, 0.3983671E+03, 0.4090918E+03, 0.5313116E+02, 0.4141890E+03, 0.6613432E-02, 0.6784316E-02
 0.1802000E+02, 0.1345816E-02,-0.2021623E-04, 0.1325600E-02, 0.1410714E-02, 0.5736286E-02, 0.7147000E-02, 0.6746363E-03, 0.3293637E-03, 0.1004000E-02,-0.1181373E-02,-0.5716070E-02,-0.6897443E-02, 0.3985197E+03, 0.4087522E+03, 0.5319297E+02, 0.4141123E+03, 0.6614785E-02, 0.6786487E-02
 0.1803500E+02, 0.1347671E-02,-0.1787088E-04, 0.1329800E-02, 0.1407900E-02, 0.5736850E-02, 0.7144750E-02, 0.6758082E-03, 0.3311918E-03, 0.1007000E-02,-0.1180959E-02,-0.5718979E-02,-0.6899938E-02, 0.3987455E+03, 0.4082432E+03, 0.5328487E+02, 0.4139966E+03, 0.6616813E-02, 0.6789748E-02
 0.1805750E+02, 0.1350438E-02,-0.1433748E-04, 0.1336100E-02, 0.1403693E-02, 0.5737682E-02, 0.7141375E-02, 0.6775567E-03, 0.3339432E-03, 0.1011500E-02,-0.1180341E-02,-0.5723345E-02,-0.6903686E-02, 0.3990844E+03, 0.4074823E+03, 0.5342274E+02, 0.4138264E+03, 0.6619851E-02, 0.6794649E-02
 0.1809125E+02, 0.1354553E-02,-0.9003274E-05, 0.1345550E-02, 0.1397410E-02, 0.5738902E-02, 0.7136312E-02, 0.6801595E-03, 0.3380905E-03, 0.1018250E-02,-0.1179413E-02,-0.5729899E-02,-0.6909312E-02, 0.3995870E+03, 0.4063452E+03, 0.5362796E+02, 0.4135744E+03, 0.6624398E-02, 0.6802020E-02
 0.1814188E+02, 0.1360652E-02,-0.9266456E-06, 0.1359725E-02, 0.1388051E-02, 0.5740668E-02, 0.7128719E-02, 0.6840192E-03, 0.3443559E-03, 0.1028375E-02,-0.1178015E-02,-0.5739741E-02,-0.6917757E-02, 0.4003282E+03, 0.4046489E+03, 0.5393229E+02, 0.4132035E+03, 0.6631199E-02, 0.6813121E-02
 0.1821781E+02, 0.1369634E-02, 0.1135307E-04, 0.1380987E-02, 0.1374155E-02, 0.5743173E-02, 0.7117328E-02, 0.6897118E-03, 0.3538507E-03, 0.1043563E-02,-0.1175910E-02,-0.5754526E-02,-0.6930436E-02, 0.4014128E+03, 0.4021256E+03, 0.5438114E+02, 0.4126631E+03, 0.6641353E-02, 0.6829869E-02
 0.1831781E+02, 0.1381180E-02, 0.2780739E-04, 0.1408988E-02, 0.1356099E-02, 0.5746229E-02, 0.7102328E-02, 0.6970409E-03, 0.3665216E-03, 0.1063563E-02,-0.1173120E-02,-0.5774036E-02,-0.6947156E-02, 0.4027937E+03, 0.3988385E+03, 0.5495906E+02, 0.4119791E+03, 0.6654651E-02, 0.6852095E-02
 0.1841781E+02, 0.1392433E-02, 0.4455492E-04, 0.1436988E-02, 0.1338282E-02, 0.5749047E-02, 0.7087328E-02, 0.7041943E-03, 0.3793682E-03, 0.1083563E-02,-0.1170306E-02,-0.5793601E-02,-0.6963908E-02, 0.4041244E+03, 0.3955850E+03, 0.5552309E+02, 0.4113234E+03, 0.6667898E-02, 0.6874511E-02
 0.1851781E+02, 0.1403403E-02, 0.6158436E-04, 0.1464987E-02, 0.1320699E-02, 0.5751629E-02, 0.7072328E-02, 0.7111799E-03, 0.3923826E-03, 0.1103562E-02,-0.1167473E-02,-0.5813214E-02,-0.6980686E-02, 0.4054076E+03, 0.3923655E+03, 0.5607388E+02, 0.4106956E+03, 0.6681091E-02, 0.6897109E-02
 0.1861781E+02, 0.1414103E-02, 0.7888495E-04, 0.1492987E-02, 0.1303349E-02, 0.5753979E-02, 0.7057328E-02, 0.7180052E-03, 0.4055573E-03, 0.1123563E-02,-0.1164623E-02,-0.5832864E-02,-0.6997487E-02, 0.4066454E+03, 0.3891802E+03, 0.5661203E+02, 0.4100952E+03, 0.6694228E-02, 0.6919879E-02
 0.1871781E+02, 0.1424541E-02, 0.9644646E-04, 0.1520987E-02, 0.1286230E-02, 0.5756098E-02, 0.7042328E-02, 0.7246771E-03, 0.4188855E-03, 0.1143563E-02,-0.1161759E-02,-0.5852545E-02,-0.7014304E-02, 0.4078399E+03, 0.3860291E+03, 0.5713808E+02, 0.4095218E+03, 0.6707308E-02, 0.6942815E-02
 0.1881781E+02, 0.1434728E-02, 0.1142592E-03, 0.1548988E-02, 0.1269338E-02, 0.5757990E-02, 0.7027328E-02, 0.7312019E-03, 0.4323606E-03, 0.1163563E-02,-0.1158886E-02,-0.5872249E-02,-0.7031135E-02, 0.4089933E+03, 0.3829123E+03, 0.5765254E+02, 0.4089746E+03, 0.6720331E-02, 0.6965908E-02
 0.1891781E+02, 0.1444674E-02, 0.1323138E-03, 0.1576988E-02, 0.1252671E-02, 0.5759657E-02, 0.7012328E-02, 0.7375859E-03, 0.4459766E-03, 0.1183563E-02,-0.1156006E-02,-0.5891970E-02,-0.7047976E-02, 0.4101074E+03, 0.3798298E+03, 0.5815590E+02, 0.4084532E+03, 0.6733296E-02, 0.6989151E-02
 0.1900000E+02, 0.1452679E-02, 0.1473211E-03, 0.1600000E-02, 0.1239123E-02, 0.5760877E-02, 0.7000000E-02, 0.7427332E-03, 0.4572668E-03, 0.1200000E-02,-0.1153630E-02,-0.5908198E-02,-0.7061828E-02, 0.4109949E+03, 0.3773186E+03, 0.5856170E+02, 0.4080423E+03, 0.6743924E-02, 0.7008365E-02
 0.1901000E+02, 0.1453951E-02, 0.1496491E-03, 0.1603600E-02, 0.1236938E-02, 0.5761062E-02, 0.6998000E-02, 0.7434827E-03, 0.4590173E-03, 0.1202500E-02,-0.1153238E-02,-0.5910711E-02,-0.7063949E-02, 0.4111336E+03, 0.3769123E+03, 0.5862075E+02, 0.4079725E+03, 0.6745571E-02, 0.7011343E-02
 0.1902000E+02, 0.1455219E-02, 0.1519812E-03, 0.1607200E-02, 0.1234756E-02, 0.5761244E-02, 0.6996000E-02, 0.7442301E-03, 0.4607699E-03, 0.1205000E-02,-0.1152846E-02,-0.5913225E-02,-0.7066071E-02, 0.4112718E+03, 0.3765066E+03, 0.5867968E+02, 0.4079033E+03, 0.6747217E-02, 0.7014324E-02
 0.1903500E+02, 0.1457112E-02, 0.1554875E-03, 0.1612600E-02, 0.1231493E-02, 0.5761507E-02, 0.6993000E-02, 0.7453471E-03, 0.4634029E-03, 0.1208750E-02,-0.1152260E-02,-0.5916994E-02,-0.7069254E-02, 0.4114779E+03, 0.3758995E+03, 0.5876775E+02, 0.4078003E+03, 0.6749683E-02, 0.7018798E-02
 0.1905750E+02, 0.1459935E-02, 0.1607650E-03, 0.1620700E-02, 0.1226618E-02, 0.5761882E-02, 0.6988500E-02, 0.7470135E-03, 0.4673615E-03, 0.1214375E-02,-0.1151380E-02,-0.5922647E-02,-0.7074027E-02, 0.4117843E+03, 0.3749920E+03, 0.5889914E+02, 0.4076479E+03, 0.6753374E-02, 0.7025521E-02
 0.1909125E+02, 0.1464129E-02, 0.1687213E-03, 0.1632850E-02, 0.1219349E-02, 0.5762401E-02, 0.6981750E-02, 0.7494931E-03, 0.4733194E-03, 0.1222813E-02,-0.1150062E-02,-0.5931122E-02,-0.7081184E-02, 0.4122378E+03, 0.3736379E+03, 0.5909465E+02, 0.4074238E+03, 0.6758893E-02, 0.7035625E-02
 0.1914188E+02, 0.1470331E-02, 0.1807438E-03, 0.1651075E-02, 0.1208543E-02, 0.5763082E-02, 0.6971625E-02, 0.7531687E-03, 0.4823001E-03, 0.1235469E-02,-0.1148089E-02,-0.5943826E-02,-0.7091915E-02, 0.4129048E+03, 0.3716227E+03, 0.5938447E+02, 0.4070977E+03, 0.6767134E-02, 0.7050829E-02
 0.1921781E+02, 0.1479443E-02, 0.1989692E-03, 0.1678412E-02, 0.1192547E-02, 0.5763891E-02, 0.6956438E-02, 0.7585865E-03, 0.4958666E-03, 0.1254453E-02,-0.1145139E-02,-0.5962860E-02,-0.7107999E-02, 0.4138767E+03, 0.3686351E+03, 0.5981171E+02, 0.4066308E+03, 0.6779413E-02, 0.7073736E-02
 0.1931781E+02, 0.1491115E-02, 0.2232977E-03, 0.1714412E-02, 0.1171843E-02, 0.5764595E-02, 0.6936437E-02, 0.7655556E-03, 0.5138976E-03, 0.1279453E-02,-0.1141269E-02,-0.5987892E-02,-0.7129161E-02, 0.4151073E+03, 0.3647597E+03, 0.6036136E+02, 0.4060539E+03, 0.6795455E-02, 0.7104085E-02
 0.1941781E+02, 0.1502447E-02, 0.2479651E-03, 0.1750412E-02, 0.1151490E-02, 0.5764947E-02, 0.6916437E-02, 0.7723487E-03, 0.5321045E-03, 0.1304453E-02,-0.1137403E-02,-0.6012912E-02,-0.7150316E-02, 0.4162849E+03, 0.3609407E+03, 0.6089698E+02, 0.4055150E+03, 0.6811402E-02, 0.7134639E-02
 0.1951781E+02, 0.1513456E-02, 0.2729560E-03, 0.1786412E-02, 0.1131482E-02, 0.5764955E-02, 0.6896437E-02, 0.7789745E-03, 0.5504786E-03, 0.1329453E-02,-0.1133547E-02,-0.6037911E-02,-0.7171458E-02, 0.4174128E+03, 0.3571775E+03, 0.6141940E+02, 0.4050133E+03, 0.6827254E-02, 0.7165388E-02
 0.1961781E+02, 0.1524156E-02, 0.2982562E-03, 0.1822412E-02, 0.1111812E-02, 0.5764626E-02, 0.6876438E-02, 0.7854413E-03, 0.5690118E-03, 0.1354453E-02,-0.1129702E-02,-0.6062882E-02,-0.7192584E-02, 0.4184938E+03, 0.3534693E+03, 0.6192929E+02, 0.4045474E+03, 0.6843016E-02, 0.7196323E-02
 0.1971781E+02, 0.1534561E-02, 0.3238520E-03, 0.1858413E-02, 0.1092471E-02, 0.5763967E-02, 0.6856438E-02, 0.7917566E-03, 0.5876966E-03, 0.1379453E-02,-0.1125872E-02,-0.6087819E-02,-0.7213691E-02, 0.4195305E+03, 0.3498154E+03, 0.6242723E+02, 0.4041162E+03, 0.6858689E-02, 0.7227436E-02
 0.1981781E+02, 0.1544682E-02, 0.3497306E-03, 0.1894412E-02, 0.1073453E-02, 0.5762985E-02, 0.6836438E-02, 0.7979275E-03, 0.6065256E-03, 0.1404453E-02,-0.1122059E-02,-0.6112715E-02,-0.7234775E-02, 0.4205254E+03, 0.3462152E+03, 0.6291379E+02, 0.4037186E+03, 0.6874277E-02, 0.7258717E-02
 0.1991781E+02, 0.1554533E-02, 0.3758800E-03, 0.1930413E-02, 0.1054751E-02, 0.5761687E-02, 0.6816437E-02, 0.8039607E-03, 0.6254925E-03, 0.1429453E-02,-0.1118266E-02,-0.6137567E-02,-0.7255832E-02, 0.4214805E+03, 0.3426678E+03, 0.6338949E+02, 0.4033534E+03, 0.6889783E-02, 0.7290159E-02
 0.2000000E+02, 0.1562440E-02, 0.3975602E-03, 0.1960000E-02, 0.1039590E-02, 0.5760409E-02, 0.6800000E-02, 0.8088208E-03, 0.6411792E-03, 0.1450000E-02,-0.1115157E-02,-0.6157970E-02,-0.7273126E-02, 0.4222367E+03, 0.3397869E+03, 0.6377254E+02, 0.4030748E+03, 0.6902488E-02, 0.7316120E-02
 0.2001000E+02, 0.1563461E-02, 0.3999391E-03, 0.1963400E-02, 0.1037734E-02, 0.5760266E-02, 0.6798000E-02, 0.8089018E-03, 0.6428983E-03, 0.1451800E-02,-0.1114798E-02,-0.6160206E-02,-0.7275003E-02, 0.4223408E+03, 0.3394376E+03, 0.6377879E+02, 0.4030316E+03, 0.6903884E-02, 0.7318967E-02
 0.2002000E+02, 0.1564479E-02, 0.4023209E-03, 0.1966800E-02, 0.1035880E-02, 0.5760120E-02, 0.6796000E-02, 0.8089828E-03, 0.6446172E-03, 0.1453600E-02,-0.1114439E-02,-0.6162441E-02,-0.7276881E-02, 0.4224449E+03, 0.3390888E+03, 0.6378518E+02, 0.4029891E+03, 0.6905278E-02, 0.7321815E-02
 0.2003500E+02, 0.1566000E-02, 0.4058996E-03, 0.1971900E-02, 0.1033106E-02, 0.5759894E-02, 0.6793000E-02, 0.8091049E-03, 0.6471951E-03, 0.1456300E-02,-0.1113903E-02,-0.6165794E-02,-0.7279696E-02, 0.4226001E+03, 0.3385668E+03, 0.6379481E+02, 0.4029259E+03, 0.6907367E-02, 0.7326091E-02
 0.2005750E+02, 0.1568269E-02, 0.4112808E-03, 0.1979550E-02, 0.1028961E-02, 0.5759539E-02, 0.6788500E-02, 0.8092896E-03, 0.6510604E-03, 0.1460350E-02,-0.1113099E-02,-0.6170820E-02,-0.7283918E-02, 0.4228311E+03, 0.3377864E+03, 0.6380937E+02, 0.4028326E+03, 0.6910494E-02, 0.7332510E-02
 0.2009125E+02, 0.1571643E-02, 0.4193818E-03, 0.1991025E-02, 0.1022779E-02, 0.5758971E-02, 0.6781750E-02, 0.8095697E-03, 0.6568553E-03, 0.1466425E-02,-0.1111895E-02,-0.6178353E-02,-0.7290248E-02, 0.4231734E+03, 0.3366217E+03, 0.6383146E+02, 0.4026958E+03, 0.6915172E-02, 0.7342154E-02
 0.2014188E+02, 0.1576640E-02, 0.4315975E-03, 0.2008238E-02, 0.1013583E-02, 0.5758042E-02, 0.6771625E-02, 0.8099969E-03, 0.6655406E-03, 0.1475537E-02,-0.1110095E-02,-0.6189640E-02,-0.7299736E-02, 0.4236776E+03, 0.3348877E+03, 0.6386515E+02, 0.4024976E+03, 0.6922160E-02, 0.7356650E-02
 0.2021781E+02, 0.1583996E-02, 0.4500607E-03, 0.2034056E-02, 0.9999579E-03, 0.5756480E-02, 0.6756438E-02, 0.8106530E-03, 0.6785533E-03, 0.1489206E-02,-0.1107409E-02,-0.6206540E-02,-0.7313949E-02, 0.4244140E+03, 0.3323155E+03, 0.6391693E+02, 0.4022159E+03, 0.6932579E-02, 0.7378461E-02
 0.2031781E+02, 0.1593443E-02, 0.4746138E-03, 0.2068056E-02, 0.9823031E-03, 0.5754135E-02, 0.6736438E-02, 0.8115376E-03, 0.6956686E-03, 0.1507206E-02,-0.1103892E-02,-0.6228748E-02,-0.7332640E-02, 0.4253495E+03, 0.3289767E+03, 0.6398682E+02, 0.4018715E+03, 0.6946203E-02, 0.7407306E-02
 0.2041781E+02, 0.1602642E-02, 0.4994139E-03, 0.2102056E-02, 0.9649300E-03, 0.5751507E-02, 0.6716437E-02, 0.8124305E-03, 0.7127757E-03, 0.1525206E-02,-0.1100389E-02,-0.6250921E-02,-0.7351310E-02, 0.4262479E+03, 0.3256848E+03, 0.6405722E+02, 0.4015537E+03, 0.6959755E-02, 0.7436288E-02
 0.2051781E+02, 0.1611606E-02, 0.5244503E-03, 0.2136056E-02, 0.9478322E-03, 0.5748605E-02, 0.6696438E-02, 0.8133326E-03, 0.7298737E-03, 0.1543206E-02,-0.1096903E-02,-0.6273055E-02,-0.7369959E-02, 0.4271116E+03, 0.3224388E+03, 0.6412834E+02, 0.4012619E+03, 0.6973239E-02, 0.7465400E-02
 0.2061781E+02, 0.1620344E-02, 0.5497126E-03, 0.2170056E-02, 0.9310028E-03, 0.5745435E-02, 0.6676438E-02, 0.8142443E-03, 0.7469619E-03, 0.1561206E-02,-0.1093435E-02,-0.6295147E-02,-0.7388583E-02, 0.4279427E+03, 0.3192381E+03, 0.6420023E+02, 0.4009954E+03, 0.6986657E-02, 0.7494638E-02
 0.2071781E+02, 0.1628865E-02, 0.5751911E-03, 0.2204056E-02, 0.9144356E-03, 0.5742002E-02, 0.6656437E-02, 0.8151664E-03, 0.7640399E-03, 0.1579206E-02,-0.1089987E-02,-0.6317193E-02,-0.7407180E-02, 0.4287427E+03, 0.3160818E+03, 0.6427293E+02, 0.4007534E+03, 0.7000011E-02, 0.7523995E-02
 0.2081781E+02, 0.1637180E-02, 0.6008766E-03, 0.2238056E-02, 0.8981243E-03, 0.5738313E-02, 0.6636438E-02, 0.8160990E-03, 0.7811073E-03, 0.1597206E-02,-0.1086560E-02,-0.6339190E-02,-0.7425750E-02, 0.4295134E+03, 0.3129692E+03, 0.6434647E+02, 0.4005352E+03, 0.7013306E-02, 0.7553467E-02
 0.2091781E+02, 0.1645296E-02, 0.6267607E-03, 0.2272056E-02, 0.8820628E-03, 0.5734375E-02, 0.6616438E-02, 0.8170423E-03, 0.7981639E-03, 0.1615206E-02,-0.1083155E-02,-0.6361135E-02,-0.7444290E-02, 0.4302563E+03, 0.3098994E+03, 0.6442085E+02, 0.4003400E+03, 0.7026543E-02, 0.7583048E-02
 0.2100000E+02, 0.1651828E-02, 0.6481724E-03, 0.2300000E-02, 0.8690294E-03, 0.5730971E-02, 0.6600000E-02, 0.8178193E-03, 0.8121807E-03, 0.1630000E-02,-0.1080368E-02,-0.6379143E-02,-0.7459511E-02, 0.4308465E+03, 0.3074048E+03, 0.6448201E+02, 0.4001949E+03, 0.7037397E-02, 0.7607441E-02
 0.2101000E+02, 0.1652660E-02, 0.6508402E-03, 0.2303500E-02, 0.8674557E-03, 0.5730544E-02, 0.6598000E-02, 0.8177749E-03, 0.8139251E-03, 0.1631700E-02,-0.1080050E-02,-0.6381385E-02,-0.7461434E-02, 0.4309272E+03, 0.3071066E+03, 0.6447840E+02, 0.4001806E+03, 0.7038752E-02, 0.7610479E-02
 0.2102000E+02, 0.1653490E-02, 0.6535099E-03, 0.2307000E-02, 0.8658845E-03, 0.5730115E-02, 0.6596000E-02, 0.8177310E-03, 0.8156690E-03, 0.1633400E-02,-0.1079732E-02,-0.6383625E-02,-0.7463357E-02, 0.4310081E+03, 0.3068087E+03, 0.6447495E+02, 0.4001669E+03, 0.7040106E-02, 0.7613518E-02
 0.2103500E+02, 0.1654731E-02, 0.6575186E-03, 0.2312250E-02, 0.8635331E-03, 0.5729467E-02, 0.6593000E-02, 0.8176667E-03, 0.8182833E-03, 0.1635950E-02,-0.1079256E-02,-0.6386986E-02,-0.7466242E-02, 0.4311288E+03, 0.3063629E+03, 0.6446988E+02, 0.4001469E+03, 0.7042135E-02, 0.7618079E-02
 0.2105750E+02, 0.1656584E-02, 0.6635407E-03, 0.2320125E-02, 0.8600182E-03, 0.5728482E-02, 0.6588500E-02, 0.8175740E-03, 0.8222010E-03, 0.1639775E-02,-0.1078544E-02,-0.6392023E-02,-0.7470567E-02, 0.4313087E+03, 0.3056964E+03, 0.6446256E+02, 0.4001178E+03, 0.7045175E-02, 0.7624924E-02
 0.2109125E+02, 0.1659344E-02, 0.6725938E-03, 0.2331937E-02, 0.8547732E-03, 0.5726977E-02, 0.6581750E-02, 0.8174427E-03, 0.8280698E-03, 0.1645513E-02,-0.1077479E-02,-0.6399570E-02,-0.7477049E-02, 0.4315758E+03, 0.3047013E+03, 0.6445222E+02, 0.4000764E+03, 0.7049728E-02, 0.7635200E-02
 0.2114188E+02, 0.1663439E-02, 0.6862174E-03, 0.2349656E-02, 0.8469659E-03, 0.5724659E-02, 0.6571625E-02, 0.8172631E-03, 0.8368556E-03, 0.1654119E-02,-0.1075888E-02,-0.6410876E-02,-0.7486764E-02, 0.4319708E+03, 0.3032192E+03, 0.6443807E+02, 0.4000195E+03, 0.7056539E-02, 0.7650636E-02
 0.2121781E+02, 0.1669485E-02, 0.7067491E-03, 0.2376234E-02, 0.8353880E-03, 0.5721049E-02, 0.6556437E-02, 0.8170312E-03, 0.8499969E-03, 0.1667028E-02,-0.1073518E-02,-0.6427798E-02,-0.7501316E-02, 0.4325507E+03, 0.3010196E+03, 0.6441985E+02, 0.3999455E+03, 0.7066717E-02, 0.7673835E-02
 0.2131781E+02, 0.1677282E-02, 0.7339527E-03, 0.2411234E-02, 0.8203668E-03, 0.5716071E-02, 0.6536437E-02, 0.8167840E-03, 0.8672441E-03, 0.1684028E-02,-0.1070422E-02,-0.6450024E-02,-0.7520446E-02, 0.4332925E+03, 0.2981626E+03, 0.6440051E+02, 0.3998674E+03, 0.7080066E-02, 0.7704468E-02
 0.2141781E+02, 0.1684905E-02, 0.7613290E-03, 0.2446234E-02, 0.8055681E-03, 0.5710870E-02, 0.6516438E-02, 0.8165842E-03, 0.8844439E-03, 0.1701028E-02,-0.1067347E-02,-0.6472198E-02,-0.7539545E-02, 0.4340098E+03, 0.2953440E+03, 0.6438475E+02, 0.3998082E+03, 0.7093383E-02, 0.7735194E-02
 0.2151781E+02, 0.1692363E-02, 0.7888714E-03, 0.2481234E-02, 0.7909869E-03, 0.5705451E-02, 0.6496438E-02, 0.8164300E-03, 0.9015981E-03, 0.1718028E-02,-0.1064294E-02,-0.6494322E-02,-0.7558616E-02, 0.4347043E+03, 0.2925632E+03, 0.6437260E+02, 0.3997676E+03, 0.7106670E-02, 0.7766010E-02
 0.2161781E+02, 0.1699661E-02, 0.8165733E-03, 0.2516234E-02, 0.7766181E-03, 0.5699819E-02, 0.6476437E-02, 0.8163198E-03, 0.9187084E-03, 0.1735028E-02,-0.1061264E-02,-0.6516393E-02,-0.7577657E-02, 0.4353774E+03, 0.2898195E+03, 0.6436390E+02, 0.3997450E+03, 0.7119931E-02, 0.7796914E-02
 0.2171781E+02, 0.1706806E-02, 0.8444286E-03, 0.2551234E-02, 0.7624569E-03, 0.5693980E-02, 0.6456437E-02, 0.8162518E-03, 0.9357763E-03, 0.1752028E-02,-0.1058257E-02,-0.6538409E-02,-0.7596666E-02, 0.4360298E+03, 0.2871122E+03, 0.6435854E+02, 0.3997399E+03, 0.7133167E-02, 0.7827902E-02
 0.2181781E+02, 0.1713803E-02, 0.8724314E-03, 0.2586234E-02, 0.7484987E-03, 0.5687939E-02, 0.6436438E-02, 0.8162244E-03, 0.9528037E-03, 0.1769028E-02,-0.1055273E-02,-0.6560370E-02,-0.7615644E-02, 0.4366628E+03, 0.2844407E+03, 0.6435638E+02, 0.3997518E+03, 0.7146382E-02, 0.7858971E-02
 0.2191781E+02, 0.1720658E-02, 0.9005761E-03, 0.2621234E-02, 0.7347389E-03, 0.5681699E-02, 0.6416438E-02, 0.8162363E-03, 0.9697919E-03, 0.1786028E-02,-0.1052314E-02,-0.6582275E-02,-0.7634589E-02, 0.4372772E+03, 0.2818042E+03, 0.6435732E+02, 0.3997800E+03, 0.7159578E-02, 0.7890117E-02
 0.2200000E+02, 0.1726193E-02, 0.9238073E-03, 0.2650000E-02, 0.7235633E-03, 0.5676437E-02, 0.6400000E-02, 0.8162676E-03, 0.9837324E-03, 0.1800000E-02,-0.1049896E-02,-0.6600244E-02,-0.7650140E-02, 0.4377682E+03, 0.2796607E+03, 0.6435967E+02, 0.3998138E+03, 0.7170422E-02, 0.7915774E-02
 0.2201000E+02, 0.1726899E-02, 0.9264013E-03, 0.2653300E-02, 0.7221526E-03, 0.5675847E-02, 0.6398000E-02, 0.8159133E-03, 0.9852867E-03, 0.1801200E-02,-0.1049593E-02,-0.6602249E-02,-0.7651842E-02, 0.4378315E+03, 0.2793907E+03, 0.6433163E+02, 0.3998064E+03, 0.7171636E-02, 0.7918639E-02
 0.2202000E+02, 0.1727603E-02, 0.9289971E-03, 0.2656600E-02, 0.7207441E-03, 0.5675256E-02, 0.6396000E-02, 0.8155603E-03, 0.9868398E-03, 0.1802400E-02,-0.1049292E-02,-0.6604253E-02,-0.7653544E-02, 0.4378949E+03, 0.2791210E+03, 0.6430379E+02, 0.3997996E+03, 0.7172849E-02, 0.7921504E-02
 0.2203500E+02, 0.1728656E-02, 0.9328941E-03, 0.2661550E-02, 0.7186361E-03, 0.5674364E-02, 0.6393000E-02, 0.8150338E-03, 0.9891662E-03, 0.1804200E-02,-0.1048839E-02,-0.6607258E-02,-0.7656097E-02, 0.4379896E+03, 0.2787173E+03, 0.6426228E+02, 0.3997898E+03, 0.7174667E-02, 0.7925802E-02
 0.2205750E+02, 0.1730228E-02, 0.9387473E-03, 0.2668975E-02, 0.7154848E-03, 0.5673015E-02, 0.6388500E-02, 0.8142511E-03, 0.9926489E-03, 0.1806900E-02,-0.1048163E-02,-0.6611763E-02,-0.7659925E-02, 0.4381308E+03, 0.2781136E+03, 0.6420056E+02, 0.3997759E+03, 0.7177392E-02, 0.7932254E-02
 0.2209125E+02, 0.1732569E-02, 0.9475437E-03, 0.2680113E-02, 0.7107815E-03, 0.5670968E-02, 0.6381750E-02, 0.8130923E-03, 0.9978577E-03, 0.1810950E-02,-0.1047150E-02,-0.6618512E-02,-0.7665662E-02, 0.4383403E+03, 0.2772123E+03, 0.6410921E+02, 0.3997568E+03, 0.7181471E-02, 0.7941939E-02
 0.2214188E+02, 0.1736043E-02, 0.9607752E-03, 0.2696819E-02, 0.7037790E-03, 0.5667846E-02, 0.6371625E-02, 0.8113881E-03, 0.1005637E-02, 0.1817025E-02,-0.1045638E-02,-0.6628621E-02,-0.7674260E-02, 0.4386499E+03, 0.2758696E+03, 0.6397485E+02, 0.3997323E+03, 0.7187574E-02, 0.7956482E-02
 0.2221781E+02, 0.1741175E-02, 0.9807027E-03, 0.2721878E-02, 0.6933906E-03, 0.5663047E-02, 0.6356438E-02, 0.8089056E-03, 0.1017232E-02, 0.1826137E-02,-0.1043386E-02,-0.6643750E-02,-0.7687135E-02, 0.4391041E+03, 0.2738762E+03, 0.6377915E+02, 0.3997046E+03, 0.7196697E-02, 0.7978333E-02
 0.2231781E+02, 0.1747795E-02, 0.1007083E-02, 0.2754878E-02, 0.6799055E-03, 0.5656532E-02, 0.6336438E-02, 0.8057567E-03, 0.1032381E-02, 0.1838138E-02,-0.1040444E-02,-0.6663614E-02,-0.7704059E-02, 0.4396845E+03, 0.2712857E+03, 0.6353098E+02, 0.3996834E+03, 0.7208663E-02, 0.8007174E-02
 0.2241781E+02, 0.1754273E-02, 0.1033605E-02, 0.2787878E-02, 0.6666133E-03, 0.5649824E-02, 0.6316438E-02, 0.8027174E-03, 0.1047420E-02, 0.1850137E-02,-0.1037524E-02,-0.6683429E-02,-0.7720953E-02, 0.4402454E+03, 0.2687290E+03, 0.6329134E+02, 0.3996773E+03, 0.7220601E-02, 0.8036090E-02
 0.2251781E+02, 0.1760613E-02, 0.1060265E-02, 0.2820878E-02, 0.6535091E-03, 0.5642929E-02, 0.6296438E-02, 0.7997841E-03, 0.1062353E-02, 0.1862137E-02,-0.1034625E-02,-0.6703193E-02,-0.7737818E-02, 0.4407881E+03, 0.2662055E+03, 0.6306006E+02, 0.3996862E+03, 0.7232515E-02, 0.8065077E-02
 0.2261781E+02, 0.1766823E-02, 0.1087055E-02, 0.2853878E-02, 0.6405878E-03, 0.5635850E-02, 0.6276437E-02, 0.7969532E-03, 0.1077184E-02, 0.1874137E-02,-0.1031748E-02,-0.6722905E-02,-0.7754653E-02, 0.4413138E+03, 0.2637143E+03, 0.6283685E+02, 0.3997095E+03, 0.7244405E-02, 0.8094133E-02
 0.2271781E+02, 0.1772907E-02, 0.1113971E-02, 0.2886878E-02, 0.6278450E-03, 0.5628592E-02, 0.6256437E-02, 0.7942211E-03, 0.1091916E-02, 0.1886138E-02,-0.1028895E-02,-0.6742564E-02,-0.7771458E-02, 0.4418232E+03, 0.2612548E+03, 0.6262144E+02, 0.3997470E+03, 0.7256275E-02, 0.8123254E-02
 0.2281781E+02, 0.1778870E-02, 0.1141008E-02, 0.2919878E-02, 0.6152762E-03, 0.5621161E-02, 0.6236437E-02, 0.7915845E-03, 0.1106553E-02, 0.1898138E-02,-0.1026064E-02,-0.6762169E-02,-0.7788233E-02, 0.4423171E+03, 0.2588264E+03, 0.6241355E+02, 0.3997981E+03, 0.7268128E-02, 0.8152440E-02
 0.2291781E+02, 0.1784718E-02, 0.1168160E-02, 0.2952878E-02, 0.6028772E-03, 0.5613560E-02, 0.6216437E-02, 0.7890401E-03, 0.1121097E-02, 0.1910137E-02,-0.1023256E-02,-0.6781720E-02,-0.7804976E-02, 0.4427966E+03, 0.2564284E+03, 0.6221294E+02, 0.3998626E+03, 0.7279964E-02, 0.8181687E-02
 0.2300000E+02, 0.1789443E-02, 0.1190557E-02, 0.2980000E-02, 0.5928008E-03, 0.5607199E-02, 0.6200000E-02, 0.7870067E-03, 0.1132993E-02, 0.1920000E-02,-0.1020962E-02,-0.6797756E-02,-0.7818718E-02, 0.4431797E+03, 0.2544779E+03, 0.6205253E+02, 0.3999242E+03, 0.7289693E-02, 0.8205769E-02
 0.2301000E+02, 0.1790272E-02, 0.1194128E-02, 0.2984400E-02, 0.5908188E-03, 0.5606181E-02, 0.6197000E-02, 0.7863140E-03, 0.1134886E-02, 0.1921200E-02,-0.1020467E-02,-0.6800310E-02,-0.7820777E-02, 0.4432319E+03, 0.2540874E+03, 0.6199783E+02, 0.3999081E+03, 0.7291246E-02, 0.8209608E-02
 0.2302000E+02, 0.1791097E-02, 0.1197703E-02, 0.2988800E-02, 0.5888410E-03, 0.5605159E-02, 0.6194000E-02, 0.7856240E-03, 0.1136776E-02, 0.1922400E-02,-0.1019973E-02,-0.6802862E-02,-0.7822835E-02, 0.4432841E+03, 0.2536977E+03, 0.6194343E+02, 0.3998927E+03, 0.7292798E-02, 0.8213448E-02
 0.2303500E+02, 0.1792329E-02, 0.1203071E-02, 0.2995400E-02, 0.5858840E-03, 0.5603616E-02, 0.6189500E-02, 0.7845956E-03, 0.1139604E-02, 0.1924200E-02,-0.1019234E-02,-0.6806687E-02,-0.7825922E-02, 0.4433618E+03, 0.2531148E+03, 0.6186235E+02, 0.3998702E+03, 0.7295123E-02, 0.8219212E-02
 0.2305750E+02, 0.1794164E-02, 0.1211136E-02, 0.3005300E-02, 0.5814694E-03, 0.5601281E-02, 0.6182750E-02, 0.7830678E-03, 0.1143832E-02, 0.1926900E-02,-0.1018128E-02,-0.6812417E-02,-0.7830545E-02, 0.4434769E+03, 0.2522443E+03, 0.6174189E+02, 0.3998382E+03, 0.7298602E-02, 0.8227863E-02
 0.2309125E+02, 0.1796888E-02, 0.1223262E-02, 0.3020150E-02, 0.5748941E-03, 0.5597731E-02, 0.6172625E-02, 0.7808087E-03, 0.1150141E-02, 0.1930950E-02,-0.1016478E-02,-0.6820993E-02,-0.7837471E-02, 0.4436462E+03, 0.2509471E+03, 0.6156377E+02, 0.3997936E+03, 0.7303804E-02, 0.8240853E-02
 0.2314188E+02, 0.1800912E-02, 0.1241513E-02, 0.3042425E-02, 0.5651338E-03, 0.5592304E-02, 0.6157438E-02, 0.7774913E-03, 0.1159534E-02, 0.1937025E-02,-0.1014020E-02,-0.6833817E-02,-0.7847837E-02, 0.4438932E+03, 0.2490203E+03, 0.6130223E+02, 0.3997346E+03, 0.7311567E-02, 0.8260366E-02
 0.2321781E+02, 0.1806815E-02, 0.1269023E-02, 0.3075838E-02, 0.5507163E-03, 0.5583940E-02, 0.6134656E-02, 0.7726694E-03, 0.1173468E-02, 0.1946138E-02,-0.1010371E-02,-0.6852963E-02,-0.7863334E-02, 0.4442493E+03, 0.2461712E+03, 0.6092216E+02, 0.3996634E+03, 0.7323133E-02, 0.8289695E-02
 0.2331781E+02, 0.1814364E-02, 0.1305474E-02, 0.3119837E-02, 0.5321036E-03, 0.5572553E-02, 0.6104656E-02, 0.7665699E-03, 0.1191568E-02, 0.1958138E-02,-0.1005631E-02,-0.6878026E-02,-0.7883658E-02, 0.4446934E+03, 0.2424881E+03, 0.6044151E+02, 0.3995990E+03, 0.7338245E-02, 0.8328428E-02
 0.2341781E+02, 0.1821682E-02, 0.1342155E-02, 0.3163837E-02, 0.5138557E-03, 0.5560800E-02, 0.6074656E-02, 0.7607004E-03, 0.1209437E-02, 0.1970137E-02,-0.1000947E-02,-0.6902955E-02,-0.7903903E-02, 0.4451089E+03, 0.2388719E+03, 0.5997872E+02, 0.3995623E+03, 0.7353278E-02, 0.8367284E-02
 0.2351781E+02, 0.1828785E-02, 0.1379052E-02, 0.3207837E-02, 0.4959588E-03, 0.5548697E-02, 0.6044656E-02, 0.7550516E-03, 0.1227086E-02, 0.1982138E-02,-0.9963214E-03,-0.6927750E-02,-0.7924071E-02, 0.4454995E+03, 0.2353202E+03, 0.5953332E+02, 0.3995535E+03, 0.7368239E-02, 0.8406256E-02
 0.2361781E+02, 0.1835685E-02, 0.1416153E-02, 0.3251838E-02, 0.4783999E-03, 0.5536256E-02, 0.6014656E-02, 0.7496141E-03, 0.1244523E-02, 0.1994138E-02,-0.9917532E-03,-0.6952409E-02,-0.7944162E-02, 0.4458671E+03, 0.2318309E+03, 0.5910460E+02, 0.3995714E+03, 0.7383136E-02, 0.8445340E-02
 0.2371781E+02, 0.1842393E-02, 0.1453444E-02, 0.3295838E-02, 0.4611668E-03, 0.5523489E-02, 0.5984656E-02, 0.7443794E-03, 0.1261758E-02, 0.2006138E-02,-0.9872427E-03,-0.6976934E-02,-0.7964176E-02, 0.4462138E+03, 0.2284021E+03, 0.5869185E+02, 0.3996152E+03, 0.7397975E-02, 0.8484528E-02
 0.2381781E+02, 0.1848922E-02, 0.1490916E-02, 0.3339838E-02, 0.4442481E-03, 0.5510408E-02, 0.5954656E-02, 0.7393389E-03, 0.1278799E-02, 0.2018137E-02,-0.9827896E-03,-0.7001324E-02,-0.7984114E-02, 0.4465410E+03, 0.2250319E+03, 0.5829443E+02, 0.3996836E+03, 0.7412765E-02, 0.8523816E-02
 0.2391781E+02, 0.1855279E-02, 0.1528558E-02, 0.3383838E-02, 0.4276327E-03, 0.5497023E-02, 0.5924656E-02, 0.7344848E-03, 0.1295653E-02, 0.2030138E-02,-0.9783935E-03,-0.7025582E-02,-0.8003975E-02, 0.4468504E+03, 0.2217185E+03, 0.5791169E+02, 0.3997757E+03, 0.7427513E-02, 0.8563199E-02
 0.2400000E+02, 0.1860386E-02, 0.1559614E-02, 0.3420000E-02, 0.4141796E-03, 0.5485821E-02, 0.5900000E-02, 0.7306131E-03, 0.1309387E-02, 0.2040000E-02,-0.9748150E-03,-0.7045434E-02,-0.8020249E-02, 0.4470903E+03, 0.2190333E+03, 0.5760622E+02, 0.3998664E+03, 0.7439624E-02, 0.8595637E-02
 0.2401000E+02, 0.1861019E-02, 0.1563081E-02, 0.3424100E-02, 0.4124331E-03, 0.5484567E-02, 0.5897000E-02, 0.7296840E-03, 0.1310916E-02, 0.2040600E-02,-0.9743365E-03,-0.7047648E-02,-0.8021985E-02, 0.4471137E+03, 0.2186829E+03, 0.5753278E+02, 0.3998585E+03, 0.7440981E-02, 0.8599258E-02
 0.2402000E+02, 0.1861649E-02, 0.1566551E-02, 0.3428200E-02, 0.4106902E-03, 0.5483310E-02, 0.5894000E-02, 0.7287581E-03, 0.1312442E-02, 0.2041200E-02,-0.9738596E-03,-0.7049861E-02,-0.8023721E-02, 0.4471379E+03, 0.2183329E+03, 0.5745977E+02, 0.3998519E+03, 0.7442337E-02, 0.8602880E-02
 0.2403500E+02, 0.1862590E-02, 0.1571760E-02, 0.3434350E-02, 0.4080833E-03, 0.5481417E-02, 0.5889500E-02, 0.7273767E-03, 0.1314723E-02, 0.2042100E-02,-0.9731458E-03,-0.7053176E-02,-0.8026322E-02, 0.4471737E+03, 0.2178092E+03, 0.5735085E+02, 0.3998425E+03, 0.7444367E-02, 0.8608315E-02
 0.2405750E+02, 0.1863993E-02, 0.1579582E-02, 0.3443575E-02, 0.4041899E-03, 0.5478560E-02, 0.5882750E-02, 0.7253214E-03, 0.1318129E-02, 0.2043450E-02,-0.9720782E-03,-0.7058143E-02,-0.8030221E-02, 0.4472266E+03, 0.2170269E+03, 0.5718880E+02, 0.3998297E+03, 0.7447407E-02, 0.8616473E-02
 0.2409125E+02, 0.1866075E-02, 0.1591337E-02, 0.3457412E-02, 0.3983870E-03, 0.5474238E-02, 0.5872625E-02, 0.7222755E-03, 0.1323199E-02, 0.2045475E-02,-0.9704839E-03,-0.7065575E-02,-0.8036059E-02, 0.4473036E+03, 0.2158604E+03, 0.5694865E+02, 0.3998131E+03, 0.7451953E-02, 0.8628719E-02
 0.2414188E+02, 0.1869155E-02, 0.1609014E-02, 0.3478169E-02, 0.3897648E-03, 0.5467673E-02, 0.5857438E-02, 0.7177882E-03, 0.1330724E-02, 0.2048513E-02,-0.9681084E-03,-0.7076687E-02,-0.8044795E-02, 0.4474146E+03, 0.2141261E+03, 0.5659486E+02, 0.3997945E+03, 0.7458744E-02, 0.8647110E-02
 0.2421781E+02, 0.1873676E-02, 0.1635627E-02, 0.3509303E-02, 0.3770105E-03, 0.5457646E-02, 0.5834656E-02, 0.7112335E-03, 0.1341835E-02, 0.2053069E-02,-0.9645806E-03,-0.7093273E-02,-0.8057853E-02, 0.4475717E+03, 0.2115583E+03, 0.5607812E+02, 0.3997801E+03, 0.7468867E-02, 0.8674745E-02
 0.2431781E+02, 0.1879466E-02, 0.1670838E-02, 0.3550303E-02, 0.3605153E-03, 0.5444141E-02, 0.5804656E-02, 0.7028906E-03, 0.1356178E-02, 0.2059069E-02,-0.9599936E-03,-0.7114979E-02,-0.8074972E-02, 0.4477624E+03, 0.2082333E+03, 0.5542049E+02, 0.3997843E+03, 0.7482107E-02, 0.8711225E-02
 0.2441781E+02, 0.1885085E-02, 0.1706218E-02, 0.3591303E-02, 0.3443153E-03, 0.5430341E-02, 0.5774656E-02, 0.6948180E-03, 0.1370251E-02, 0.2065069E-02,-0.9554592E-03,-0.7136559E-02,-0.8092018E-02, 0.4479335E+03, 0.2049636E+03, 0.5478399E+02, 0.3998103E+03, 0.7495290E-02, 0.8747803E-02
 0.2451781E+02, 0.1890545E-02, 0.1741758E-02, 0.3632303E-02, 0.3283998E-03, 0.5416256E-02, 0.5744656E-02, 0.6870048E-03, 0.1384064E-02, 0.2071069E-02,-0.9509782E-03,-0.7158014E-02,-0.8108993E-02, 0.4480879E+03, 0.2017472E+03, 0.5416793E+02, 0.3998584E+03, 0.7508419E-02, 0.8784475E-02
 0.2461781E+02, 0.1895855E-02, 0.1777448E-02, 0.3673303E-02, 0.3127586E-03, 0.5401898E-02, 0.5714656E-02, 0.6794401E-03, 0.1397629E-02, 0.2077069E-02,-0.9465504E-03,-0.7179346E-02,-0.8125896E-02, 0.4482270E+03, 0.1985825E+03, 0.5357149E+02, 0.3999276E+03, 0.7521503E-02, 0.8821235E-02
 0.2471781E+02, 0.1901023E-02, 0.1813280E-02, 0.3714303E-02, 0.2973822E-03, 0.5387274E-02, 0.5684656E-02, 0.6721141E-03, 0.1410955E-02, 0.2083069E-02,-0.9421755E-03,-0.7200554E-02,-0.8142730E-02, 0.4483521E+03, 0.1954678E+03, 0.5299386E+02, 0.4000174E+03, 0.7534546E-02, 0.8858079E-02
 0.2481781E+02, 0.1906058E-02, 0.1849245E-02, 0.3755303E-02, 0.2822615E-03, 0.5372395E-02, 0.5654656E-02, 0.6650171E-03, 0.1424052E-02, 0.2089069E-02,-0.9378530E-03,-0.7221640E-02,-0.8159493E-02, 0.4484644E+03, 0.1924018E+03, 0.5243428E+02, 0.4001269E+03, 0.7547555E-02, 0.8895005E-02
 0.2491781E+02, 0.1910967E-02, 0.1885336E-02, 0.3796303E-02, 0.2673881E-03, 0.5357268E-02, 0.5624656E-02, 0.6581398E-03, 0.1436929E-02, 0.2095069E-02,-0.9335824E-03,-0.7242605E-02,-0.8176187E-02, 0.4485651E+03, 0.1893829E+03, 0.5189203E+02, 0.4002553E+03, 0.7560534E-02, 0.8932007E-02
 0.2500000E+02, 0.1914912E-02, 0.1915087E-02, 0.3830000E-02, 0.2553298E-03, 0.5344670E-02, 0.5600000E-02, 0.6526289E-03, 0.1447371E-02, 0.2100000E-02,-0.9301047E-03,-0.7259758E-02,-0.8189862E-02, 0.4486381E+03, 0.1869335E+03, 0.5145739E+02, 0.4003728E+03, 0.7571199E-02, 0.8962477E-02
 0.2501000E+02, 0.1915351E-02, 0.1917849E-02, 0.3833200E-02, 0.2544995E-03, 0.5343501E-02, 0.5598000E-02, 0.6518620E-03, 0.1448338E-02, 0.2100200E-02,-0.9299360E-03,-0.7261349E-02,-0.8191285E-02, 0.4486799E+03, 0.1867764E+03, 0.5139681E+02, 0.4004012E+03, 0.7572194E-02, 0.8965304E-02
 0.2502000E+02, 0.1915789E-02, 0.1920611E-02, 0.3836400E-02, 0.2536701E-03, 0.5342330E-02, 0.5596000E-02, 0.6510970E-03, 0.1449303E-02, 0.2100400E-02,-0.9297681E-03,-0.7262941E-02,-0.8192709E-02, 0.4487224E+03, 0.1866191E+03, 0.5133649E+02, 0.4004306E+03, 0.7573189E-02, 0.8968133E-02
 0.2503500E+02, 0.1916444E-02, 0.1924756E-02, 0.3841200E-02, 0.2524276E-03, 0.5340572E-02, 0.5593000E-02, 0.6499541E-03, 0.1450746E-02, 0.2100700E-02,-0.9295163E-03,-0.7265328E-02,-0.8194845E-02, 0.4487860E+03, 0.1863835E+03, 0.5124638E+02, 0.4004747E+03, 0.7574683E-02, 0.8972377E-02
 0.2505750E+02, 0.1917423E-02, 0.1930977E-02, 0.3848400E-02, 0.2505676E-03, 0.5337932E-02, 0.5588500E-02, 0.6482498E-03, 0.1452900E-02, 0.2101150E-02,-0.9291388E-03,-0.7268909E-02,-0.8198048E-02, 0.4488809E+03, 0.1860306E+03, 0.5111201E+02, 0.4005411E+03, 0.7576926E-02, 0.8978743E-02
 0.2509125E+02, 0.1918884E-02, 0.1940316E-02, 0.3859200E-02, 0.2477860E-03, 0.5333964E-02, 0.5581750E-02, 0.6457158E-03, 0.1456109E-02, 0.2101825E-02,-0.9285727E-03,-0.7274280E-02,-0.8202853E-02, 0.4490220E+03, 0.1855027E+03, 0.5091221E+02, 0.4006412E+03, 0.7580294E-02, 0.8988299E-02
 0.2514188E+02, 0.1921058E-02, 0.1954342E-02, 0.3875400E-02, 0.2436322E-03, 0.5327993E-02, 0.5571625E-02, 0.6419642E-03, 0.1460873E-02, 0.2102837E-02,-0.9277243E-03,-0.7282335E-02,-0.8210060E-02, 0.4492310E+03, 0.1847139E+03, 0.5061641E+02, 0.4007925E+03, 0.7585356E-02, 0.9002643E-02
 0.2521781E+02, 0.1924281E-02, 0.1975419E-02, 0.3899700E-02, 0.2374428E-03, 0.5318995E-02, 0.5556437E-02, 0.6364448E-03, 0.1467912E-02, 0.2104356E-02,-0.9264534E-03,-0.7294413E-02,-0.8220867E-02, 0.4495392E+03, 0.1835374E+03, 0.5018125E+02, 0.4010220E+03, 0.7592972E-02, 0.9024180E-02
 0.2531781E+02, 0.1928462E-02, 0.2003238E-02, 0.3931700E-02, 0.2293636E-03, 0.5307074E-02, 0.5536437E-02, 0.6293558E-03, 0.1477000E-02, 0.2106356E-02,-0.9247831E-03,-0.7310312E-02,-0.8235095E-02, 0.4499354E+03, 0.1819997E+03, 0.4962236E+02, 0.4013288E+03, 0.7603044E-02, 0.9052584E-02
 0.2541781E+02, 0.1932575E-02, 0.2031125E-02, 0.3963700E-02, 0.2213574E-03, 0.5295080E-02, 0.5516438E-02, 0.6224383E-03, 0.1485918E-02, 0.2108356E-02,-0.9231145E-03,-0.7326205E-02,-0.8249320E-02, 0.4503208E+03, 0.1804741E+03, 0.4907694E+02, 0.4016393E+03, 0.7613173E-02, 0.9081031E-02
 0.2551781E+02, 0.1936622E-02, 0.2059078E-02, 0.3995700E-02, 0.2134230E-03, 0.5283014E-02, 0.5496437E-02, 0.6156864E-03, 0.1494670E-02, 0.2110356E-02,-0.9214487E-03,-0.7342092E-02,-0.8263541E-02, 0.4506964E+03, 0.1789602E+03, 0.4854458E+02, 0.4019540E+03, 0.7623358E-02, 0.9109522E-02
 0.2561781E+02, 0.1940607E-02, 0.2087093E-02, 0.4027700E-02, 0.2055594E-03, 0.5270878E-02, 0.5476438E-02, 0.6090947E-03, 0.1503262E-02, 0.2112356E-02,-0.9197864E-03,-0.7357971E-02,-0.8277757E-02, 0.4510627E+03, 0.1774580E+03, 0.4802485E+02, 0.4022727E+03, 0.7633599E-02, 0.9138055E-02
 0.2571781E+02, 0.1944532E-02, 0.2115168E-02, 0.4059700E-02, 0.1977655E-03, 0.5258672E-02, 0.5456437E-02, 0.6026578E-03, 0.1511698E-02, 0.2114356E-02,-0.9181281E-03,-0.7373840E-02,-0.8291968E-02, 0.4514200E+03, 0.1759675E+03, 0.4751732E+02, 0.4025954E+03, 0.7643895E-02, 0.9166628E-02
 0.2581781E+02, 0.1948398E-02, 0.2143302E-02, 0.4091700E-02, 0.1900404E-03, 0.5246397E-02, 0.5436438E-02, 0.5963708E-03, 0.1519985E-02, 0.2116356E-02,-0.9164743E-03,-0.7389699E-02,-0.8306173E-02, 0.4517690E+03, 0.1744885E+03, 0.4702161E+02, 0.4029219E+03, 0.7654247E-02, 0.9195240E-02
 0.2591781E+02, 0.1952208E-02, 0.2171492E-02, 0.4123700E-02, 0.1823831E-03, 0.5234054E-02, 0.5416437E-02, 0.5902287E-03, 0.1528127E-02, 0.2118356E-02,-0.9148256E-03,-0.7405546E-02,-0.8320372E-02, 0.4521098E+03, 0.1730210E+03, 0.4653733E+02, 0.4032521E+03, 0.7664655E-02, 0.9223890E-02
 0.2600000E+02, 0.1955300E-02, 0.2194700E-02, 0.4150000E-02, 0.1761363E-03, 0.5223864E-02, 0.5400000E-02, 0.5852754E-03, 0.1534725E-02, 0.2120000E-02,-0.9134731E-03,-0.7418564E-02,-0.8332037E-02, 0.4523838E+03, 0.1718229E+03, 0.4614674E+02, 0.4035256E+03, 0.7673254E-02, 0.9247466E-02
 0.2601000E+02, 0.1955584E-02, 0.2197216E-02, 0.4152800E-02, 0.1752419E-03, 0.5222758E-02, 0.5398000E-02, 0.5848611E-03, 0.1535439E-02, 0.2120300E-02,-0.9132113E-03,-0.7419974E-02,-0.8333185E-02, 0.4523870E+03, 0.1716407E+03, 0.4611405E+02, 0.4035418E+03, 0.7674188E-02, 0.9250022E-02
 0.2602000E+02, 0.1955868E-02, 0.2199732E-02, 0.4155600E-02, 0.1743484E-03, 0.5221651E-02, 0.5396000E-02, 0.5844476E-03, 0.1536152E-02, 0.2120600E-02,-0.9129499E-03,-0.7421384E-02,-0.8334334E-02, 0.4523905E+03, 0.1714586E+03, 0.4608145E+02, 0.4035585E+03, 0.7675123E-02, 0.9252577E-02
 0.2603500E+02, 0.1956293E-02, 0.2203507E-02, 0.4159800E-02, 0.1730104E-03, 0.5219989E-02, 0.5393000E-02, 0.5838293E-03, 0.1537221E-02, 0.2121050E-02,-0.9125585E-03,-0.7423497E-02,-0.8336055E-02, 0.4523958E+03, 0.1711859E+03, 0.4603270E+02, 0.4035837E+03, 0.7676526E-02, 0.9256411E-02
 0.2605750E+02, 0.1956928E-02, 0.2209172E-02, 0.4166100E-02, 0.1710080E-03, 0.5217492E-02, 0.5388500E-02, 0.5829059E-03, 0.1538819E-02, 0.2121725E-02,-0.9119727E-03,-0.7426664E-02,-0.8338636E-02, 0.4524036E+03, 0.1707777E+03, 0.4595989E+02, 0.4036218E+03, 0.7678628E-02, 0.9262163E-02
 0.2609125E+02, 0.1957878E-02, 0.2217672E-02, 0.4175550E-02, 0.1680152E-03, 0.5213735E-02, 0.5381750E-02, 0.5815299E-03, 0.1541208E-02, 0.2122738E-02,-0.9110970E-03,-0.7431407E-02,-0.8342504E-02, 0.4524153E+03, 0.1701677E+03, 0.4585139E+02, 0.4036796E+03, 0.7681778E-02, 0.9270794E-02
 0.2614188E+02, 0.1959294E-02, 0.2230431E-02, 0.4189725E-02, 0.1635495E-03, 0.5208076E-02, 0.5371625E-02, 0.5794861E-03, 0.1544770E-02, 0.2124256E-02,-0.9097900E-03,-0.7438506E-02,-0.8348297E-02, 0.4524325E+03, 0.1692574E+03, 0.4569025E+02, 0.4037679E+03, 0.7686500E-02, 0.9283745E-02
 0.2621781E+02, 0.1961400E-02, 0.2249588E-02, 0.4210987E-02, 0.1569032E-03, 0.5199534E-02, 0.5356438E-02, 0.5764650E-03, 0.1550069E-02, 0.2126534E-02,-0.9078443E-03,-0.7449122E-02,-0.8356966E-02, 0.4524579E+03, 0.1679024E+03, 0.4545206E+02, 0.4039038E+03, 0.7693572E-02, 0.9303181E-02
 0.2631781E+02, 0.1964141E-02, 0.2274846E-02, 0.4238987E-02, 0.1482400E-03, 0.5188197E-02, 0.5336437E-02, 0.5725613E-03, 0.1556973E-02, 0.2129534E-02,-0.9053065E-03,-0.7463044E-02,-0.8368351E-02, 0.4524902E+03, 0.1661360E+03, 0.4514430E+02, 0.4040887E+03, 0.7702875E-02, 0.9328796E-02
 0.2641781E+02, 0.1966846E-02, 0.2300141E-02, 0.4266987E-02, 0.1396658E-03, 0.5176771E-02, 0.5316437E-02, 0.5687294E-03, 0.1563805E-02, 0.2132534E-02,-0.9027914E-03,-0.7476913E-02,-0.8379704E-02, 0.4525202E+03, 0.1643873E+03, 0.4484217E+02, 0.4042791E+03, 0.7712180E-02, 0.9354435E-02
 0.2651781E+02, 0.1969517E-02, 0.2325470E-02, 0.4294988E-02, 0.1311789E-03, 0.5165258E-02, 0.5296437E-02, 0.5649675E-03, 0.1570567E-02, 0.2135534E-02,-0.9002988E-03,-0.7490729E-02,-0.8391027E-02, 0.4525483E+03, 0.1626559E+03, 0.4454556E+02, 0.4044752E+03, 0.7721488E-02, 0.9380098E-02
 0.2661781E+02, 0.1972155E-02, 0.2350833E-02, 0.4322988E-02, 0.1227774E-03, 0.5153660E-02, 0.5276438E-02, 0.5612741E-03, 0.1577260E-02, 0.2138534E-02,-0.8978285E-03,-0.7504493E-02,-0.8402321E-02, 0.4525746E+03, 0.1609415E+03, 0.4425434E+02, 0.4046768E+03, 0.7730801E-02, 0.9405782E-02
 0.2671781E+02, 0.1974759E-02, 0.2376228E-02, 0.4350987E-02, 0.1144594E-03, 0.5141978E-02, 0.5256438E-02, 0.5576476E-03, 0.1583887E-02, 0.2141534E-02,-0.8953799E-03,-0.7518206E-02,-0.8413586E-02, 0.4525993E+03, 0.1592437E+03, 0.4396841E+02, 0.4048836E+03, 0.7740119E-02, 0.9431492E-02
 0.2681781E+02, 0.1977333E-02, 0.2401655E-02, 0.4378987E-02, 0.1062233E-03, 0.5130214E-02, 0.5236437E-02, 0.5540864E-03, 0.1590448E-02, 0.2144534E-02,-0.8929530E-03,-0.7531869E-02,-0.8424822E-02, 0.4526223E+03, 0.1575622E+03, 0.4368762E+02, 0.4050957E+03, 0.7749445E-02, 0.9457222E-02
 0.2691781E+02, 0.1979875E-02, 0.2427113E-02, 0.4406987E-02, 0.9806748E-04, 0.5118370E-02, 0.5216438E-02, 0.5505891E-03, 0.1596945E-02, 0.2147534E-02,-0.8905472E-03,-0.7545482E-02,-0.8436030E-02, 0.4526439E+03, 0.1558967E+03, 0.4341187E+02, 0.4053127E+03, 0.7758780E-02, 0.9482975E-02
 0.2700000E+02, 0.1981942E-02, 0.2448058E-02, 0.4430000E-02, 0.9141883E-04, 0.5108581E-02, 0.5200000E-02, 0.5477567E-03, 0.1602243E-02, 0.2150000E-02,-0.8885834E-03,-0.7556639E-02,-0.8445223E-02, 0.4526599E+03, 0.1545387E+03, 0.4318852E+02, 0.4054941E+03, 0.7766466E-02, 0.9504157E-02
 0.2701000E+02, 0.1982196E-02, 0.2450505E-02, 0.4432700E-02, 0.9056293E-04, 0.5107437E-02, 0.5198000E-02, 0.5471393E-03, 0.1602861E-02, 0.2150000E-02,-0.8883271E-03,-0.7557942E-02,-0.8446269E-02, 0.4526613E+03, 0.1543623E+03, 0.4314001E+02, 0.4055111E+03, 0.7767365E-02, 0.9506632E-02
 0.2702000E+02, 0.1982449E-02, 0.2452951E-02, 0.4435400E-02, 0.8970799E-04, 0.5106292E-02, 0.5196000E-02, 0.5465232E-03, 0.1603477E-02, 0.2150000E-02,-0.8880692E-03,-0.7559244E-02,-0.8447313E-02, 0.4526605E+03, 0.1541868E+03, 0.4309144E+02, 0.4055261E+03, 0.7768265E-02, 0.9509105E-02
 0.2703500E+02, 0.1982827E-02, 0.2456623E-02, 0.4439450E-02, 0.8842759E-04, 0.5104573E-02, 0.5193000E-02, 0.5456021E-03, 0.1604398E-02, 0.2150000E-02,-0.8876807E-03,-0.7561195E-02,-0.8448876E-02, 0.4526570E+03, 0.1539248E+03, 0.4301863E+02, 0.4055464E+03, 0.7769615E-02, 0.9512817E-02
 0.2705750E+02, 0.1983394E-02, 0.2462131E-02, 0.4445525E-02, 0.8651164E-04, 0.5101989E-02, 0.5188500E-02, 0.5442271E-03, 0.1605773E-02, 0.2150000E-02,-0.8871023E-03,-0.7564120E-02,-0.8451222E-02, 0.4526552E+03, 0.1535314E+03, 0.4291022E+02, 0.4055807E+03, 0.7771638E-02, 0.9518387E-02
 0.2709125E+02, 0.1984240E-02, 0.2470398E-02, 0.4454638E-02, 0.8364797E-04, 0.5098102E-02, 0.5181750E-02, 0.5421795E-03, 0.1607821E-02, 0.2150000E-02,-0.8862375E-03,-0.7568500E-02,-0.8454737E-02, 0.4526521E+03, 0.1529435E+03, 0.4274877E+02, 0.4056326E+03, 0.7774670E-02, 0.9526743E-02
 0.2714188E+02, 0.1985499E-02, 0.2482807E-02, 0.4468306E-02, 0.7937528E-04, 0.5092250E-02, 0.5171625E-02, 0.5391409E-03, 0.1610859E-02, 0.2150000E-02,-0.8849461E-03,-0.7575057E-02,-0.8460003E-02, 0.4526471E+03, 0.1520661E+03, 0.4250919E+02, 0.4057121E+03, 0.7779214E-02, 0.9539282E-02
 0.2721781E+02, 0.1987369E-02, 0.2501441E-02, 0.4488809E-02, 0.7301649E-04, 0.5083421E-02, 0.5156437E-02, 0.5346548E-03, 0.1615345E-02, 0.2150000E-02,-0.8830223E-03,-0.7584862E-02,-0.8467884E-02, 0.4526387E+03, 0.1507599E+03, 0.4215549E+02, 0.4058347E+03, 0.7786021E-02, 0.9558102E-02
 0.2731781E+02, 0.1989796E-02, 0.2526013E-02, 0.4515809E-02, 0.6472860E-04, 0.5071709E-02, 0.5136438E-02, 0.5288675E-03, 0.1621132E-02, 0.2150000E-02,-0.8805110E-03,-0.7597722E-02,-0.8478233E-02, 0.4526257E+03, 0.1490568E+03, 0.4169920E+02, 0.4060018E+03, 0.7794973E-02, 0.9582910E-02
 0.2741781E+02, 0.1992186E-02, 0.2550623E-02, 0.4542809E-02, 0.5652657E-04, 0.5059911E-02, 0.5116438E-02, 0.5231957E-03, 0.1626804E-02, 0.2150000E-02,-0.8780201E-03,-0.7610534E-02,-0.8488554E-02, 0.4526098E+03, 0.1473706E+03, 0.4125200E+02, 0.4061743E+03, 0.7803924E-02, 0.9607743E-02
 0.2751781E+02, 0.1994540E-02, 0.2575269E-02, 0.4569809E-02, 0.4840837E-04, 0.5048029E-02, 0.5096437E-02, 0.5176360E-03, 0.1632364E-02, 0.2150000E-02,-0.8755499E-03,-0.7623298E-02,-0.8498848E-02, 0.4525915E+03, 0.1457009E+03, 0.4081363E+02, 0.4063522E+03, 0.7812878E-02, 0.9632602E-02
 0.2761781E+02, 0.1996860E-02, 0.2599949E-02, 0.4596809E-02, 0.4037205E-04, 0.5036065E-02, 0.5076437E-02, 0.5121850E-03, 0.1637815E-02, 0.2150000E-02,-0.8730998E-03,-0.7636015E-02,-0.8509115E-02, 0.4525709E+03, 0.1440473E+03, 0.4038384E+02, 0.4065354E+03, 0.7821835E-02, 0.9657487E-02
 0.2771781E+02, 0.1999146E-02, 0.2624663E-02, 0.4623809E-02, 0.3241575E-04, 0.5024022E-02, 0.5056438E-02, 0.5068396E-03, 0.1643160E-02, 0.2150000E-02,-0.8706697E-03,-0.7648685E-02,-0.8519355E-02, 0.4525482E+03, 0.1424094E+03, 0.3996238E+02, 0.4067237E+03, 0.7830795E-02, 0.9682395E-02
 0.2781781E+02, 0.2001400E-02, 0.2649409E-02, 0.4650810E-02, 0.2453767E-04, 0.5011900E-02, 0.5036438E-02, 0.5015967E-03, 0.1648403E-02, 0.2150000E-02,-0.8682595E-03,-0.7661309E-02,-0.8529569E-02, 0.4525236E+03, 0.1407870E+03, 0.3954900E+02, 0.4069171E+03, 0.7839761E-02, 0.9707327E-02
 0.2791781E+02, 0.2003623E-02, 0.2674186E-02, 0.4677809E-02, 0.1673611E-04, 0.4999701E-02, 0.5016438E-02, 0.4964534E-03, 0.1653547E-02, 0.2150000E-02,-0.8658687E-03,-0.7673888E-02,-0.8539756E-02, 0.4524972E+03, 0.1391798E+03, 0.3914347E+02, 0.4071153E+03, 0.7848734E-02, 0.9732282E-02
 0.2800000E+02, 0.2005428E-02, 0.2694572E-02, 0.4700000E-02, 0.1037617E-04, 0.4989624E-02, 0.5000000E-02, 0.4922916E-03, 0.1657708E-02, 0.2150000E-02,-0.8639162E-03,-0.7684196E-02,-0.8548112E-02, 0.4524737E+03, 0.1378691E+03, 0.3881531E+02, 0.4072813E+03, 0.7856119E-02, 0.9752810E-02
 0.2801000E+02, 0.2005717E-02, 0.2697283E-02, 0.4703000E-02, 0.9716755E-05, 0.4988283E-02, 0.4998000E-02, 0.4916396E-03, 0.1658260E-02, 0.2149900E-02,-0.8637572E-03,-0.7685566E-02,-0.8549324E-02, 0.4524940E+03, 0.1377401E+03, 0.3876389E+02, 0.4073137E+03, 0.7857105E-02, 0.9755540E-02
 0.2802000E+02, 0.2006005E-02, 0.2699995E-02, 0.4706000E-02, 0.9057858E-05, 0.4986942E-02, 0.4996000E-02, 0.4909891E-03, 0.1658811E-02, 0.2149800E-02,-0.8635984E-03,-0.7686937E-02,-0.8550536E-02, 0.4525144E+03, 0.1376112E+03, 0.3871260E+02, 0.4073464E+03, 0.7858091E-02, 0.9758270E-02
 0.2803500E+02, 0.2006437E-02, 0.2704063E-02, 0.4710500E-02, 0.8070587E-05, 0.4984929E-02, 0.4993000E-02, 0.4900165E-03, 0.1659633E-02, 0.2149650E-02,-0.8633603E-03,-0.7688993E-02,-0.8552353E-02, 0.4525449E+03, 0.1374180E+03, 0.3863592E+02, 0.4073954E+03, 0.7859571E-02, 0.9762366E-02
 0.2805750E+02, 0.2007083E-02, 0.2710167E-02, 0.4717250E-02, 0.6592092E-05, 0.4981908E-02, 0.4988500E-02, 0.4885650E-03, 0.1660860E-02, 0.2149425E-02,-0.8630034E-03,-0.7692075E-02,-0.8555079E-02, 0.4525905E+03, 0.1371285E+03, 0.3852147E+02, 0.4074690E+03, 0.7861792E-02, 0.9768511E-02
 0.2809125E+02, 0.2008047E-02, 0.2719328E-02, 0.4727375E-02, 0.4379746E-05, 0.4977370E-02, 0.4981750E-02, 0.4864039E-03, 0.1662684E-02, 0.2149087E-02,-0.8624687E-03,-0.7696698E-02,-0.8559167E-02, 0.4526583E+03, 0.1366953E+03, 0.3835108E+02, 0.4075798E+03, 0.7865129E-02, 0.9777732E-02
 0.2814188E+02, 0.2009486E-02, 0.2733076E-02, 0.4742563E-02, 0.1073281E-05, 0.4970552E-02, 0.4971625E-02, 0.4831980E-03, 0.1665383E-02, 0.2148581E-02,-0.8616683E-03,-0.7703628E-02,-0.8565297E-02, 0.4527590E+03, 0.1360477E+03, 0.3809830E+02, 0.4077466E+03, 0.7870143E-02, 0.9791569E-02
 0.2821781E+02, 0.2011625E-02, 0.2753719E-02, 0.4765344E-02,-0.3859594E-05, 0.4960297E-02, 0.4956438E-02, 0.4784672E-03, 0.1669355E-02, 0.2147822E-02,-0.8604711E-03,-0.7714016E-02,-0.8574487E-02, 0.4529077E+03, 0.1350809E+03, 0.3772531E+02, 0.4079983E+03, 0.7877687E-02, 0.9812338E-02
 0.2831781E+02, 0.2014409E-02, 0.2780935E-02, 0.4795344E-02,-0.1030889E-04, 0.4946746E-02, 0.4936438E-02, 0.4723680E-03, 0.1674454E-02, 0.2146822E-02,-0.8589005E-03,-0.7727681E-02,-0.8586582E-02, 0.4530993E+03, 0.1338161E+03, 0.3724443E+02, 0.4083322E+03, 0.7887663E-02, 0.9839713E-02
 0.2841781E+02, 0.2017157E-02, 0.2808186E-02, 0.4825344E-02,-0.1671017E-04, 0.4933148E-02, 0.4916438E-02, 0.4663945E-03, 0.1679427E-02, 0.2145822E-02,-0.8573349E-03,-0.7741334E-02,-0.8598669E-02, 0.4532858E+03, 0.1325598E+03, 0.3677345E+02, 0.4086680E+03, 0.7897694E-02, 0.9867116E-02
 0.2851781E+02, 0.2019871E-02, 0.2835473E-02, 0.4855344E-02,-0.2306397E-04, 0.4919501E-02, 0.4896438E-02, 0.4605429E-03, 0.1684279E-02, 0.2144822E-02,-0.8557749E-03,-0.7754974E-02,-0.8610749E-02, 0.4534677E+03, 0.1313118E+03, 0.3631206E+02, 0.4090059E+03, 0.7907778E-02, 0.9894545E-02
 0.2861781E+02, 0.2022551E-02, 0.2862792E-02, 0.4885344E-02,-0.2937082E-04, 0.4905808E-02, 0.4876437E-02, 0.4548092E-03, 0.1689013E-02, 0.2143822E-02,-0.8542207E-03,-0.7768601E-02,-0.8622821E-02, 0.4536453E+03, 0.1300722E+03, 0.3585998E+02, 0.4093458E+03, 0.7917915E-02, 0.9922002E-02
 0.2871781E+02, 0.2025199E-02, 0.2890144E-02, 0.4915344E-02,-0.3563127E-04, 0.4892069E-02, 0.4856438E-02, 0.4491899E-03, 0.1693632E-02, 0.2142822E-02,-0.8526725E-03,-0.7782213E-02,-0.8634886E-02, 0.4538188E+03, 0.1288408E+03, 0.3541692E+02, 0.4096878E+03, 0.7928107E-02, 0.9949483E-02
 0.2881781E+02, 0.2027816E-02, 0.2917528E-02, 0.4945344E-02,-0.4184584E-04, 0.4878283E-02, 0.4836438E-02, 0.4436816E-03, 0.1698140E-02, 0.2141822E-02,-0.8511306E-03,-0.7795811E-02,-0.8646942E-02, 0.4539883E+03, 0.1276177E+03, 0.3498261E+02, 0.4100317E+03, 0.7938351E-02, 0.9976990E-02
 0.2891781E+02, 0.2030403E-02, 0.2944941E-02, 0.4975344E-02,-0.4801504E-04, 0.4864452E-02, 0.4816437E-02, 0.4382810E-03, 0.1702541E-02, 0.2140822E-02,-0.8495952E-03,-0.7809394E-02,-0.8658989E-02, 0.4541540E+03, 0.1264027E+03, 0.3455679E+02, 0.4103775E+03, 0.7948649E-02, 0.1000452E-01
 0.2900000E+02, 0.2032506E-02, 0.2967494E-02, 0.5000000E-02,-0.5305393E-04, 0.4853054E-02, 0.4800000E-02, 0.4339131E-03, 0.1706087E-02, 0.2140000E-02,-0.8483370E-03,-0.7820548E-02,-0.8668885E-02, 0.4542870E+03, 0.1254099E+03, 0.3421239E+02, 0.4106626E+03, 0.7957156E-02, 0.1002717E-01
 0.2901000E+02, 0.2032876E-02, 0.2970624E-02, 0.5003500E-02,-0.5347227E-04, 0.4851472E-02, 0.4798000E-02, 0.4331230E-03, 0.1706577E-02, 0.2139700E-02,-0.8483160E-03,-0.7822096E-02,-0.8670412E-02, 0.4543419E+03, 0.1253407E+03, 0.3415008E+02, 0.4107164E+03, 0.7958340E-02, 0.1003031E-01
 0.2902000E+02, 0.2033246E-02, 0.2973754E-02, 0.5007000E-02,-0.5389062E-04, 0.4849891E-02, 0.4796000E-02, 0.4323349E-03, 0.1707065E-02, 0.2139400E-02,-0.8482950E-03,-0.7823645E-02,-0.8671940E-02, 0.4543968E+03, 0.1252715E+03, 0.3408794E+02, 0.4107705E+03, 0.7959527E-02, 0.1003345E-01
 0.2903500E+02, 0.2033798E-02, 0.2978452E-02, 0.5012250E-02,-0.5451828E-04, 0.4847518E-02, 0.4793000E-02, 0.4311571E-03, 0.1707793E-02, 0.2138950E-02,-0.8482629E-03,-0.7825970E-02,-0.8674233E-02, 0.4544789E+03, 0.1251674E+03, 0.3399508E+02, 0.4108516E+03, 0.7961310E-02, 0.1003817E-01
 0.2905750E+02, 0.2034625E-02, 0.2985500E-02, 0.5020125E-02,-0.5546004E-04, 0.4843960E-02, 0.4788500E-02, 0.4294002E-03, 0.1708875E-02, 0.2138275E-02,-0.8482135E-03,-0.7829460E-02,-0.8677674E-02, 0.4546014E+03, 0.1250111E+03, 0.3385656E+02, 0.4109730E+03, 0.7963991E-02, 0.1004525E-01
 0.2909125E+02, 0.2035859E-02, 0.2996079E-02, 0.5031938E-02,-0.5687326E-04, 0.4838623E-02, 0.4781750E-02, 0.4267868E-03, 0.1710476E-02, 0.2137263E-02,-0.8481367E-03,-0.7834702E-02,-0.8682838E-02, 0.4547839E+03, 0.1247761E+03, 0.3365049E+02, 0.4111549E+03, 0.7968027E-02, 0.1005586E-01
 0.2914188E+02, 0.2037696E-02, 0.3011960E-02, 0.5049656E-02,-0.5899417E-04, 0.4830619E-02, 0.4771625E-02, 0.4229146E-03, 0.1712829E-02, 0.2135744E-02,-0.8480153E-03,-0.7842579E-02,-0.8690594E-02, 0.4550546E+03, 0.1244225E+03, 0.3334519E+02, 0.4114272E+03, 0.7974113E-02, 0.1007180E-01
 0.2921781E+02, 0.2040424E-02, 0.3035810E-02, 0.5076234E-02,-0.6217742E-04, 0.4818615E-02, 0.4756438E-02, 0.4172110E-03, 0.1716255E-02, 0.2133466E-02,-0.8478204E-03,-0.7854425E-02,-0.8702246E-02, 0.4554542E+03, 0.1238897E+03, 0.3289549E+02, 0.4118343E+03, 0.7983314E-02, 0.1009574E-01
 0.2931781E+02, 0.2043967E-02, 0.3067267E-02, 0.5111234E-02,-0.6637043E-04, 0.4802808E-02, 0.4736437E-02, 0.4098744E-03, 0.1720591E-02, 0.2130466E-02,-0.8475423E-03,-0.7870075E-02,-0.8717618E-02, 0.4559696E+03, 0.1231843E+03, 0.3231704E+02, 0.4123682E+03, 0.7995557E-02, 0.1012729E-01
 0.2941781E+02, 0.2047458E-02, 0.3098776E-02, 0.5146235E-02,-0.7056109E-04, 0.4786998E-02, 0.4716437E-02, 0.4027052E-03, 0.1724760E-02, 0.2127466E-02,-0.8472425E-03,-0.7885775E-02,-0.8733017E-02, 0.4564729E+03, 0.1224762E+03, 0.3175178E+02, 0.4128988E+03, 0.8007938E-02, 0.1015889E-01
 0.2951781E+02, 0.2050900E-02, 0.3130334E-02, 0.5181234E-02,-0.7474830E-04, 0.4771186E-02, 0.4696437E-02, 0.3956977E-03, 0.1728768E-02, 0.2124466E-02,-0.8469231E-03,-0.7901520E-02,-0.8748444E-02, 0.4569653E+03, 0.1217655E+03, 0.3119926E+02, 0.4134267E+03, 0.8020455E-02, 0.1019054E-01
 0.2961781E+02, 0.2054294E-02, 0.3161940E-02, 0.5216234E-02,-0.7893109E-04, 0.4755368E-02, 0.4676437E-02, 0.3888462E-03, 0.1732619E-02, 0.2121466E-02,-0.8465852E-03,-0.7917308E-02,-0.8763893E-02, 0.4574472E+03, 0.1210526E+03, 0.3065905E+02, 0.4139522E+03, 0.8033104E-02, 0.1022222E-01
 0.2971781E+02, 0.2057643E-02, 0.3193591E-02, 0.5251234E-02,-0.8310851E-04, 0.4739546E-02, 0.4656438E-02, 0.3821453E-03, 0.1736320E-02, 0.2118466E-02,-0.8462301E-03,-0.7933137E-02,-0.8779367E-02, 0.4579193E+03, 0.1203379E+03, 0.3013071E+02, 0.4144754E+03, 0.8045885E-02, 0.1025394E-01
 0.2981781E+02, 0.2060948E-02, 0.3225286E-02, 0.5286234E-02,-0.8727970E-04, 0.4723717E-02, 0.4636437E-02, 0.3755901E-03, 0.1739876E-02, 0.2115466E-02,-0.8458588E-03,-0.7949003E-02,-0.8794862E-02, 0.4583819E+03, 0.1196216E+03, 0.2961385E+02, 0.4149962E+03, 0.8058793E-02, 0.1028570E-01
 0.2991781E+02, 0.2064211E-02, 0.3257024E-02, 0.5321234E-02,-0.9144382E-04, 0.4707881E-02, 0.4616437E-02, 0.3691756E-03, 0.1743290E-02, 0.2112466E-02,-0.8454724E-03,-0.7964905E-02,-0.8810378E-02, 0.4588355E+03, 0.1189040E+03, 0.2910809E+02, 0.4155149E+03, 0.8071827E-02, 0.1031750E-01
 0.3000000E+02, 0.2066862E-02, 0.3283138E-02, 0.5350000E-02,-0.9485985E-04, 0.4694860E-02, 0.4600000E-02, 0.3639961E-03, 0.1746004E-02, 0.2110000E-02,-0.8451444E-03,-0.7977998E-02,-0.8823142E-02, 0.4592014E+03, 0.1183139E+03, 0.2869970E+02, 0.4159390E+03, 0.8082632E-02, 0.1034366E-01
 0.3001000E+02, 0.2067104E-02, 0.3286896E-02, 0.5354000E-02,-0.9598406E-04, 0.4692984E-02, 0.4597000E-02, 0.3630086E-03, 0.1746391E-02, 0.2109400E-02,-0.8447657E-03,-0.7979880E-02,-0.8824646E-02, 0.4591795E+03, 0.1180771E+03, 0.2862183E+02, 0.4159652E+03, 0.8084191E-02, 0.1034743E-01
 0.3002000E+02, 0.2067345E-02, 0.3290655E-02, 0.5358000E-02,-0.9710617E-04, 0.4691106E-02, 0.4594000E-02, 0.3620239E-03, 0.1746776E-02, 0.2108800E-02,-0.8443882E-03,-0.7981761E-02,-0.8826150E-02, 0.4591580E+03, 0.1178406E+03, 0.2854419E+02, 0.4159919E+03, 0.8085749E-02, 0.1035119E-01
 0.3003500E+02, 0.2067706E-02, 0.3296294E-02, 0.5364000E-02,-0.9878485E-04, 0.4688285E-02, 0.4589500E-02, 0.3605533E-03, 0.1747347E-02, 0.2107900E-02,-0.8438232E-03,-0.7984579E-02,-0.8828402E-02, 0.4591257E+03, 0.1174868E+03, 0.2842824E+02, 0.4160323E+03, 0.8088085E-02, 0.1035684E-01
 0.3005750E+02, 0.2068244E-02, 0.3304756E-02, 0.5373000E-02,-0.1012929E-03, 0.4684043E-02, 0.4582750E-02, 0.3583620E-03, 0.1748188E-02, 0.2106550E-02,-0.8429792E-03,-0.7988798E-02,-0.8831778E-02, 0.4590776E+03, 0.1169582E+03, 0.2825546E+02, 0.4160933E+03, 0.8091586E-02, 0.1036532E-01
 0.3009125E+02, 0.2069047E-02, 0.3317453E-02, 0.5386500E-02,-0.1050329E-03, 0.4677658E-02, 0.4572625E-02, 0.3551070E-03, 0.1749418E-02, 0.2104525E-02,-0.8417204E-03,-0.7995111E-02,-0.8836831E-02, 0.4590057E+03, 0.1161699E+03, 0.2799882E+02, 0.4161860E+03, 0.8096831E-02, 0.1037803E-01
 0.3014188E+02, 0.2070240E-02, 0.3336510E-02, 0.5406750E-02,-0.1105945E-03, 0.4668032E-02, 0.4557437E-02, 0.3502945E-03, 0.1751193E-02, 0.2101487E-02,-0.8398483E-03,-0.8004542E-02,-0.8844390E-02, 0.4588987E+03, 0.1149977E+03, 0.2761938E+02, 0.4163276E+03, 0.8104684E-02, 0.1039712E-01
 0.3021781E+02, 0.2072006E-02, 0.3365119E-02, 0.5437125E-02,-0.1188316E-03, 0.4653488E-02, 0.4534656E-02, 0.3432277E-03, 0.1753704E-02, 0.2096931E-02,-0.8370755E-03,-0.8018606E-02,-0.8855682E-02, 0.4587404E+03, 0.1132612E+03, 0.2706219E+02, 0.4165458E+03, 0.8116434E-02, 0.1042577E-01
 0.3031781E+02, 0.2074290E-02, 0.3402835E-02, 0.5477125E-02,-0.1295028E-03, 0.4634159E-02, 0.4504656E-02, 0.3341723E-03, 0.1756759E-02, 0.2090931E-02,-0.8334820E-03,-0.8036994E-02,-0.8870476E-02, 0.4585349E+03, 0.1110111E+03, 0.2634821E+02, 0.4168428E+03, 0.8131875E-02, 0.1046353E-01
 0.3041781E+02, 0.2076527E-02, 0.3440598E-02, 0.5517125E-02,-0.1400014E-03, 0.4614658E-02, 0.4474656E-02, 0.3253561E-03, 0.1759575E-02, 0.2084931E-02,-0.8299413E-03,-0.8055256E-02,-0.8885197E-02, 0.4583294E+03, 0.1087972E+03, 0.2565308E+02, 0.4171474E+03, 0.8147310E-02, 0.1050133E-01
 0.3051781E+02, 0.2078721E-02, 0.3478404E-02, 0.5557125E-02,-0.1503345E-03, 0.4594991E-02, 0.4444656E-02, 0.3167691E-03, 0.1762162E-02, 0.2078931E-02,-0.8264529E-03,-0.8073395E-02,-0.8899848E-02, 0.4581252E+03, 0.1066176E+03, 0.2497602E+02, 0.4174604E+03, 0.8162742E-02, 0.1053918E-01
 0.3061781E+02, 0.2080873E-02, 0.3516252E-02, 0.5597125E-02,-0.1605087E-03, 0.4575165E-02, 0.4414656E-02, 0.3084016E-03, 0.1764530E-02, 0.2072931E-02,-0.8230150E-03,-0.8091417E-02,-0.8914432E-02, 0.4579225E+03, 0.1044711E+03, 0.2431627E+02, 0.4177815E+03, 0.8178181E-02, 0.1057706E-01
 0.3071781E+02, 0.2082987E-02, 0.3554138E-02, 0.5637125E-02,-0.1705302E-03, 0.4555186E-02, 0.4384656E-02, 0.3002447E-03, 0.1766686E-02, 0.2066931E-02,-0.8196260E-03,-0.8109325E-02,-0.8928951E-02, 0.4577214E+03, 0.1023564E+03, 0.2367313E+02, 0.4181104E+03, 0.8193630E-02, 0.1061499E-01
 0.3081781E+02, 0.2085065E-02, 0.3592060E-02, 0.5677125E-02,-0.1804046E-03, 0.4535061E-02, 0.4354656E-02, 0.2922901E-03, 0.1768641E-02, 0.2060931E-02,-0.8162846E-03,-0.8127121E-02,-0.8943406E-02, 0.4575222E+03, 0.1002723E+03, 0.2304593E+02, 0.4184466E+03, 0.8209093E-02, 0.1065295E-01
 0.3091781E+02, 0.2087109E-02, 0.3630016E-02, 0.5717125E-02,-0.1901373E-03, 0.4514793E-02, 0.4324656E-02, 0.2845296E-03, 0.1770402E-02, 0.2054931E-02,-0.8129893E-03,-0.8144810E-02,-0.8957799E-02, 0.4573248E+03, 0.9821790E+02, 0.2243404E+02, 0.4187900E+03, 0.8224576E-02, 0.1069095E-01
 0.3100000E+02, 0.2088762E-02, 0.3661238E-02, 0.5750000E-02,-0.1980412E-03, 0.4498041E-02, 0.4300000E-02, 0.2782785E-03, 0.1771721E-02, 0.2050000E-02,-0.8103098E-03,-0.8159279E-02,-0.8969589E-02, 0.4571622E+03, 0.9654953E+02, 0.2194118E+02, 0.4190758E+03, 0.8237328E-02, 0.1072221E-01
 0.3101000E+02, 0.2089057E-02, 0.3664343E-02, 0.5753400E-02,-0.1983754E-03, 0.4496376E-02, 0.4298000E-02, 0.2773496E-03, 0.1771850E-02, 0.2049200E-02,-0.8102921E-03,-0.8160719E-02,-0.8971011E-02, 0.4572051E+03, 0.9649456E+02, 0.2186795E+02, 0.4191235E+03, 0.8238602E-02, 0.1072532E-01
 0.3102000E+02, 0.2089351E-02, 0.3667449E-02, 0.5756800E-02,-0.1987097E-03, 0.4494710E-02, 0.4296000E-02, 0.2764229E-03, 0.1771977E-02, 0.2048400E-02,-0.8102750E-03,-0.8162159E-02,-0.8972434E-02, 0.4572487E+03, 0.9643915E+02, 0.2179488E+02, 0.4191722E+03, 0.8239877E-02, 0.1072843E-01
 0.3103500E+02, 0.2089791E-02, 0.3672109E-02, 0.5761900E-02,-0.1992113E-03, 0.4492211E-02, 0.4293000E-02, 0.2750380E-03, 0.1772162E-02, 0.2047200E-02,-0.8102487E-03,-0.8164320E-02,-0.8974569E-02, 0.4573140E+03, 0.9635590E+02, 0.2168569E+02, 0.4192451E+03, 0.8241793E-02, 0.1073309E-01
 0.3105750E+02, 0.2090449E-02, 0.3679101E-02, 0.5769550E-02,-0.1999642E-03, 0.4488464E-02, 0.4288500E-02, 0.2729720E-03, 0.1772428E-02, 0.2045400E-02,-0.8102080E-03,-0.8167565E-02,-0.8977773E-02, 0.4574113E+03, 0.9623075E+02, 0.2152279E+02, 0.4193544E+03, 0.8244674E-02, 0.1074009E-01
 0.3109125E+02, 0.2091431E-02, 0.3689594E-02, 0.5781025E-02,-0.2010947E-03, 0.4482845E-02, 0.4281750E-02, 0.2698981E-03, 0.1772802E-02, 0.2042700E-02,-0.8101442E-03,-0.8172438E-02,-0.8982583E-02, 0.4575561E+03, 0.9604243E+02, 0.2128043E+02, 0.4195182E+03, 0.8249006E-02, 0.1075060E-01
 0.3114188E+02, 0.2092893E-02, 0.3705345E-02, 0.5798238E-02,-0.2027929E-03, 0.4474418E-02, 0.4271625E-02, 0.2653428E-03, 0.1773307E-02, 0.2038650E-02,-0.8100428E-03,-0.8179762E-02,-0.8989805E-02, 0.4577707E+03, 0.9575861E+02, 0.2092126E+02, 0.4197634E+03, 0.8255537E-02, 0.1076636E-01
 0.3121781E+02, 0.2095061E-02, 0.3728996E-02, 0.5824056E-02,-0.2053452E-03, 0.4461783E-02, 0.4256437E-02, 0.2586305E-03, 0.1773944E-02, 0.2032575E-02,-0.8098783E-03,-0.8190778E-02,-0.9000656E-02, 0.4580868E+03, 0.9533005E+02, 0.2039201E+02, 0.4201302E+03, 0.8265398E-02, 0.1079003E-01
 0.3131781E+02, 0.2097874E-02, 0.3760183E-02, 0.5858056E-02,-0.2087130E-03, 0.4445150E-02, 0.4236438E-02, 0.2499923E-03, 0.1774583E-02, 0.2024575E-02,-0.8096411E-03,-0.8205333E-02,-0.9014974E-02, 0.4584935E+03, 0.9476125E+02, 0.1971091E+02, 0.4206116E+03, 0.8278502E-02, 0.1082125E-01
 0.3141781E+02, 0.2100643E-02, 0.3791413E-02, 0.5892056E-02,-0.2120841E-03, 0.4428522E-02, 0.4216438E-02, 0.2415473E-03, 0.1775028E-02, 0.2016575E-02,-0.8093832E-03,-0.8219935E-02,-0.9029318E-02, 0.4588896E+03, 0.9418898E+02, 0.1904505E+02, 0.4210902E+03, 0.8291735E-02, 0.1085250E-01
 0.3151781E+02, 0.2103371E-02, 0.3822686E-02, 0.5926056E-02,-0.2154577E-03, 0.4411895E-02, 0.4196438E-02, 0.2332886E-03, 0.1775286E-02, 0.2008575E-02,-0.8091063E-03,-0.8234581E-02,-0.9043687E-02, 0.4592760E+03, 0.9361333E+02, 0.1839388E+02, 0.4215668E+03, 0.8305094E-02, 0.1088379E-01
 0.3161781E+02, 0.2106058E-02, 0.3853998E-02, 0.5960056E-02,-0.2188330E-03, 0.4395270E-02, 0.4176437E-02, 0.2252092E-03, 0.1775366E-02, 0.2000575E-02,-0.8088117E-03,-0.8249268E-02,-0.9058080E-02, 0.4596534E+03, 0.9303461E+02, 0.1775685E+02, 0.4220414E+03, 0.8318577E-02, 0.1091513E-01
 0.3171781E+02, 0.2108708E-02, 0.3885348E-02, 0.5994056E-02,-0.2222091E-03, 0.4378647E-02, 0.4156438E-02, 0.2173028E-03, 0.1775272E-02, 0.1992575E-02,-0.8085005E-03,-0.8263995E-02,-0.9072495E-02, 0.4600222E+03, 0.9245315E+02, 0.1713345E+02, 0.4225141E+03, 0.8332182E-02, 0.1094649E-01
 0.3181781E+02, 0.2111322E-02, 0.3916734E-02, 0.6028056E-02,-0.2255852E-03, 0.4362023E-02, 0.4136437E-02, 0.2095632E-03, 0.1775012E-02, 0.1984575E-02,-0.8081737E-03,-0.8278757E-02,-0.9086931E-02, 0.4603828E+03, 0.9186922E+02, 0.1652321E+02, 0.4229850E+03, 0.8345906E-02, 0.1097790E-01
 0.3191781E+02, 0.2113901E-02, 0.3948155E-02, 0.6062056E-02,-0.2289607E-03, 0.4345398E-02, 0.4116438E-02, 0.2019846E-03, 0.1774590E-02, 0.1976575E-02,-0.8078323E-03,-0.8293553E-02,-0.9101386E-02, 0.4607357E+03, 0.9128312E+02, 0.1592567E+02, 0.4234542E+03, 0.8359746E-02, 0.1100934E-01
 0.3200000E+02, 0.2115996E-02, 0.3974004E-02, 0.6090000E-02,-0.2317329E-03, 0.4331733E-02, 0.4100000E-02, 0.1958618E-03, 0.1774138E-02, 0.1970000E-02,-0.8075417E-03,-0.8305737E-02,-0.9113278E-02, 0.4610198E+03, 0.9080038E+02, 0.1544293E+02, 0.4238380E+03, 0.8371207E-02, 0.1103520E-01
 0.3201000E+02, 0.2116173E-02, 0.3977927E-02, 0.6094100E-02,-0.2326574E-03, 0.4329657E-02, 0.4097000E-02, 0.1946342E-03, 0.1774066E-02, 0.1968700E-02,-0.8072208E-03,-0.8307585E-02,-0.9114805E-02, 0.4609966E+03, 0.9060423E+02, 0.1534616E+02, 0.4238694E+03, 0.8372951E-02, 0.1103913E-01
 0.3202000E+02, 0.2116349E-02, 0.3981852E-02, 0.6098200E-02,-0.2335801E-03, 0.4327580E-02, 0.4094000E-02, 0.1934102E-03, 0.1773990E-02, 0.1967400E-02,-0.8069007E-03,-0.8309431E-02,-0.9116332E-02, 0.4609739E+03, 0.9040826E+02, 0.1524965E+02, 0.4239014E+03, 0.8374695E-02, 0.1104305E-01
 0.3203500E+02, 0.2116612E-02, 0.3987738E-02, 0.6104350E-02,-0.2349608E-03, 0.4324461E-02, 0.4089500E-02, 0.1915825E-03, 0.1773868E-02, 0.1965450E-02,-0.8064219E-03,-0.8312199E-02,-0.9118621E-02, 0.4609400E+03, 0.9011502E+02, 0.1510554E+02, 0.4239496E+03, 0.8377309E-02, 0.1104895E-01
 0.3205750E+02, 0.2117006E-02, 0.3996569E-02, 0.6113575E-02,-0.2370241E-03, 0.4319774E-02, 0.4082750E-02, 0.1888593E-03, 0.1773666E-02, 0.1962525E-02,-0.8057064E-03,-0.8316344E-02,-0.9122050E-02, 0.4608892E+03, 0.8967681E+02, 0.1489083E+02, 0.4240223E+03, 0.8381230E-02, 0.1105778E-01
 0.3209125E+02, 0.2117593E-02, 0.4009820E-02, 0.6127412E-02,-0.2401019E-03, 0.4312727E-02, 0.4072625E-02, 0.1848149E-03, 0.1773323E-02, 0.1958138E-02,-0.8046390E-03,-0.8322546E-02,-0.9127185E-02, 0.4608135E+03, 0.8902312E+02, 0.1457194E+02, 0.4241322E+03, 0.8387108E-02, 0.1107104E-01
 0.3214187E+02, 0.2118466E-02, 0.4029702E-02, 0.6148169E-02,-0.2446811E-03, 0.4302118E-02, 0.4057437E-02, 0.1788367E-03, 0.1772720E-02, 0.1951556E-02,-0.8030509E-03,-0.8331821E-02,-0.9134872E-02, 0.4607009E+03, 0.8805054E+02, 0.1410058E+02, 0.4242991E+03, 0.8395921E-02, 0.1109095E-01
 0.3221781E+02, 0.2119761E-02, 0.4059542E-02, 0.6179303E-02,-0.2514683E-03, 0.4286124E-02, 0.4034656E-02, 0.1700607E-03, 0.1771624E-02, 0.1941684E-02,-0.8006975E-03,-0.8345666E-02,-0.9146364E-02, 0.4605345E+03, 0.8660881E+02, 0.1340859E+02, 0.4245540E+03, 0.8409131E-02, 0.1112082E-01
 0.3231781E+02, 0.2121438E-02, 0.4098865E-02, 0.6220303E-02,-0.2602695E-03, 0.4264926E-02, 0.4004656E-02, 0.1588191E-03, 0.1769865E-02, 0.1928684E-02,-0.7976457E-03,-0.8363791E-02,-0.9161436E-02, 0.4603190E+03, 0.8473890E+02, 0.1252215E+02, 0.4248973E+03, 0.8426525E-02, 0.1116019E-01
 0.3241781E+02, 0.2123083E-02, 0.4138220E-02, 0.6261303E-02,-0.2689363E-03, 0.4243593E-02, 0.3974656E-02, 0.1478784E-03, 0.1767806E-02, 0.1915684E-02,-0.7946363E-03,-0.8381812E-02,-0.9176448E-02, 0.4601039E+03, 0.8289766E+02, 0.1165951E+02, 0.4252457E+03, 0.8443944E-02, 0.1119961E-01
 0.3251781E+02, 0.2124698E-02, 0.4177605E-02, 0.6302303E-02,-0.2774741E-03, 0.4222130E-02, 0.3944656E-02, 0.1372252E-03, 0.1765459E-02, 0.1902684E-02,-0.7916694E-03,-0.8399735E-02,-0.9191405E-02, 0.4598906E+03, 0.8108344E+02, 0.1081954E+02, 0.4256003E+03, 0.8461392E-02, 0.1123907E-01
 0.3261781E+02, 0.2126285E-02, 0.4217018E-02, 0.6343303E-02,-0.2858882E-03, 0.4200545E-02, 0.3914656E-02, 0.1268467E-03, 0.1762838E-02, 0.1889684E-02,-0.7887434E-03,-0.8417563E-02,-0.9206306E-02, 0.4596795E+03, 0.7929519E+02, 0.1000122E+02, 0.4259609E+03, 0.8478874E-02, 0.1127857E-01
 0.3271781E+02, 0.2127846E-02, 0.4256457E-02, 0.6384303E-02,-0.2941834E-03, 0.4178840E-02, 0.3884656E-02, 0.1167310E-03, 0.1759953E-02, 0.1876684E-02,-0.7858573E-03,-0.8435297E-02,-0.9221154E-02, 0.4594706E+03, 0.7753196E+02, 0.9203629E+01, 0.4263272E+03, 0.8496394E-02, 0.1131811E-01
 0.3281781E+02, 0.2129383E-02, 0.4295920E-02, 0.6425303E-02,-0.3023643E-03, 0.4157021E-02, 0.3854656E-02, 0.1068669E-03, 0.1756818E-02, 0.1863684E-02,-0.7830099E-03,-0.8452941E-02,-0.9235951E-02, 0.4592639E+03, 0.7579288E+02, 0.8425878E+01, 0.4266989E+03, 0.8513955E-02, 0.1135769E-01
 0.3291781E+02, 0.2130897E-02, 0.4335406E-02, 0.6466303E-02,-0.3104348E-03, 0.4135091E-02, 0.3824656E-02, 0.9724391E-04, 0.1753440E-02, 0.1850684E-02,-0.7802001E-03,-0.8470497E-02,-0.9250697E-02, 0.4590596E+03, 0.7407712E+02, 0.7667138E+01, 0.4270757E+03, 0.8531561E-02, 0.1139730E-01
 0.3300000E+02, 0.2132124E-02, 0.4367876E-02, 0.6500000E-02,-0.3169935E-03, 0.4116993E-02, 0.3800000E-02, 0.8949303E-04, 0.1750507E-02, 0.1840000E-02,-0.7779140E-03,-0.8484869E-02,-0.9262783E-02, 0.4588915E+03, 0.7268301E+02, 0.7056098E+01, 0.4273874E+03, 0.8546076E-02, 0.1142989E-01
 0.3301000E+02, 0.2132418E-02, 0.4371882E-02, 0.6504300E-02,-0.3172613E-03, 0.4114761E-02, 0.3797500E-02, 0.8795987E-04, 0.1750140E-02, 0.1838100E-02,-0.7779241E-03,-0.8486643E-02,-0.9264568E-02, 0.4589385E+03, 0.7264298E+02, 0.6935297E+01, 0.4274426E+03, 0.8547874E-02, 0.1143391E-01
 0.3302000E+02, 0.2132710E-02, 0.4375890E-02, 0.6508600E-02,-0.3175294E-03, 0.4112530E-02, 0.3795000E-02, 0.8643167E-04, 0.1749768E-02, 0.1836200E-02,-0.7779347E-03,-0.8488419E-02,-0.9266354E-02, 0.4589863E+03, 0.7260237E+02, 0.6814805E+01, 0.4274990E+03, 0.8549675E-02, 0.1143793E-01
 0.3303500E+02, 0.2133148E-02, 0.4381903E-02, 0.6515050E-02,-0.3179324E-03, 0.4109182E-02, 0.3791250E-02, 0.8415036E-04, 0.1749200E-02, 0.1833350E-02,-0.7779493E-03,-0.8491085E-02,-0.9269034E-02, 0.4590576E+03, 0.7254114E+02, 0.6634933E+01, 0.4275834E+03, 0.8552381E-02, 0.1144397E-01
 0.3305750E+02, 0.2133800E-02, 0.4390925E-02, 0.6524725E-02,-0.3185388E-03, 0.4104164E-02, 0.3785625E-02, 0.8075284E-04, 0.1748322E-02, 0.1829075E-02,-0.7779690E-03,-0.8495089E-02,-0.9273058E-02, 0.4591635E+03, 0.7244860E+02, 0.6367051E+01, 0.4277100E+03, 0.8556449E-02, 0.1145302E-01
 0.3309125E+02, 0.2134770E-02, 0.4404467E-02, 0.6539237E-02,-0.3194528E-03, 0.4096640E-02, 0.3777187E-02, 0.7571044E-04, 0.1746952E-02, 0.1822663E-02,-0.7779932E-03,-0.8501108E-02,-0.9279101E-02, 0.4593204E+03, 0.7230828E+02, 0.5969474E+01, 0.4278995E+03, 0.8562575E-02, 0.1146662E-01
 0.3314187E+02, 0.2136209E-02, 0.4424797E-02, 0.6561006E-02,-0.3208331E-03, 0.4085364E-02, 0.3764531E-02, 0.6826461E-04, 0.1744779E-02, 0.1813044E-02,-0.7780183E-03,-0.8510162E-02,-0.9288180E-02, 0.4595513E+03, 0.7209450E+02, 0.5382387E+01, 0.4281832E+03, 0.8571815E-02, 0.1148703E-01
 0.3321781E+02, 0.2138330E-02, 0.4455329E-02, 0.6593660E-02,-0.3229234E-03, 0.4068470E-02, 0.3745547E-02, 0.5734979E-04, 0.1741266E-02, 0.1798616E-02,-0.7780321E-03,-0.8523799E-02,-0.9301832E-02, 0.4598886E+03, 0.7176669E+02, 0.4521734E+01, 0.4286078E+03, 0.8585786E-02, 0.1151768E-01
 0.3331781E+02, 0.2141063E-02, 0.4495597E-02, 0.6636659E-02,-0.3257069E-03, 0.4046254E-02, 0.3720547E-02, 0.4339383E-04, 0.1736222E-02, 0.1779616E-02,-0.7780096E-03,-0.8541850E-02,-0.9319860E-02, 0.4603152E+03, 0.7132465E+02, 0.3421437E+01, 0.4291627E+03, 0.8604378E-02, 0.1155813E-01
 0.3341781E+02, 0.2143731E-02, 0.4535928E-02, 0.6679659E-02,-0.3285146E-03, 0.4024061E-02, 0.3695547E-02, 0.2983583E-04, 0.1730780E-02, 0.1760616E-02,-0.7779498E-03,-0.8559990E-02,-0.9337940E-02, 0.4607266E+03, 0.7087248E+02, 0.2352440E+01, 0.4297158E+03, 0.8623184E-02, 0.1159865E-01
 0.3351781E+02, 0.2146340E-02, 0.4576319E-02, 0.6722659E-02,-0.3313449E-03, 0.4001892E-02, 0.3670547E-02, 0.1665654E-04, 0.1724959E-02, 0.1741616E-02,-0.7778550E-03,-0.8578211E-02,-0.9356066E-02, 0.4611231E+03, 0.7041122E+02, 0.1313304E+01, 0.4302664E+03, 0.8642195E-02, 0.1163924E-01
 0.3361781E+02, 0.2148895E-02, 0.4616765E-02, 0.6765659E-02,-0.3341963E-03, 0.3979743E-02, 0.3645547E-02, 0.3838035E-05, 0.1718778E-02, 0.1722616E-02,-0.7777279E-03,-0.8596508E-02,-0.9374236E-02, 0.4615059E+03, 0.6994152E+02, 0.3026143E+00, 0.4308147E+03, 0.8661405E-02, 0.1167991E-01
 0.3371781E+02, 0.2151399E-02, 0.4657261E-02, 0.6808660E-02,-0.3370671E-03, 0.3957614E-02, 0.3620547E-02,-0.8636463E-05, 0.1712252E-02, 0.1703616E-02,-0.7775707E-03,-0.8614874E-02,-0.9392445E-02, 0.4618760E+03, 0.6946403E+02,-0.6809519E+00, 0.4313610E+03, 0.8680812E-02, 0.1172063E-01
 0.3381781E+02, 0.2153856E-02, 0.4697803E-02, 0.6851659E-02,-0.3399558E-03, 0.3935503E-02, 0.3595547E-02,-0.2078262E-04, 0.1705398E-02, 0.1684616E-02,-0.7773858E-03,-0.8633306E-02,-0.9410692E-02, 0.4622343E+03, 0.6897934E+02,-0.1638630E+01, 0.4319052E+03, 0.8700410E-02, 0.1176143E-01
 0.3391781E+02, 0.2156269E-02, 0.4738390E-02, 0.6894659E-02,-0.3428608E-03, 0.3913408E-02, 0.3570547E-02,-0.3261511E-04, 0.1698231E-02, 0.1665616E-02,-0.7771751E-03,-0.8651798E-02,-0.9428973E-02, 0.4625816E+03, 0.6848801E+02,-0.2571576E+01, 0.4324476E+03, 0.8720195E-02, 0.1180228E-01
 0.3400000E+02, 0.2158221E-02, 0.4771779E-02, 0.6930000E-02,-0.3452564E-03, 0.3895256E-02, 0.3550000E-02,-0.4213460E-04, 0.1692135E-02, 0.1650000E-02,-0.7769858E-03,-0.8667035E-02,-0.9444021E-02, 0.4628605E+03, 0.6807980E+02,-0.3322296E+01, 0.4328931E+03, 0.8736592E-02, 0.1183589E-01
 0.3401000E+02, 0.2158393E-02, 0.4775106E-02, 0.6933500E-02,-0.3454478E-03, 0.3893448E-02, 0.3548000E-02,-0.4352346E-04, 0.1691523E-02, 0.1648000E-02,-0.7769767E-03,-0.8668554E-02,-0.9445531E-02, 0.4628853E+03, 0.6804879E+02,-0.3431657E+01, 0.4329318E+03, 0.8738232E-02, 0.1183924E-01
 0.3402000E+02, 0.2158565E-02, 0.4778435E-02, 0.6937000E-02,-0.3456392E-03, 0.3891639E-02, 0.3546000E-02,-0.4490861E-04, 0.1690909E-02, 0.1646000E-02,-0.7769683E-03,-0.8670074E-02,-0.9447042E-02, 0.4629110E+03, 0.6801728E+02,-0.3540871E+01, 0.4329719E+03, 0.8739873E-02, 0.1184259E-01
 0.3403500E+02, 0.2158822E-02, 0.4783428E-02, 0.6942250E-02,-0.3459266E-03, 0.3888927E-02, 0.3543000E-02,-0.4697819E-04, 0.1689978E-02, 0.1643000E-02,-0.7769552E-03,-0.8672355E-02,-0.9449310E-02, 0.4629495E+03, 0.6796989E+02,-0.3704050E+01, 0.4330320E+03, 0.8742337E-02, 0.1184762E-01
 0.3405750E+02, 0.2159206E-02, 0.4790919E-02, 0.6950125E-02,-0.3463587E-03, 0.3884859E-02, 0.3538500E-02,-0.5006442E-04, 0.1688564E-02, 0.1638500E-02,-0.7769346E-03,-0.8675777E-02,-0.9452712E-02, 0.4630068E+03, 0.6789851E+02,-0.3947387E+01, 0.4331221E+03, 0.8746038E-02, 0.1185517E-01
 0.3409125E+02, 0.2159778E-02, 0.4802159E-02, 0.6961937E-02,-0.3470086E-03, 0.3878759E-02, 0.3531750E-02,-0.5465360E-04, 0.1686404E-02, 0.1631750E-02,-0.7769013E-03,-0.8680918E-02,-0.9457820E-02, 0.4630918E+03, 0.6779076E+02,-0.4309228E+01, 0.4332574E+03, 0.8751602E-02, 0.1186649E-01
 0.3414187E+02, 0.2160629E-02, 0.4819028E-02, 0.6979656E-02,-0.3479875E-03, 0.3869612E-02, 0.3521625E-02,-0.6144920E-04, 0.1683074E-02, 0.1621625E-02,-0.7768463E-03,-0.8688640E-02,-0.9465486E-02, 0.4632173E+03, 0.6762769E+02,-0.4845044E+01, 0.4334603E+03, 0.8759975E-02, 0.1188349E-01
 0.3421781E+02, 0.2161888E-02, 0.4844346E-02, 0.7006234E-02,-0.3494649E-03, 0.3855902E-02, 0.3506438E-02,-0.7145118E-04, 0.1677889E-02, 0.1606438E-02,-0.7767532E-03,-0.8700249E-02,-0.9477002E-02, 0.4634015E+03, 0.6737986E+02,-0.5633706E+01, 0.4337652E+03, 0.8772596E-02, 0.1190901E-01
 0.3431781E+02, 0.2163518E-02, 0.4877717E-02, 0.7041235E-02,-0.3514242E-03, 0.3837862E-02, 0.3486437E-02,-0.8430480E-04, 0.1670742E-02, 0.1586437E-02,-0.7766125E-03,-0.8715578E-02,-0.9492191E-02, 0.4636369E+03, 0.6704832E+02,-0.6647274E+01, 0.4341672E+03, 0.8789323E-02, 0.1194267E-01
 0.3441781E+02, 0.2165115E-02, 0.4911119E-02, 0.7076234E-02,-0.3533940E-03, 0.3819831E-02, 0.3466437E-02,-0.9685289E-04, 0.1663290E-02, 0.1566438E-02,-0.7764531E-03,-0.8730951E-02,-0.9507404E-02, 0.4638637E+03, 0.6671255E+02,-0.7636649E+01, 0.4345682E+03, 0.8806171E-02, 0.1197638E-01
 0.3451781E+02, 0.2166684E-02, 0.4944551E-02, 0.7111234E-02,-0.3553741E-03, 0.3801811E-02, 0.3446437E-02,-0.1091080E-03, 0.1655545E-02, 0.1546437E-02,-0.7762766E-03,-0.8746362E-02,-0.9522639E-02, 0.4640832E+03, 0.6637247E+02,-0.8602921E+01, 0.4349692E+03, 0.8823137E-02, 0.1201015E-01
 0.3461781E+02, 0.2168224E-02, 0.4978010E-02, 0.7146234E-02,-0.3573644E-03, 0.3783802E-02, 0.3426437E-02,-0.1210819E-03, 0.1647519E-02, 0.1526437E-02,-0.7760840E-03,-0.8761812E-02,-0.9537896E-02, 0.4642958E+03, 0.6602826E+02,-0.9547027E+01, 0.4353701E+03, 0.8840220E-02, 0.1204396E-01
 0.3471781E+02, 0.2169740E-02, 0.5011494E-02, 0.7181234E-02,-0.3593645E-03, 0.3765802E-02, 0.3406437E-02,-0.1327859E-03, 0.1639223E-02, 0.1506437E-02,-0.7758765E-03,-0.8777296E-02,-0.9553173E-02, 0.4645021E+03, 0.6568012E+02,-0.1046985E+02, 0.4357711E+03, 0.8857418E-02, 0.1207781E-01
 0.3481781E+02, 0.2171233E-02, 0.5045001E-02, 0.7216234E-02,-0.3613742E-03, 0.3747812E-02, 0.3386438E-02,-0.1442306E-03, 0.1630668E-02, 0.1486437E-02,-0.7756548E-03,-0.8792813E-02,-0.9568468E-02, 0.4647025E+03, 0.6532825E+02,-0.1137222E+02, 0.4361720E+03, 0.8874729E-02, 0.1211171E-01
 0.3491781E+02, 0.2172704E-02, 0.5078531E-02, 0.7251234E-02,-0.3633930E-03, 0.3729830E-02, 0.3366437E-02,-0.1554258E-03, 0.1621863E-02, 0.1466437E-02,-0.7754199E-03,-0.8808361E-02,-0.9583781E-02, 0.4648974E+03, 0.6497285E+02,-0.1225492E+02, 0.4365729E+03, 0.8892152E-02, 0.1214565E-01
 0.3500000E+02, 0.2173896E-02, 0.5106104E-02, 0.7280000E-02,-0.3650569E-03, 0.3715057E-02, 0.3350000E-02,-0.1644627E-03, 0.1614463E-02, 0.1450000E-02,-0.7752173E-03,-0.8821161E-02,-0.9596379E-02, 0.4650529E+03, 0.6467883E+02,-0.1296734E+02, 0.4369016E+03, 0.8906554E-02, 0.1217358E-01
 0.3501000E+02, 0.2174145E-02, 0.5110755E-02, 0.7284900E-02,-0.3650665E-03, 0.3712567E-02, 0.3347500E-02,-0.1662087E-03, 0.1613209E-02, 0.1447000E-02,-0.7753194E-03,-0.8823321E-02,-0.9598641E-02, 0.4651079E+03, 0.6469373E+02,-0.1310492E+02, 0.4369626E+03, 0.8908991E-02, 0.1217829E-01
 0.3502000E+02, 0.2174394E-02, 0.5115407E-02, 0.7289800E-02,-0.3650771E-03, 0.3710077E-02, 0.3345000E-02,-0.1679488E-03, 0.1611949E-02, 0.1444000E-02,-0.7754214E-03,-0.8825484E-02,-0.9600905E-02, 0.4651631E+03, 0.6470815E+02,-0.1324212E+02, 0.4370242E+03, 0.8911431E-02, 0.1218300E-01
 0.3503500E+02, 0.2174765E-02, 0.5122385E-02, 0.7297150E-02,-0.3650952E-03, 0.3706345E-02, 0.3341250E-02,-0.1705460E-03, 0.1610046E-02, 0.1439500E-02,-0.7755727E-03,-0.8828730E-02,-0.9604303E-02, 0.4652455E+03, 0.6472914E+02,-0.1344690E+02, 0.4371165E+03, 0.8915097E-02, 0.1219007E-01
 0.3505750E+02, 0.2175319E-02, 0.5132856E-02, 0.7308175E-02,-0.3651279E-03, 0.3700753E-02, 0.3335625E-02,-0.1744129E-03, 0.1607163E-02, 0.1432750E-02,-0.7757962E-03,-0.8833609E-02,-0.9609405E-02, 0.4653682E+03, 0.6475923E+02,-0.1375179E+02, 0.4372548E+03, 0.8920610E-02, 0.1220068E-01
 0.3509125E+02, 0.2176144E-02, 0.5148568E-02, 0.7324712E-02,-0.3651888E-03, 0.3692376E-02, 0.3327187E-02,-0.1801496E-03, 0.1602775E-02, 0.1422625E-02,-0.7761238E-03,-0.8840945E-02,-0.9617068E-02, 0.4655500E+03, 0.6480126E+02,-0.1420412E+02, 0.4374620E+03, 0.8928910E-02, 0.1221661E-01
 0.3514187E+02, 0.2177368E-02, 0.5172150E-02, 0.7349519E-02,-0.3653059E-03, 0.3679837E-02, 0.3314531E-02,-0.1886161E-03, 0.1596054E-02, 0.1407437E-02,-0.7765985E-03,-0.8851987E-02,-0.9628586E-02, 0.4658181E+03, 0.6485753E+02,-0.1487171E+02, 0.4377724E+03, 0.8941429E-02, 0.1224052E-01
 0.3521781E+02, 0.2179176E-02, 0.5207552E-02, 0.7386728E-02,-0.3655370E-03, 0.3661084E-02, 0.3295547E-02,-0.2010178E-03, 0.1585674E-02, 0.1384656E-02,-0.7772754E-03,-0.8868636E-02,-0.9645911E-02, 0.4662109E+03, 0.6492723E+02,-0.1584975E+02, 0.4382374E+03, 0.8960358E-02, 0.1227645E-01
 0.3531781E+02, 0.2181509E-02, 0.5254219E-02, 0.7435728E-02,-0.3659310E-03, 0.3636478E-02, 0.3270547E-02,-0.2168608E-03, 0.1571517E-02, 0.1354656E-02,-0.7781050E-03,-0.8890697E-02,-0.9668802E-02, 0.4667084E+03, 0.6499667E+02,-0.1709864E+02, 0.4388438E+03, 0.8985548E-02, 0.1232385E-01
 0.3541781E+02, 0.2183789E-02, 0.5300939E-02, 0.7484728E-02,-0.3664046E-03, 0.3611952E-02, 0.3245547E-02,-0.2322373E-03, 0.1556894E-02, 0.1324656E-02,-0.7788790E-03,-0.8912890E-02,-0.9691769E-02, 0.4671899E+03, 0.6504404E+02,-0.1831102E+02, 0.4394487E+03, 0.9011020E-02, 0.1237135E-01
 0.3551781E+02, 0.2186020E-02, 0.5347708E-02, 0.7533728E-02,-0.3669542E-03, 0.3587501E-02, 0.3220547E-02,-0.2471710E-03, 0.1541827E-02, 0.1294656E-02,-0.7795998E-03,-0.8935208E-02,-0.9714808E-02, 0.4676555E+03, 0.6507104E+02,-0.1948848E+02, 0.4400505E+03, 0.9036766E-02, 0.1241893E-01
 0.3561781E+02, 0.2188207E-02, 0.5394521E-02, 0.7582728E-02,-0.3675758E-03, 0.3563123E-02, 0.3195547E-02,-0.2616836E-03, 0.1526340E-02, 0.1264656E-02,-0.7802706E-03,-0.8957644E-02,-0.9737915E-02, 0.4681061E+03, 0.6507879E+02,-0.2063275E+02, 0.4406494E+03, 0.9062778E-02, 0.1246660E-01
 0.3571781E+02, 0.2190353E-02, 0.5441375E-02, 0.7631728E-02,-0.3682660E-03, 0.3538813E-02, 0.3170547E-02,-0.2757955E-03, 0.1510452E-02, 0.1234656E-02,-0.7808945E-03,-0.8980188E-02,-0.9761082E-02, 0.4685429E+03, 0.6506836E+02,-0.2174541E+02, 0.4412456E+03, 0.9089051E-02, 0.1251436E-01
 0.3581781E+02, 0.2192462E-02, 0.5488267E-02, 0.7680728E-02,-0.3690210E-03, 0.3514568E-02, 0.3145547E-02,-0.2895255E-03, 0.1494182E-02, 0.1204656E-02,-0.7814745E-03,-0.9002835E-02,-0.9784309E-02, 0.4689669E+03, 0.6504075E+02,-0.2282797E+02, 0.4418389E+03, 0.9115576E-02, 0.1256219E-01
 0.3591781E+02, 0.2194535E-02, 0.5535193E-02, 0.7729728E-02,-0.3698377E-03, 0.3490384E-02, 0.3120547E-02,-0.3028912E-03, 0.1477547E-02, 0.1174656E-02,-0.7820131E-03,-0.9025577E-02,-0.9807591E-02, 0.4693787E+03, 0.6499690E+02,-0.2388181E+02, 0.4424295E+03, 0.9142348E-02, 0.1261010E-01
 0.3600000E+02, 0.2196212E-02, 0.5573788E-02, 0.7770000E-02,-0.3705463E-03, 0.3470546E-02, 0.3100000E-02,-0.3136370E-03, 0.1463637E-02, 0.1150000E-02,-0.7824303E-03,-0.9044334E-02,-0.9826765E-02, 0.4697108E+03, 0.6494997E+02,-0.2472950E+02, 0.4429149E+03, 0.9164530E-02, 0.1264952E-01
 0.3601000E+02, 0.2196230E-02, 0.5577070E-02, 0.7773300E-02,-0.3708586E-03, 0.3468859E-02, 0.3098000E-02,-0.3149507E-03, 0.1462451E-02, 0.1147500E-02,-0.7823018E-03,-0.9045929E-02,-0.9828231E-02, 0.4696915E+03, 0.6488143E+02,-0.2483265E+02, 0.4429395E+03, 0.9166420E-02, 0.1265288E-01
 0.3602000E+02, 0.2196247E-02, 0.5580354E-02, 0.7776600E-02,-0.3711704E-03, 0.3467170E-02, 0.3096000E-02,-0.3162611E-03, 0.1461261E-02, 0.1145000E-02,-0.7821755E-03,-0.9047524E-02,-0.9829700E-02, 0.4696743E+03, 0.6481235E+02,-0.2493597E+02, 0.4429664E+03, 0.9168313E-02, 0.1265623E-01
 0.3603500E+02, 0.2196272E-02, 0.5585278E-02, 0.7781550E-02,-0.3716373E-03, 0.3464637E-02, 0.3093000E-02,-0.3182196E-03, 0.1459470E-02, 0.1141250E-02,-0.7819865E-03,-0.9049915E-02,-0.9831901E-02, 0.4696485E+03, 0.6470891E+02,-0.2509039E+02, 0.4430069E+03, 0.9171152E-02, 0.1266126E-01
 0.3605750E+02, 0.2196311E-02, 0.5592664E-02, 0.7788975E-02,-0.3723359E-03, 0.3460836E-02, 0.3088500E-02,-0.3211416E-03, 0.1456767E-02, 0.1135625E-02,-0.7817037E-03,-0.9053499E-02,-0.9835203E-02, 0.4696100E+03, 0.6455415E+02,-0.2532078E+02, 0.4430677E+03, 0.9175410E-02, 0.1266881E-01
 0.3609125E+02, 0.2196371E-02, 0.5603742E-02, 0.7800112E-02,-0.3733803E-03, 0.3455130E-02, 0.3081750E-02,-0.3254900E-03, 0.1452677E-02, 0.1127187E-02,-0.7812816E-03,-0.9058872E-02,-0.9840154E-02, 0.4695529E+03, 0.6432289E+02,-0.2566364E+02, 0.4431593E+03, 0.9181799E-02, 0.1268014E-01
 0.3614187E+02, 0.2196462E-02, 0.5620357E-02, 0.7816819E-02,-0.3749388E-03, 0.3446564E-02, 0.3071625E-02,-0.3319362E-03, 0.1446467E-02, 0.1114531E-02,-0.7806527E-03,-0.9066921E-02,-0.9847573E-02, 0.4694681E+03, 0.6397792E+02,-0.2617191E+02, 0.4432976E+03, 0.9191387E-02, 0.1269714E-01
 0.3621781E+02, 0.2196603E-02, 0.5645275E-02, 0.7841878E-02,-0.3772594E-03, 0.3433697E-02, 0.3056438E-02,-0.3414397E-03, 0.1436987E-02, 0.1095547E-02,-0.7797190E-03,-0.9078972E-02,-0.9858691E-02, 0.4693434E+03, 0.6346460E+02,-0.2692130E+02, 0.4435071E+03, 0.9205781E-02, 0.1272266E-01
 0.3631781E+02, 0.2196795E-02, 0.5678083E-02, 0.7874878E-02,-0.3802861E-03, 0.3416724E-02, 0.3036437E-02,-0.3536790E-03, 0.1424226E-02, 0.1070547E-02,-0.7785051E-03,-0.9094806E-02,-0.9873311E-02, 0.4691829E+03, 0.6279553E+02,-0.2788647E+02, 0.4437863E+03, 0.9224761E-02, 0.1275629E-01
 0.3641781E+02, 0.2196990E-02, 0.5710888E-02, 0.7907878E-02,-0.3832829E-03, 0.3399720E-02, 0.3016437E-02,-0.3656520E-03, 0.1411199E-02, 0.1045547E-02,-0.7773041E-03,-0.9110609E-02,-0.9887913E-02, 0.4690242E+03, 0.6213356E+02,-0.2883051E+02, 0.4440673E+03, 0.9243783E-02, 0.1278995E-01
 0.3651781E+02, 0.2197187E-02, 0.5743691E-02, 0.7940878E-02,-0.3862516E-03, 0.3382689E-02, 0.2996437E-02,-0.3773694E-03, 0.1397916E-02, 0.1020547E-02,-0.7761165E-03,-0.9126380E-02,-0.9902497E-02, 0.4688681E+03, 0.6147815E+02,-0.2975438E+02, 0.4443509E+03, 0.9262846E-02, 0.1282365E-01
 0.3661781E+02, 0.2197389E-02, 0.5776490E-02, 0.7973878E-02,-0.3891936E-03, 0.3365631E-02, 0.2976438E-02,-0.3888413E-03, 0.1384388E-02, 0.9955469E-03,-0.7749419E-03,-0.9142120E-02,-0.9917062E-02, 0.4687146E+03, 0.6082898E+02,-0.3065890E+02, 0.4446370E+03, 0.9281952E-02, 0.1285737E-01
 0.3671781E+02, 0.2197594E-02, 0.5809284E-02, 0.8006878E-02,-0.3921103E-03, 0.3348548E-02, 0.2956437E-02,-0.4000770E-03, 0.1370624E-02, 0.9705469E-03,-0.7737798E-03,-0.9157832E-02,-0.9931612E-02, 0.4685637E+03, 0.6018579E+02,-0.3154480E+02, 0.4449254E+03, 0.9301102E-02, 0.1289113E-01
 0.3681781E+02, 0.2197803E-02, 0.5842075E-02, 0.8039878E-02,-0.3950029E-03, 0.3331440E-02, 0.2936437E-02,-0.4110856E-03, 0.1356633E-02, 0.9455469E-03,-0.7726299E-03,-0.9173515E-02,-0.9946145E-02, 0.4684154E+03, 0.5954832E+02,-0.3241280E+02, 0.4452162E+03, 0.9320298E-02, 0.1292491E-01
 0.3691781E+02, 0.2198017E-02, 0.5874861E-02, 0.8072878E-02,-0.3978724E-03, 0.3314310E-02, 0.2916438E-02,-0.4218755E-03, 0.1342422E-02, 0.9205469E-03,-0.7714918E-03,-0.9189171E-02,-0.9960663E-02, 0.4682697E+03, 0.5891635E+02,-0.3326354E+02, 0.4455091E+03, 0.9339541E-02, 0.1295871E-01
 0.3700000E+02, 0.2198195E-02, 0.5901805E-02, 0.8100000E-02,-0.4002149E-03, 0.3300215E-02, 0.2900000E-02,-0.4305990E-03, 0.1330599E-02, 0.9000000E-03,-0.7705633E-03,-0.9202020E-02,-0.9972584E-02, 0.4681508E+03, 0.5840084E+02,-0.3395121E+02, 0.4457504E+03, 0.9355396E-02, 0.1298652E-01
 0.3701000E+02, 0.2198345E-02, 0.5905255E-02, 0.8103600E-02,-0.3999116E-03, 0.3298412E-02, 0.2898500E-02,-0.4318820E-03, 0.1329082E-02, 0.8972000E-03,-0.7707570E-03,-0.9203667E-02,-0.9974424E-02, 0.4682045E+03, 0.5847948E+02,-0.3405224E+02, 0.4457955E+03, 0.9357431E-02, 0.1299008E-01
 0.3702000E+02, 0.2198494E-02, 0.5908706E-02, 0.8107200E-02,-0.3996095E-03, 0.3296610E-02, 0.2897000E-02,-0.4331619E-03, 0.1327562E-02, 0.8943999E-03,-0.7709506E-03,-0.9205315E-02,-0.9976266E-02, 0.4682586E+03, 0.5855763E+02,-0.3415314E+02, 0.4458411E+03, 0.9359469E-02, 0.1299364E-01
 0.3703500E+02, 0.2198718E-02, 0.5913883E-02, 0.8112600E-02,-0.3991592E-03, 0.3293909E-02, 0.2894750E-02,-0.4350744E-03, 0.1325274E-02, 0.8902000E-03,-0.7712392E-03,-0.9207792E-02,-0.9979031E-02, 0.4683393E+03, 0.5867416E+02,-0.3430394E+02, 0.4459095E+03, 0.9362530E-02, 0.1299899E-01
 0.3705750E+02, 0.2199051E-02, 0.5921649E-02, 0.8120700E-02,-0.3984902E-03, 0.3289865E-02, 0.2891375E-02,-0.4379273E-03, 0.1321827E-02, 0.8839000E-03,-0.7716688E-03,-0.9211514E-02,-0.9983183E-02, 0.4684596E+03, 0.5884739E+02,-0.3452888E+02, 0.4460118E+03, 0.9367133E-02, 0.1300700E-01
 0.3709125E+02, 0.2199547E-02, 0.5933303E-02, 0.8132850E-02,-0.3975007E-03, 0.3283813E-02, 0.2886312E-02,-0.4421714E-03, 0.1316621E-02, 0.8744500E-03,-0.7723054E-03,-0.9217117E-02,-0.9989422E-02, 0.4686382E+03, 0.5910380E+02,-0.3486352E+02, 0.4461649E+03, 0.9374060E-02, 0.1301904E-01
 0.3714187E+02, 0.2200282E-02, 0.5950793E-02, 0.8151075E-02,-0.3960475E-03, 0.3274766E-02, 0.2878719E-02,-0.4484604E-03, 0.1308735E-02, 0.8602750E-03,-0.7732433E-03,-0.9225559E-02,-0.9998803E-02, 0.4689021E+03, 0.5948083E+02,-0.3535940E+02, 0.4463937E+03, 0.9384505E-02, 0.1303712E-01
 0.3721781E+02, 0.2201366E-02, 0.5977046E-02, 0.8178413E-02,-0.3939352E-03, 0.3261263E-02, 0.2867328E-02,-0.4577261E-03, 0.1296739E-02, 0.8390125E-03,-0.7746139E-03,-0.9238309E-02,-0.1001292E-01, 0.4692896E+03, 0.6002987E+02,-0.3609007E+02, 0.4467353E+03, 0.9400285E-02, 0.1306427E-01
 0.3731781E+02, 0.2202764E-02, 0.6011649E-02, 0.8214413E-02,-0.3912645E-03, 0.3243593E-02, 0.2852328E-02,-0.4696491E-03, 0.1280662E-02, 0.8110125E-03,-0.7763582E-03,-0.9255242E-02,-0.1003160E-01, 0.4697858E+03, 0.6072565E+02,-0.3703038E+02, 0.4471823E+03, 0.9421266E-02, 0.1310010E-01
 0.3741781E+02, 0.2204127E-02, 0.6046286E-02, 0.8250413E-02,-0.3886979E-03, 0.3226026E-02, 0.2837328E-02,-0.4813023E-03, 0.1264315E-02, 0.7830125E-03,-0.7780424E-03,-0.9272312E-02,-0.1005035E-01, 0.4702663E+03, 0.6139598E+02,-0.3794920E+02, 0.4476247E+03, 0.9442451E-02, 0.1313600E-01
 0.3751781E+02, 0.2205459E-02, 0.6080954E-02, 0.8286413E-02,-0.3862313E-03, 0.3208559E-02, 0.2822328E-02,-0.4926971E-03, 0.1247710E-02, 0.7550124E-03,-0.7796703E-03,-0.9289513E-02,-0.1006918E-01, 0.4707331E+03, 0.6204166E+02,-0.3884764E+02, 0.4480638E+03, 0.9463836E-02, 0.1317197E-01
 0.3761781E+02, 0.2206762E-02, 0.6115650E-02, 0.8322412E-02,-0.3838614E-03, 0.3191189E-02, 0.2807328E-02,-0.5038438E-03, 0.1230856E-02, 0.7270125E-03,-0.7812447E-03,-0.9306840E-02,-0.1008808E-01, 0.4711869E+03, 0.6266366E+02,-0.3972652E+02, 0.4484999E+03, 0.9485415E-02, 0.1320801E-01
 0.3771781E+02, 0.2208040E-02, 0.6150373E-02, 0.8358413E-02,-0.3815845E-03, 0.3173913E-02, 0.2792328E-02,-0.5147524E-03, 0.1213765E-02, 0.6990125E-03,-0.7827681E-03,-0.9324285E-02,-0.1010705E-01, 0.4716286E+03, 0.6326294E+02,-0.4058663E+02, 0.4489332E+03, 0.9507180E-02, 0.1324410E-01
 0.3781781E+02, 0.2209294E-02, 0.6185119E-02, 0.8394413E-02,-0.3793972E-03, 0.3156725E-02, 0.2777328E-02,-0.5254323E-03, 0.1196445E-02, 0.6710124E-03,-0.7842429E-03,-0.9341844E-02,-0.1012609E-01, 0.4720589E+03, 0.6384042E+02,-0.4142870E+02, 0.4493637E+03, 0.9529128E-02, 0.1328026E-01
 0.3791781E+02, 0.2210526E-02, 0.6219887E-02, 0.8430412E-02,-0.3772964E-03, 0.3139625E-02, 0.2762328E-02,-0.5358923E-03, 0.1178905E-02, 0.6430125E-03,-0.7856712E-03,-0.9359512E-02,-0.1014518E-01, 0.4724784E+03, 0.6439694E+02,-0.4225344E+02, 0.4497919E+03, 0.9551251E-02, 0.1331647E-01
 0.3800000E+02, 0.2211522E-02, 0.6248478E-02, 0.8460000E-02,-0.3756253E-03, 0.3125625E-02, 0.2750000E-02,-0.5443436E-03, 0.1164344E-02, 0.6200000E-03,-0.7868136E-03,-0.9374104E-02,-0.1016092E-01, 0.4728150E+03, 0.6484093E+02,-0.4291959E+02, 0.4501410E+03, 0.9569558E-02, 0.1334628E-01
 0.3801000E+02, 0.2211680E-02, 0.6252220E-02, 0.8463900E-02,-0.3750953E-03, 0.3123795E-02, 0.2748700E-02,-0.5456348E-03, 0.1162435E-02, 0.6168000E-03,-0.7871078E-03,-0.9376016E-02,-0.1016312E-01, 0.4728858E+03, 0.6497120E+02,-0.4302120E+02, 0.4501897E+03, 0.9571960E-02, 0.1335018E-01
 0.3802000E+02, 0.2211838E-02, 0.6255962E-02, 0.8467800E-02,-0.3745671E-03, 0.3121967E-02, 0.2747400E-02,-0.5469224E-03, 0.1160522E-02, 0.6136000E-03,-0.7874018E-03,-0.9377929E-02,-0.1016533E-01, 0.4729570E+03, 0.6510086E+02,-0.4312273E+02, 0.4502391E+03, 0.9574365E-02, 0.1335408E-01
 0.3803500E+02, 0.2212074E-02, 0.6261576E-02, 0.8473650E-02,-0.3737788E-03, 0.3119229E-02, 0.2745450E-02,-0.5488462E-03, 0.1157646E-02, 0.6088000E-03,-0.7878406E-03,-0.9380805E-02,-0.1016865E-01, 0.4730634E+03, 0.6529436E+02,-0.4327441E+02, 0.4503132E+03, 0.9577978E-02, 0.1335994E-01
 0.3805750E+02, 0.2212425E-02, 0.6270000E-02, 0.8482425E-02,-0.3726054E-03, 0.3115130E-02, 0.2742525E-02,-0.5517149E-03, 0.1153315E-02, 0.6016000E-03,-0.7884941E-03,-0.9385130E-02,-0.1017362E-01, 0.4732218E+03, 0.6558244E+02,-0.4350060E+02, 0.4504240E+03, 0.9583412E-02, 0.1336872E-01
 0.3809125E+02, 0.2212947E-02, 0.6282640E-02, 0.8495587E-02,-0.3708655E-03, 0.3109003E-02, 0.2738137E-02,-0.5559803E-03, 0.1146780E-02, 0.5908000E-03,-0.7894636E-03,-0.9391643E-02,-0.1018111E-01, 0.4734571E+03, 0.6600968E+02,-0.4383691E+02, 0.4505898E+03, 0.9591593E-02, 0.1338192E-01
 0.3814187E+02, 0.2213721E-02, 0.6301610E-02, 0.8515331E-02,-0.3683001E-03, 0.3099856E-02, 0.2731556E-02,-0.5622958E-03, 0.1136896E-02, 0.5746001E-03,-0.7908947E-03,-0.9401467E-02,-0.1019236E-01, 0.4738049E+03, 0.6663987E+02,-0.4433490E+02, 0.4508374E+03, 0.9603932E-02, 0.1340173E-01
 0.3821781E+02, 0.2214860E-02, 0.6330086E-02, 0.8544947E-02,-0.3645486E-03, 0.3086233E-02, 0.2721684E-02,-0.5715907E-03, 0.1121891E-02, 0.5503000E-03,-0.7929915E-03,-0.9416319E-02,-0.1020931E-01, 0.4743157E+03, 0.6756187E+02,-0.4506792E+02, 0.4512069E+03, 0.9622585E-02, 0.1343150E-01
 0.3831781E+02, 0.2216325E-02, 0.6367622E-02, 0.8583947E-02,-0.3597676E-03, 0.3068452E-02, 0.2708684E-02,-0.5835349E-03, 0.1101835E-02, 0.5182999E-03,-0.7956696E-03,-0.9436075E-02,-0.1023174E-01, 0.4749699E+03, 0.6873759E+02,-0.4601003E+02, 0.4516899E+03, 0.9647401E-02, 0.1347080E-01
 0.3841781E+02, 0.2217749E-02, 0.6405198E-02, 0.8622947E-02,-0.3551369E-03, 0.3050821E-02, 0.2695684E-02,-0.5951928E-03, 0.1081493E-02, 0.4863000E-03,-0.7982648E-03,-0.9456019E-02,-0.1025428E-01, 0.4756039E+03, 0.6987706E+02,-0.4692922E+02, 0.4521671E+03, 0.9672475E-02, 0.1351019E-01
 0.3851781E+02, 0.2219138E-02, 0.6442809E-02, 0.8661947E-02,-0.3506512E-03, 0.3033336E-02, 0.2682684E-02,-0.6065772E-03, 0.1060877E-02, 0.4543000E-03,-0.8007823E-03,-0.9476145E-02,-0.1027693E-01, 0.4762198E+03, 0.7098143E+02,-0.4782685E+02, 0.4526402E+03, 0.9697799E-02, 0.1354967E-01
 0.3861781E+02, 0.2220494E-02, 0.6480453E-02, 0.8700947E-02,-0.3463054E-03, 0.3015990E-02, 0.2669684E-02,-0.6177000E-03, 0.1040000E-02, 0.4223000E-03,-0.8032259E-03,-0.9496443E-02,-0.1029967E-01, 0.4768190E+03, 0.7205206E+02,-0.4870384E+02, 0.4531095E+03, 0.9723363E-02, 0.1358923E-01
 0.3871781E+02, 0.2221819E-02, 0.6518127E-02, 0.8739947E-02,-0.3420946E-03, 0.2998779E-02, 0.2656684E-02,-0.6285724E-03, 0.1018872E-02, 0.3903000E-03,-0.8055987E-03,-0.9516907E-02,-0.1032251E-01, 0.4774022E+03, 0.7309026E+02,-0.4956109E+02, 0.4535752E+03, 0.9749161E-02, 0.1362888E-01
 0.3881781E+02, 0.2223118E-02, 0.6555830E-02, 0.8778947E-02,-0.3380140E-03, 0.2981698E-02, 0.2643684E-02,-0.6392048E-03, 0.9975048E-03, 0.3583000E-03,-0.8079039E-03,-0.9537528E-02,-0.1034543E-01, 0.4779704E+03, 0.7409727E+02,-0.5039943E+02, 0.4540376E+03, 0.9775185E-02, 0.1366860E-01
 0.3891781E+02, 0.2224390E-02, 0.6593557E-02, 0.8817947E-02,-0.3340591E-03, 0.2964743E-02, 0.2630684E-02,-0.6496072E-03, 0.9759072E-03, 0.3263000E-03,-0.8101445E-03,-0.9558300E-02,-0.1036844E-01, 0.4785245E+03, 0.7507424E+02,-0.5121962E+02, 0.4544968E+03, 0.9801428E-02, 0.1370839E-01
 0.3900000E+02, 0.2225418E-02, 0.6624582E-02, 0.8850000E-02,-0.3308899E-03, 0.2950890E-02, 0.2620000E-02,-0.6580044E-03, 0.9580044E-03, 0.3000000E-03,-0.8119416E-03,-0.9575472E-02,-0.1038741E-01, 0.4789690E+03, 0.7585780E+02,-0.5188140E+02, 0.4548705E+03, 0.9823149E-02, 0.1374115E-01
 0.3901000E+02, 0.2225633E-02, 0.6628167E-02, 0.8853800E-02,-0.3299922E-03, 0.2949292E-02, 0.2619300E-02,-0.6589342E-03, 0.9559342E-03, 0.2970000E-03,-0.8124175E-03,-0.9577459E-02,-0.1038988E-01, 0.4790772E+03, 0.7607475E+02,-0.5195443E+02, 0.4549225E+03, 0.9825666E-02, 0.1374494E-01
 0.3902000E+02, 0.2225847E-02, 0.6631752E-02, 0.8857600E-02,-0.3290968E-03, 0.2947697E-02, 0.2618600E-02,-0.6598615E-03, 0.9538615E-03, 0.2940000E-03,-0.8128931E-03,-0.9579450E-02,-0.1039234E-01, 0.4791860E+03, 0.7629095E+02,-0.5202754E+02, 0.4549753E+03, 0.9828186E-02, 0.1374872E-01
 0.3903500E+02, 0.2226167E-02, 0.6637133E-02, 0.8863300E-02,-0.3277592E-03, 0.2945309E-02, 0.2617550E-02,-0.6612475E-03, 0.9507475E-03, 0.2895000E-03,-0.8136033E-03,-0.9582442E-02,-0.1039605E-01, 0.4793484E+03, 0.7661388E+02,-0.5213682E+02, 0.4550545E+03, 0.9831973E-02, 0.1375441E-01
 0.3905750E+02, 0.2226642E-02, 0.6645208E-02, 0.8871850E-02,-0.3257651E-03, 0.2941740E-02, 0.2615975E-02,-0.6633151E-03, 0.9460651E-03, 0.2827500E-03,-0.8146617E-03,-0.9586948E-02,-0.1040161E-01, 0.4795902E+03, 0.7709523E+02,-0.5229985E+02, 0.4551727E+03, 0.9837673E-02, 0.1376294E-01
 0.3909125E+02, 0.2227347E-02, 0.6657328E-02, 0.8884675E-02,-0.3228012E-03, 0.2936414E-02, 0.2613613E-02,-0.6663918E-03, 0.9390168E-03, 0.2726250E-03,-0.8162339E-03,-0.9593742E-02,-0.1040998E-01, 0.4799493E+03, 0.7781052E+02,-0.5254243E+02, 0.4553491E+03, 0.9846262E-02, 0.1377575E-01
 0.3914187E+02, 0.2228385E-02, 0.6675528E-02, 0.8903913E-02,-0.3184157E-03, 0.2928484E-02, 0.2610069E-02,-0.6709524E-03, 0.9283898E-03, 0.2574375E-03,-0.8185582E-03,-0.9604013E-02,-0.1042257E-01, 0.4804796E+03, 0.7886858E+02,-0.5290205E+02, 0.4556117E+03, 0.9859232E-02, 0.1379501E-01
 0.3921781E+02, 0.2229901E-02, 0.6702867E-02, 0.8932769E-02,-0.3119691E-03, 0.2916722E-02, 0.2604753E-02,-0.6776753E-03, 0.9123316E-03, 0.2346563E-03,-0.8219716E-03,-0.9619590E-02,-0.1044156E-01, 0.4812574E+03, 0.8042326E+02,-0.5343227E+02, 0.4560014E+03, 0.9878879E-02, 0.1382396E-01
 0.3931781E+02, 0.2231830E-02, 0.6738938E-02, 0.8970769E-02,-0.3036984E-03, 0.2901452E-02, 0.2597753E-02,-0.6863317E-03, 0.8909879E-03, 0.2046563E-03,-0.8263445E-03,-0.9640390E-02,-0.1046673E-01, 0.4822520E+03, 0.8241669E+02,-0.5411512E+02, 0.4565077E+03, 0.9905075E-02, 0.1386221E-01
 0.3941781E+02, 0.2233688E-02, 0.6775080E-02, 0.9008769E-02,-0.2956358E-03, 0.2886389E-02, 0.2590753E-02,-0.6947948E-03, 0.8694510E-03, 0.1746562E-03,-0.8305963E-03,-0.9661470E-02,-0.1049207E-01, 0.4832155E+03, 0.8435858E+02,-0.5478241E+02, 0.4570050E+03, 0.9931597E-02, 0.1390059E-01
 0.3951781E+02, 0.2235481E-02, 0.6811288E-02, 0.9046769E-02,-0.2877748E-03, 0.2871528E-02, 0.2583753E-02,-0.7030732E-03, 0.8477295E-03, 0.1446563E-03,-0.8347335E-03,-0.9682816E-02,-0.1051755E-01, 0.4841506E+03, 0.8625063E+02,-0.5543514E+02, 0.4574952E+03, 0.9958432E-02, 0.1393909E-01
 0.3961781E+02, 0.2237213E-02, 0.6847555E-02, 0.9084769E-02,-0.2801094E-03, 0.2856862E-02, 0.2576753E-02,-0.7111751E-03, 0.8258313E-03, 0.1146562E-03,-0.8387612E-03,-0.9704418E-02,-0.1054318E-01, 0.4850590E+03, 0.8809455E+02,-0.5607394E+02, 0.4579789E+03, 0.9985570E-02, 0.1397770E-01
 0.3971781E+02, 0.2238890E-02, 0.6883879E-02, 0.9122769E-02,-0.2726334E-03, 0.2842386E-02, 0.2569753E-02,-0.7191078E-03, 0.8037640E-03, 0.8465623E-04,-0.8426838E-03,-0.9726265E-02,-0.1056895E-01, 0.4859420E+03, 0.8989203E+02,-0.5669941E+02, 0.4584565E+03, 0.1001300E-01, 0.1401643E-01
 0.3981781E+02, 0.2240515E-02, 0.6920253E-02, 0.9160769E-02,-0.2653411E-03, 0.2828094E-02, 0.2562753E-02,-0.7268785E-03, 0.7815347E-03, 0.5465624E-04,-0.8465057E-03,-0.9748348E-02,-0.1059485E-01, 0.4868009E+03, 0.9164466E+02,-0.5731211E+02, 0.4589283E+03, 0.1004071E-01, 0.1405527E-01
 0.3991781E+02, 0.2242093E-02, 0.6956676E-02, 0.9198769E-02,-0.2582268E-03, 0.2813980E-02, 0.2555753E-02,-0.7344937E-03, 0.7591500E-03, 0.2465624E-04,-0.8502310E-03,-0.9770655E-02,-0.1062089E-01, 0.4876372E+03, 0.9335397E+02,-0.5791254E+02, 0.4593950E+03, 0.1006869E-01, 0.1409420E-01
 0.4000000E+02, 0.2243356E-02, 0.6986644E-02, 0.9230000E-02,-0.2524959E-03, 0.2802496E-02, 0.2550000E-02,-0.7406485E-03, 0.7406485E-03, 0.0000000E+00,-0.8532271E-03,-0.9789140E-02,-0.1064237E-01, 0.4883081E+03, 0.9473044E+02,-0.5839754E+02, 0.4597737E+03, 0.1009187E-01, 0.1412627E-01
 0.4001000E+02, 0.2243458E-02, 0.6989742E-02, 0.9233200E-02,-0.2510123E-03, 0.2801312E-02, 0.2550300E-02,-0.7417327E-03, 0.7387327E-03,-0.3000023E-05,-0.8539052E-03,-0.9791055E-02,-0.1064496E-01, 0.4884303E+03, 0.9507158E+02,-0.5848277E+02, 0.4598126E+03, 0.1009427E-01, 0.1412959E-01
 0.4002000E+02, 0.2243558E-02, 0.6992842E-02, 0.9236400E-02,-0.2495318E-03, 0.2800132E-02, 0.2550600E-02,-0.7428130E-03, 0.7368130E-03,-0.5999987E-05,-0.8545826E-03,-0.9792974E-02,-0.1064756E-01, 0.4885529E+03, 0.9541187E+02,-0.5856795E+02, 0.4598524E+03, 0.1009668E-01, 0.1413291E-01
 0.4003500E+02, 0.2243705E-02, 0.6997495E-02, 0.9241200E-02,-0.2473183E-03, 0.2798368E-02, 0.2551050E-02,-0.7444253E-03, 0.7339253E-03,-0.1050002E-04,-0.8555944E-03,-0.9795863E-02,-0.1065146E-01, 0.4887357E+03, 0.9592046E+02,-0.5869507E+02, 0.4599118E+03, 0.1010030E-01, 0.1413789E-01
 0.4005750E+02, 0.2243920E-02, 0.7004480E-02, 0.9248400E-02,-0.2440143E-03, 0.2795739E-02, 0.2551725E-02,-0.7468257E-03, 0.7295756E-03,-0.1725001E-04,-0.8571026E-03,-0.9800219E-02,-0.1065732E-01, 0.4890074E+03, 0.9667930E+02,-0.5888433E+02, 0.4600004E+03, 0.1010575E-01, 0.1414538E-01
 0.4009125E+02, 0.2244230E-02, 0.7014970E-02, 0.9259200E-02,-0.2390947E-03, 0.2791832E-02, 0.2552737E-02,-0.7503862E-03, 0.7230112E-03,-0.2737500E-04,-0.8593438E-03,-0.9806802E-02,-0.1066615E-01, 0.4894098E+03, 0.9780850E+02,-0.5916507E+02, 0.4601320E+03, 0.1011398E-01, 0.1415664E-01
 0.4014187E+02, 0.2244668E-02, 0.7030732E-02, 0.9275400E-02,-0.2317961E-03, 0.2786052E-02, 0.2554256E-02,-0.7556395E-03, 0.7130770E-03,-0.4256249E-04,-0.8626593E-03,-0.9816784E-02,-0.1067944E-01, 0.4900016E+03, 0.9948225E+02,-0.5957929E+02, 0.4603270E+03, 0.1012643E-01, 0.1417359E-01
 0.4021781E+02, 0.2245266E-02, 0.7054434E-02, 0.9299700E-02,-0.2210265E-03, 0.2777561E-02, 0.2556534E-02,-0.7633311E-03, 0.6979873E-03,-0.6534380E-04,-0.8675319E-03,-0.9831995E-02,-0.1069953E-01, 0.4908646E+03, 0.1019488E+03,-0.6018583E+02, 0.4606143E+03, 0.1014533E-01, 0.1419914E-01
 0.4031781E+02, 0.2245957E-02, 0.7085743E-02, 0.9331700E-02,-0.2071436E-03, 0.2766678E-02, 0.2559534E-02,-0.7731463E-03, 0.6778025E-03,-0.9534374E-04,-0.8737788E-03,-0.9852421E-02,-0.1072620E-01, 0.4919592E+03, 0.1051230E+03,-0.6095993E+02, 0.4609846E+03, 0.1017062E-01, 0.1423300E-01
 0.4041781E+02, 0.2246544E-02, 0.7117156E-02, 0.9363700E-02,-0.1935486E-03, 0.2756083E-02, 0.2562534E-02,-0.7826539E-03, 0.6573101E-03,-0.1253437E-03,-0.8798566E-03,-0.9873239E-02,-0.1075310E-01, 0.4930101E+03, 0.1082253E+03,-0.6170958E+02, 0.4613456E+03, 0.1019630E-01, 0.1426708E-01
 0.4051781E+02, 0.2247037E-02, 0.7148664E-02, 0.9395700E-02,-0.1802361E-03, 0.2745771E-02, 0.2565534E-02,-0.7918706E-03, 0.6365268E-03,-0.1553437E-03,-0.8857733E-03,-0.9894433E-02,-0.1078021E-01, 0.4940209E+03, 0.1112576E+03,-0.6243629E+02, 0.4616993E+03, 0.1022236E-01, 0.1430137E-01
 0.4061781E+02, 0.2247446E-02, 0.7180254E-02, 0.9427700E-02,-0.1672008E-03, 0.2735735E-02, 0.2568534E-02,-0.8008122E-03, 0.6154685E-03,-0.1853437E-03,-0.8915354E-03,-0.9915989E-02,-0.1080752E-01, 0.4949941E+03, 0.1142218E+03,-0.6314131E+02, 0.4620467E+03, 0.1024879E-01, 0.1433587E-01
 0.4071781E+02, 0.2247780E-02, 0.7211919E-02, 0.9459700E-02,-0.1544370E-03, 0.2725971E-02, 0.2571534E-02,-0.8094935E-03, 0.5941498E-03,-0.2153437E-03,-0.8971490E-03,-0.9937891E-02,-0.1083504E-01, 0.4959320E+03, 0.1171198E+03,-0.6382580E+02, 0.4623888E+03, 0.1027557E-01, 0.1437056E-01
 0.4081781E+02, 0.2248048E-02, 0.7243652E-02, 0.9491700E-02,-0.1419389E-03, 0.2716473E-02, 0.2574534E-02,-0.8179281E-03, 0.5725843E-03,-0.2453438E-03,-0.9026200E-03,-0.9960125E-02,-0.1086275E-01, 0.4968369E+03, 0.1199534E+03,-0.6449084E+02, 0.4627264E+03, 0.1030268E-01, 0.1440543E-01
 0.4091781E+02, 0.2248255E-02, 0.7275445E-02, 0.9523700E-02,-0.1297005E-03, 0.2707235E-02, 0.2577534E-02,-0.8261288E-03, 0.5507851E-03,-0.2753437E-03,-0.9079539E-03,-0.9982680E-02,-0.1089063E-01, 0.4977108E+03, 0.1227244E+03,-0.6513745E+02, 0.4630601E+03, 0.1033011E-01, 0.1444048E-01
 0.4100000E+02, 0.2248382E-02, 0.7301618E-02, 0.9550000E-02,-0.1198127E-03, 0.2699813E-02, 0.2580000E-02,-0.8327127E-03, 0.5327127E-03,-0.3000000E-03,-0.9122448E-03,-0.1000143E-01,-0.1091368E-01, 0.4984069E+03, 0.1249604E+03,-0.6565636E+02, 0.4633311E+03, 0.1035288E-01, 0.1446940E-01
 0.4101000E+02, 0.2248244E-02, 0.7304256E-02, 0.9552500E-02,-0.1182679E-03, 0.2699068E-02, 0.2580800E-02,-0.8338881E-03, 0.5308881E-03,-0.3030000E-03,-0.9128470E-03,-0.1000332E-01,-0.1091617E-01, 0.4984798E+03, 0.1252990E+03,-0.6574887E+02, 0.4633483E+03, 0.1035518E-01, 0.1447232E-01
 0.4102000E+02, 0.2248106E-02, 0.7306894E-02, 0.9555000E-02,-0.1167260E-03, 0.2698326E-02, 0.2581600E-02,-0.8350595E-03, 0.5290595E-03,-0.3060000E-03,-0.9134485E-03,-0.1000522E-01,-0.1091867E-01, 0.4985528E+03, 0.1256370E+03,-0.6584123E+02, 0.4633660E+03, 0.1035748E-01, 0.1447524E-01
 0.4103500E+02, 0.2247897E-02, 0.7310853E-02, 0.9558750E-02,-0.1144198E-03, 0.2697220E-02, 0.2582800E-02,-0.8368080E-03, 0.5263080E-03,-0.3105000E-03,-0.9143472E-03,-0.1000807E-01,-0.1092242E-01, 0.4986615E+03, 0.1261424E+03,-0.6597910E+02, 0.4633925E+03, 0.1036094E-01, 0.1447962E-01
 0.4105750E+02, 0.2247580E-02, 0.7316795E-02, 0.9564375E-02,-0.1109754E-03, 0.2695575E-02, 0.2584600E-02,-0.8394118E-03, 0.5221618E-03,-0.3172500E-03,-0.9156876E-03,-0.1001237E-01,-0.1092806E-01, 0.4988229E+03, 0.1268969E+03,-0.6618439E+02, 0.4634319E+03, 0.1036615E-01, 0.1448621E-01
 0.4109125E+02, 0.2247098E-02, 0.7325715E-02, 0.9572813E-02,-0.1058421E-03, 0.2693142E-02, 0.2587300E-02,-0.8432755E-03, 0.5159005E-03,-0.3273750E-03,-0.9176810E-03,-0.1001886E-01,-0.1093654E-01, 0.4990613E+03, 0.1280207E+03,-0.6648903E+02, 0.4634907E+03, 0.1037400E-01, 0.1449611E-01
 0.4114187E+02, 0.2246361E-02, 0.7339108E-02, 0.9585469E-02,-0.9821642E-04, 0.2689566E-02, 0.2591350E-02,-0.8489788E-03, 0.5064163E-03,-0.3425625E-03,-0.9206333E-03,-0.1002867E-01,-0.1094931E-01, 0.4994106E+03, 0.1296888E+03,-0.6693873E+02, 0.4635780E+03, 0.1038585E-01, 0.1451103E-01
 0.4121781E+02, 0.2245226E-02, 0.7359227E-02, 0.9604453E-02,-0.8694208E-04, 0.2684367E-02, 0.2597425E-02,-0.8573342E-03, 0.4919904E-03,-0.3653438E-03,-0.9249793E-03,-0.1004359E-01,-0.1096857E-01, 0.4999172E+03, 0.1321520E+03,-0.6759757E+02, 0.4637074E+03, 0.1040381E-01, 0.1453351E-01
 0.4131781E+02, 0.2243683E-02, 0.7385770E-02, 0.9629453E-02,-0.7237262E-04, 0.2677798E-02, 0.2605425E-02,-0.8680027E-03, 0.4726590E-03,-0.3953438E-03,-0.9305626E-03,-0.1006357E-01,-0.1099413E-01, 0.5005546E+03, 0.1353299E+03,-0.6843887E+02, 0.4638757E+03, 0.1042776E-01, 0.1456333E-01
 0.4141781E+02, 0.2242081E-02, 0.7412372E-02, 0.9654453E-02,-0.5807219E-04, 0.2671497E-02, 0.2613425E-02,-0.8783410E-03, 0.4529972E-03,-0.4253438E-03,-0.9360048E-03,-0.1008387E-01,-0.1101987E-01, 0.5011601E+03, 0.1384432E+03,-0.6925401E+02, 0.4640411E+03, 0.1045202E-01, 0.1459336E-01
 0.4151781E+02, 0.2240429E-02, 0.7439024E-02, 0.9679453E-02,-0.4403678E-04, 0.2665462E-02, 0.2621425E-02,-0.8883653E-03, 0.4330215E-03,-0.4553437E-03,-0.9413121E-03,-0.1010449E-01,-0.1104580E-01, 0.5017365E+03, 0.1414933E+03,-0.7004440E+02, 0.4642049E+03, 0.1047658E-01, 0.1462359E-01
 0.4161781E+02, 0.2238735E-02, 0.7465718E-02, 0.9704453E-02,-0.3026212E-04, 0.2659687E-02, 0.2629425E-02,-0.8980911E-03, 0.4127474E-03,-0.4853437E-03,-0.9464895E-03,-0.1012541E-01,-0.1107189E-01, 0.5022859E+03, 0.1444819E+03,-0.7081125E+02, 0.4643679E+03, 0.1050143E-01, 0.1465403E-01
 0.4171781E+02, 0.2237005E-02, 0.7492448E-02, 0.9729453E-02,-0.1674371E-04, 0.2654169E-02, 0.2637425E-02,-0.9075332E-03, 0.3921894E-03,-0.5153437E-03,-0.9515419E-03,-0.1014662E-01,-0.1109816E-01, 0.5028099E+03, 0.1474104E+03,-0.7155573E+02, 0.4645308E+03, 0.1052654E-01, 0.1468464E-01
 0.4181781E+02, 0.2235247E-02, 0.7519206E-02, 0.9754453E-02,-0.3476900E-05, 0.2648902E-02, 0.2645425E-02,-0.9167051E-03, 0.3713614E-03,-0.5453437E-03,-0.9564742E-03,-0.1016811E-01,-0.1112458E-01, 0.5033104E+03, 0.1502803E+03,-0.7227891E+02, 0.4646941E+03, 0.1055192E-01, 0.1471544E-01
 0.4191781E+02, 0.2233465E-02, 0.7545988E-02, 0.9779453E-02, 0.9543095E-05, 0.2643882E-02, 0.2653425E-02,-0.9256200E-03, 0.3502763E-03,-0.5753438E-03,-0.9612906E-03,-0.1018987E-01,-0.1115116E-01, 0.5037889E+03, 0.1530930E+03,-0.7298181E+02, 0.4648583E+03, 0.1057755E-01, 0.1474640E-01
 0.4200000E+02, 0.2231981E-02, 0.7568019E-02, 0.9800000E-02, 0.2008072E-04, 0.2639919E-02, 0.2660000E-02,-0.9327744E-03, 0.3327744E-03,-0.6000000E-03,-0.9651699E-03,-0.1020794E-01,-0.1117311E-01, 0.5041663E+03, 0.1553664E+03,-0.7354579E+02, 0.4649934E+03, 0.1059879E-01, 0.1477197E-01
 0.4201000E+02, 0.2231852E-02, 0.7571148E-02, 0.9803000E-02, 0.2203874E-04, 0.2639361E-02, 0.2661400E-02,-0.9332874E-03, 0.3302874E-03,-0.6030000E-03,-0.9659531E-03,-0.1021051E-01,-0.1117646E-01, 0.5042693E+03, 0.1557987E+03,-0.7358613E+02, 0.4650172E+03, 0.1060181E-01, 0.1477561E-01
 0.4202000E+02, 0.2231722E-02, 0.7574278E-02, 0.9806000E-02, 0.2399222E-04, 0.2638808E-02, 0.2662800E-02,-0.9337981E-03, 0.3277981E-03,-0.6060000E-03,-0.9667345E-03,-0.1021309E-01,-0.1117982E-01, 0.5043719E+03, 0.1562300E+03,-0.7362639E+02, 0.4650412E+03, 0.1060484E-01, 0.1477924E-01
 0.4203500E+02, 0.2231524E-02, 0.7578976E-02, 0.9810500E-02, 0.2691214E-04, 0.2637988E-02, 0.2664900E-02,-0.9345596E-03, 0.3240596E-03,-0.6105000E-03,-0.9679012E-03,-0.1021696E-01,-0.1118486E-01, 0.5045247E+03, 0.1568744E+03,-0.7368643E+02, 0.4650773E+03, 0.1060939E-01, 0.1478471E-01
 0.4205750E+02, 0.2231223E-02, 0.7586027E-02, 0.9817250E-02, 0.3126902E-04, 0.2636781E-02, 0.2668050E-02,-0.9356918E-03, 0.3184418E-03,-0.6172500E-03,-0.9696396E-03,-0.1022281E-01,-0.1119245E-01, 0.5047514E+03, 0.1578356E+03,-0.7377570E+02, 0.4651311E+03, 0.1061624E-01, 0.1479292E-01
 0.4209125E+02, 0.2230762E-02, 0.7596613E-02, 0.9827375E-02, 0.3775306E-04, 0.2635022E-02, 0.2672775E-02,-0.9373680E-03, 0.3099930E-03,-0.6273750E-03,-0.9722209E-03,-0.1023163E-01,-0.1120386E-01, 0.5050858E+03, 0.1592651E+03,-0.7390788E+02, 0.4652114E+03, 0.1062658E-01, 0.1480527E-01
 0.4214187E+02, 0.2230050E-02, 0.7612512E-02, 0.9842563E-02, 0.4736548E-04, 0.2632497E-02, 0.2679863E-02,-0.9398349E-03, 0.2972723E-03,-0.6425625E-03,-0.9760354E-03,-0.1024501E-01,-0.1122104E-01, 0.5055751E+03, 0.1613824E+03,-0.7410239E+02, 0.4653311E+03, 0.1064220E-01, 0.1482387E-01
 0.4221781E+02, 0.2228940E-02, 0.7636404E-02, 0.9865344E-02, 0.6153418E-04, 0.2628959E-02, 0.2690494E-02,-0.9434336E-03, 0.2780899E-03,-0.6653437E-03,-0.9816326E-03,-0.1026536E-01,-0.1124700E-01, 0.5062829E+03, 0.1644994E+03,-0.7438627E+02, 0.4655096E+03, 0.1066591E-01, 0.1485193E-01
 0.4231781E+02, 0.2227406E-02, 0.7667938E-02, 0.9895344E-02, 0.7977242E-04, 0.2624721E-02, 0.2704494E-02,-0.9480024E-03, 0.2526587E-03,-0.6953437E-03,-0.9887931E-03,-0.1029266E-01,-0.1128145E-01, 0.5071707E+03, 0.1685046E+03,-0.7474680E+02, 0.4657431E+03, 0.1069758E-01, 0.1488918E-01
 0.4241781E+02, 0.2225789E-02, 0.7699554E-02, 0.9925344E-02, 0.9760293E-04, 0.2620891E-02, 0.2718494E-02,-0.9523972E-03, 0.2270535E-03,-0.7253437E-03,-0.9957423E-03,-0.1032045E-01,-0.1131619E-01, 0.5080117E+03, 0.1724122E+03,-0.7509332E+02, 0.4659737E+03, 0.1072970E-01, 0.1492672E-01
 0.4251781E+02, 0.2224103E-02, 0.7731241E-02, 0.9955344E-02, 0.1150351E-03, 0.2617459E-02, 0.2732494E-02,-0.9566307E-03, 0.2012870E-03,-0.7553437E-03,-0.1002491E-02,-0.1034870E-01,-0.1135119E-01, 0.5088100E+03, 0.1762252E+03,-0.7542712E+02, 0.4662033E+03, 0.1076225E-01, 0.1496454E-01
 0.4261781E+02, 0.2222357E-02, 0.7762987E-02, 0.9985344E-02, 0.1320782E-03, 0.2614415E-02, 0.2746494E-02,-0.9607146E-03, 0.1753708E-03,-0.7853438E-03,-0.1009046E-02,-0.1037740E-01,-0.1138645E-01, 0.5095685E+03, 0.1799466E+03,-0.7574913E+02, 0.4664327E+03, 0.1079522E-01, 0.1500264E-01
 0.4271781E+02, 0.2220560E-02, 0.7794784E-02, 0.1001534E-01, 0.1487419E-03, 0.2611752E-02, 0.2760494E-02,-0.9646596E-03, 0.1493159E-03,-0.8153437E-03,-0.1015418E-02,-0.1040654E-01,-0.1142195E-01, 0.5102898E+03, 0.1835791E+03,-0.7606019E+02, 0.4666625E+03, 0.1082857E-01, 0.1504099E-01
 0.4281781E+02, 0.2218721E-02, 0.7826624E-02, 0.1004534E-01, 0.1650356E-03, 0.2609458E-02, 0.2774494E-02,-0.9684758E-03, 0.1231320E-03,-0.8453438E-03,-0.1021613E-02,-0.1043608E-01,-0.1145769E-01, 0.5109766E+03, 0.1871254E+03,-0.7636108E+02, 0.4668933E+03, 0.1086231E-01, 0.1507959E-01
 0.4291781E+02, 0.2216846E-02, 0.7858498E-02, 0.1007534E-01, 0.1809688E-03, 0.2607525E-02, 0.2788494E-02,-0.9721720E-03, 0.9682828E-04,-0.8753437E-03,-0.1027638E-02,-0.1046602E-01,-0.1149366E-01, 0.5116312E+03, 0.1905881E+03,-0.7665252E+02, 0.4671256E+03, 0.1089641E-01, 0.1511842E-01
 0.4300000E+02, 0.2215277E-02, 0.7884723E-02, 0.1010000E-01, 0.1938252E-03, 0.2606175E-02, 0.2800000E-02,-0.9751266E-03, 0.7512656E-04,-0.9000000E-03,-0.1032474E-02,-0.1049090E-01,-0.1152337E-01, 0.5121459E+03, 0.1933780E+03,-0.7688522E+02, 0.4673165E+03, 0.1092467E-01, 0.1515050E-01
 0.4301000E+02, 0.2214968E-02, 0.7888033E-02, 0.1010300E-01, 0.1959898E-03, 0.2606010E-02, 0.2802000E-02,-0.9753865E-03, 0.7238649E-04,-0.9030000E-03,-0.1033267E-02,-0.1049404E-01,-0.1152731E-01, 0.5122216E+03, 0.1938444E+03,-0.7690547E+02, 0.4673315E+03, 0.1092825E-01, 0.1515456E-01
 0.4302000E+02, 0.2214657E-02, 0.7891343E-02, 0.1010600E-01, 0.1981486E-03, 0.2605852E-02, 0.2804000E-02,-0.9756444E-03, 0.6964444E-04,-0.9060000E-03,-0.1034059E-02,-0.1049719E-01,-0.1153125E-01, 0.5122975E+03, 0.1943097E+03,-0.7692581E+02, 0.4673472E+03, 0.1093183E-01, 0.1515861E-01
 0.4303500E+02, 0.2214190E-02, 0.7896311E-02, 0.1011050E-01, 0.2013738E-03, 0.2605626E-02, 0.2807000E-02,-0.9760279E-03, 0.6552787E-04,-0.9105000E-03,-0.1035241E-02,-0.1050194E-01,-0.1153718E-01, 0.5124103E+03, 0.1950047E+03,-0.7695605E+02, 0.4673707E+03, 0.1093721E-01, 0.1516470E-01
 0.4305750E+02, 0.2213487E-02, 0.7903763E-02, 0.1011725E-01, 0.2061827E-03, 0.2605317E-02, 0.2811500E-02,-0.9765953E-03, 0.5934535E-04,-0.9172500E-03,-0.1037001E-02,-0.1050908E-01,-0.1154608E-01, 0.5125770E+03, 0.1960405E+03,-0.7700079E+02, 0.4674062E+03, 0.1094531E-01, 0.1517386E-01
 0.4309125E+02, 0.2212428E-02, 0.7914946E-02, 0.1012737E-01, 0.2133318E-03, 0.2604918E-02, 0.2818250E-02,-0.9774300E-03, 0.5005497E-04,-0.9273751E-03,-0.1039611E-02,-0.1051986E-01,-0.1155948E-01, 0.5128217E+03, 0.1975795E+03,-0.7706660E+02, 0.4674596E+03, 0.1095752E-01, 0.1518764E-01
 0.4314187E+02, 0.2210832E-02, 0.7931731E-02, 0.1014256E-01, 0.2239135E-03, 0.2604462E-02, 0.2828375E-02,-0.9786466E-03, 0.3608403E-04,-0.9425625E-03,-0.1043462E-02,-0.1053619E-01,-0.1157966E-01, 0.5131772E+03, 0.1998555E+03,-0.7716256E+02, 0.4675403E+03, 0.1097596E-01, 0.1520839E-01
 0.4321781E+02, 0.2208421E-02, 0.7956923E-02, 0.1016534E-01, 0.2394757E-03, 0.2604087E-02, 0.2843563E-02,-0.9803980E-03, 0.1505428E-04,-0.9653438E-03,-0.1049100E-02,-0.1056101E-01,-0.1161011E-01, 0.5136863E+03, 0.2031985E+03,-0.7730082E+02, 0.4676636E+03, 0.1100391E-01, 0.1523972E-01
 0.4331781E+02, 0.2205219E-02, 0.7990125E-02, 0.1019534E-01, 0.2594494E-03, 0.2604113E-02, 0.2863563E-02,-0.9825829E-03,-0.1276081E-04,-0.9953437E-03,-0.1056290E-02,-0.1059424E-01,-0.1165053E-01, 0.5143161E+03, 0.2074822E+03,-0.7747349E+02, 0.4678300E+03, 0.1104118E-01, 0.1528130E-01
 0.4341781E+02, 0.2201978E-02, 0.8023365E-02, 0.1022534E-01, 0.2789189E-03, 0.2604644E-02, 0.2883562E-02,-0.9846416E-03,-0.4070218E-04,-0.1025344E-02,-0.1063246E-02,-0.1062801E-01,-0.1169125E-01, 0.5149019E+03, 0.2116493E+03,-0.7763581E+02, 0.4679986E+03, 0.1107893E-01, 0.1532322E-01
 0.4351781E+02, 0.2198710E-02, 0.8056634E-02, 0.1025534E-01, 0.2978991E-03, 0.2605663E-02, 0.2903563E-02,-0.9865878E-03,-0.6875595E-04,-0.1055344E-02,-0.1069979E-02,-0.1066230E-01,-0.1173228E-01, 0.5154484E+03, 0.2157042E+03,-0.7778928E+02, 0.4681714E+03, 0.1111713E-01, 0.1536546E-01
 0.4361781E+02, 0.2195424E-02, 0.8089920E-02, 0.1028534E-01, 0.3164051E-03, 0.2607157E-02, 0.2923563E-02,-0.9884342E-03,-0.9690959E-04,-0.1085344E-02,-0.1076502E-02,-0.1069708E-01,-0.1177358E-01, 0.5159589E+03, 0.2196511E+03,-0.7793486E+02, 0.4683490E+03, 0.1115575E-01, 0.1540801E-01
 0.4371781E+02, 0.2192130E-02, 0.8123213E-02, 0.1031534E-01, 0.3344513E-03, 0.2609111E-02, 0.2943562E-02,-0.9901919E-03,-0.1251519E-03,-0.1115344E-02,-0.1082825E-02,-0.1073232E-01,-0.1181515E-01, 0.5164365E+03, 0.2234939E+03,-0.7807346E+02, 0.4685319E+03, 0.1119478E-01, 0.1545086E-01
 0.4381781E+02, 0.2188835E-02, 0.8156509E-02, 0.1034534E-01, 0.3520520E-03, 0.2611510E-02, 0.2963562E-02,-0.9918710E-03,-0.1534727E-03,-0.1145344E-02,-0.1088956E-02,-0.1076802E-01,-0.1185698E-01, 0.5168837E+03, 0.2272362E+03,-0.7820586E+02, 0.4687204E+03, 0.1123419E-01, 0.1549398E-01
 0.4391781E+02, 0.2185545E-02, 0.8189798E-02, 0.1037534E-01, 0.3692214E-03, 0.2614341E-02, 0.2983563E-02,-0.9934807E-03,-0.1818631E-03,-0.1175344E-02,-0.1094905E-02,-0.1080414E-01,-0.1189904E-01, 0.5173030E+03, 0.2308818E+03,-0.7833278E+02, 0.4689148E+03, 0.1127397E-01, 0.1553737E-01
 0.4400000E+02, 0.2182841E-02, 0.8217160E-02, 0.1040000E-01, 0.3830467E-03, 0.2616953E-02, 0.3000000E-02,-0.9947536E-03,-0.2052464E-03,-0.1200000E-02,-0.1099668E-02,-0.1083411E-01,-0.1193378E-01, 0.5176271E+03, 0.2338129E+03,-0.7843281E+02, 0.4690773E+03, 0.1130691E-01, 0.1557321E-01
 0.4401000E+02, 0.2182035E-02, 0.8220266E-02, 0.1040230E-01, 0.3857418E-03, 0.2617258E-02, 0.3003000E-02,-0.9950952E-03,-0.2079048E-03,-0.1203000E-02,-0.1100476E-02,-0.1083752E-01,-0.1193800E-01, 0.5176266E+03, 0.2343651E+03,-0.7845943E+02, 0.4690611E+03, 0.1131065E-01, 0.1557729E-01
 0.4402000E+02, 0.2181228E-02, 0.8223372E-02, 0.1040460E-01, 0.3884284E-03, 0.2617572E-02, 0.3006000E-02,-0.9954326E-03,-0.2105674E-03,-0.1206000E-02,-0.1101281E-02,-0.1084094E-01,-0.1194223E-01, 0.5176265E+03, 0.2349158E+03,-0.7848604E+02, 0.4690460E+03, 0.1131441E-01, 0.1558137E-01
 0.4403500E+02, 0.2180019E-02, 0.8228031E-02, 0.1040805E-01, 0.3924397E-03, 0.2618060E-02, 0.3010500E-02,-0.9959307E-03,-0.2145692E-03,-0.1210500E-02,-0.1102482E-02,-0.1084609E-01,-0.1194857E-01, 0.5176251E+03, 0.2357377E+03,-0.7852531E+02, 0.4690234E+03, 0.1132005E-01, 0.1558751E-01
 0.4405750E+02, 0.2178207E-02, 0.8235019E-02, 0.1041323E-01, 0.3984149E-03, 0.2618835E-02, 0.3017250E-02,-0.9966606E-03,-0.2205894E-03,-0.1217250E-02,-0.1104266E-02,-0.1085385E-01,-0.1195812E-01, 0.5176207E+03, 0.2369613E+03,-0.7858286E+02, 0.4689900E+03, 0.1132856E-01, 0.1559674E-01
 0.4409125E+02, 0.2175493E-02, 0.8245495E-02, 0.1042099E-01, 0.4072852E-03, 0.2620090E-02, 0.3027375E-02,-0.9977177E-03,-0.2296573E-03,-0.1227375E-02,-0.1106905E-02,-0.1086558E-01,-0.1197249E-01, 0.5176088E+03, 0.2387761E+03,-0.7866621E+02, 0.4689407E+03, 0.1134138E-01, 0.1561064E-01
 0.4414187E+02, 0.2171434E-02, 0.8261197E-02, 0.1043263E-01, 0.4203867E-03, 0.2622176E-02, 0.3042562E-02,-0.9992233E-03,-0.2433392E-03,-0.1242563E-02,-0.1110781E-02,-0.1088337E-01,-0.1199415E-01, 0.5175801E+03, 0.2414533E+03,-0.7878496E+02, 0.4688695E+03, 0.1136077E-01, 0.1563163E-01
 0.4421781E+02, 0.2165380E-02, 0.8284717E-02, 0.1045010E-01, 0.4395943E-03, 0.2625749E-02, 0.3065344E-02,-0.1001317E-02,-0.2640269E-03,-0.1265344E-02,-0.1116419E-02,-0.1091047E-01,-0.1202689E-01, 0.5175148E+03, 0.2453715E+03,-0.7895018E+02, 0.4687694E+03, 0.1139018E-01, 0.1566340E-01
 0.4431781E+02, 0.2157467E-02, 0.8315630E-02, 0.1047310E-01, 0.4641450E-03, 0.2631199E-02, 0.3095344E-02,-0.1003808E-02,-0.2915360E-03,-0.1295344E-02,-0.1123552E-02,-0.1094683E-01,-0.1207038E-01, 0.5173925E+03, 0.2503681E+03,-0.7914693E+02, 0.4686505E+03, 0.1142945E-01, 0.1570572E-01
 0.4441781E+02, 0.2149598E-02, 0.8346499E-02, 0.1049610E-01, 0.4879731E-03, 0.2637371E-02, 0.3125344E-02,-0.1006036E-02,-0.3193076E-03,-0.1325344E-02,-0.1130392E-02,-0.1098387E-01,-0.1211426E-01, 0.5172302E+03, 0.2552042E+03,-0.7932266E+02, 0.4685437E+03, 0.1146927E-01, 0.1574853E-01
 0.4451781E+02, 0.2141790E-02, 0.8377307E-02, 0.1051910E-01, 0.5111047E-03, 0.2644239E-02, 0.3155344E-02,-0.1008034E-02,-0.3473094E-03,-0.1355344E-02,-0.1136959E-02,-0.1102155E-01,-0.1215851E-01, 0.5170347E+03, 0.2598876E+03,-0.7948023E+02, 0.4684515E+03, 0.1150959E-01, 0.1579179E-01
 0.4461781E+02, 0.2134058E-02, 0.8408039E-02, 0.1054210E-01, 0.5335659E-03, 0.2651778E-02, 0.3185344E-02,-0.1009831E-02,-0.3755129E-03,-0.1385344E-02,-0.1143272E-02,-0.1105982E-01,-0.1220309E-01, 0.5168110E+03, 0.2644251E+03,-0.7962189E+02, 0.4683752E+03, 0.1155038E-01, 0.1583548E-01
 0.4471781E+02, 0.2126415E-02, 0.8438682E-02, 0.1056510E-01, 0.5553822E-03, 0.2659962E-02, 0.3215344E-02,-0.1011451E-02,-0.4038928E-03,-0.1415344E-02,-0.1149346E-02,-0.1109864E-01,-0.1224799E-01, 0.5165635E+03, 0.2688232E+03,-0.7974964E+02, 0.4683156E+03, 0.1159161E-01, 0.1587958E-01
 0.4481781E+02, 0.2118869E-02, 0.8469228E-02, 0.1058810E-01, 0.5765785E-03, 0.2668765E-02, 0.3245344E-02,-0.1012917E-02,-0.4324266E-03,-0.1445344E-02,-0.1155197E-02,-0.1113799E-01,-0.1229319E-01, 0.5162961E+03, 0.2730883E+03,-0.7986526E+02, 0.4682732E+03, 0.1163324E-01, 0.1592404E-01
 0.4491781E+02, 0.2111427E-02, 0.8499669E-02, 0.1061110E-01, 0.5971789E-03, 0.2678165E-02, 0.3275344E-02,-0.1014249E-02,-0.4610946E-03,-0.1475344E-02,-0.1160837E-02,-0.1117783E-01,-0.1233867E-01, 0.5160120E+03, 0.2772262E+03,-0.7997030E+02, 0.4682483E+03, 0.1167525E-01, 0.1596886E-01
 0.4500000E+02, 0.2105375E-02, 0.8524625E-02, 0.1063000E-01, 0.6137154E-03, 0.2686284E-02, 0.3300000E-02,-0.1015253E-02,-0.4847474E-03,-0.1500000E-02,-0.1165327E-02,-0.1121091E-01,-0.1237624E-01, 0.5157651E+03, 0.2805417E+03,-0.8004908E+02, 0.4682385E+03, 0.1171003E-01, 0.1600594E-01
 0.4501000E+02, 0.2104868E-02, 0.8526632E-02, 0.1063150E-01, 0.6150596E-03, 0.2686940E-02, 0.3302000E-02,-0.1015349E-02,-0.4866509E-03,-0.1502000E-02,-0.1165689E-02,-0.1121357E-01,-0.1237926E-01, 0.5157431E+03, 0.2808113E+03,-0.8005713E+02, 0.4682381E+03, 0.1171283E-01, 0.1600893E-01
 0.4502000E+02, 0.2104361E-02, 0.8528639E-02, 0.1063300E-01, 0.6164010E-03, 0.2687599E-02, 0.3304000E-02,-0.1015445E-02,-0.4885551E-03,-0.1504000E-02,-0.1166047E-02,-0.1121624E-01,-0.1238228E-01, 0.5157197E+03, 0.2810793E+03,-0.8006469E+02, 0.4682364E+03, 0.1171564E-01, 0.1601191E-01
 0.4503500E+02, 0.2103603E-02, 0.8531647E-02, 0.1063525E-01, 0.6184075E-03, 0.2688593E-02, 0.3307000E-02,-0.1015588E-02,-0.4914123E-03,-0.1507000E-02,-0.1166576E-02,-0.1122024E-01,-0.1238682E-01, 0.5156821E+03, 0.2814781E+03,-0.8007518E+02, 0.4682316E+03, 0.1171984E-01, 0.1601639E-01
 0.4505750E+02, 0.2102469E-02, 0.8536156E-02, 0.1063863E-01, 0.6214044E-03, 0.2690096E-02, 0.3311500E-02,-0.1015800E-02,-0.4957003E-03,-0.1511500E-02,-0.1167374E-02,-0.1122625E-01,-0.1239363E-01, 0.5156291E+03, 0.2820766E+03,-0.8009190E+02, 0.4682284E+03, 0.1172616E-01, 0.1602312E-01
 0.4509125E+02, 0.2100775E-02, 0.8542912E-02, 0.1064369E-01, 0.6258711E-03, 0.2692379E-02, 0.3318250E-02,-0.1016113E-02,-0.5021371E-03,-0.1518250E-02,-0.1168563E-02,-0.1123529E-01,-0.1240385E-01, 0.5155495E+03, 0.2829684E+03,-0.8011660E+02, 0.4682245E+03, 0.1173565E-01, 0.1603323E-01
 0.4514187E+02, 0.2098253E-02, 0.8553028E-02, 0.1065128E-01, 0.6325080E-03, 0.2695867E-02, 0.3328375E-02,-0.1016573E-02,-0.5118023E-03,-0.1528375E-02,-0.1170326E-02,-0.1124889E-01,-0.1241922E-01, 0.5154298E+03, 0.2842931E+03,-0.8015286E+02, 0.4682208E+03, 0.1174991E-01, 0.1604843E-01
 0.4521781E+02, 0.2094509E-02, 0.8568163E-02, 0.1066267E-01, 0.6423244E-03, 0.2701238E-02, 0.3343562E-02,-0.1017241E-02,-0.5263215E-03,-0.1543563E-02,-0.1172929E-02,-0.1126940E-01,-0.1244233E-01, 0.5152498E+03, 0.2862515E+03,-0.8020559E+02, 0.4682201E+03, 0.1177138E-01, 0.1607129E-01
 0.4531781E+02, 0.2089642E-02, 0.8588029E-02, 0.1067767E-01, 0.6550166E-03, 0.2708546E-02, 0.3363563E-02,-0.1018084E-02,-0.5454781E-03,-0.1563563E-02,-0.1176284E-02,-0.1129657E-01,-0.1247286E-01, 0.5150117E+03, 0.2887821E+03,-0.8027218E+02, 0.4682273E+03, 0.1179977E-01, 0.1610151E-01
 0.4541781E+02, 0.2084833E-02, 0.8607839E-02, 0.1069267E-01, 0.6674777E-03, 0.2716085E-02, 0.3383562E-02,-0.1018887E-02,-0.5646751E-03,-0.1583563E-02,-0.1179563E-02,-0.1132392E-01,-0.1250349E-01, 0.5147704E+03, 0.2912643E+03,-0.8033549E+02, 0.4682420E+03, 0.1182829E-01, 0.1613186E-01
 0.4551781E+02, 0.2080081E-02, 0.8627591E-02, 0.1070767E-01, 0.6797137E-03, 0.2723849E-02, 0.3403562E-02,-0.1019654E-02,-0.5839089E-03,-0.1603562E-02,-0.1182770E-02,-0.1135144E-01,-0.1253421E-01, 0.5145268E+03, 0.2936996E+03,-0.8039590E+02, 0.4682643E+03, 0.1185693E-01, 0.1616232E-01
 0.4561781E+02, 0.2075387E-02, 0.8647285E-02, 0.1072267E-01, 0.6917309E-03, 0.2731832E-02, 0.3423562E-02,-0.1020386E-02,-0.6031761E-03,-0.1623563E-02,-0.1185909E-02,-0.1137912E-01,-0.1256503E-01, 0.5142815E+03, 0.2960895E+03,-0.8045369E+02, 0.4682942E+03, 0.1188570E-01, 0.1619291E-01
 0.4571781E+02, 0.2070750E-02, 0.8666921E-02, 0.1073767E-01, 0.7035349E-03, 0.2740028E-02, 0.3443563E-02,-0.1021089E-02,-0.6224734E-03,-0.1643563E-02,-0.1188981E-02,-0.1140695E-01,-0.1259593E-01, 0.5140347E+03, 0.2984353E+03,-0.8050910E+02, 0.4683315E+03, 0.1191457E-01, 0.1622361E-01
 0.4581781E+02, 0.2066172E-02, 0.8686500E-02, 0.1075267E-01, 0.7151315E-03, 0.2748431E-02, 0.3463562E-02,-0.1021765E-02,-0.6417979E-03,-0.1663562E-02,-0.1191988E-02,-0.1143493E-01,-0.1262692E-01, 0.5137871E+03, 0.3007383E+03,-0.8056236E+02, 0.4683761E+03, 0.1194355E-01, 0.1625441E-01
 0.4591781E+02, 0.2061652E-02, 0.8706020E-02, 0.1076767E-01, 0.7265261E-03, 0.2757036E-02, 0.3483562E-02,-0.1022415E-02,-0.6611471E-03,-0.1683563E-02,-0.1194934E-02,-0.1146306E-01,-0.1265799E-01, 0.5135388E+03, 0.3029998E+03,-0.8061368E+02, 0.4684277E+03, 0.1197264E-01, 0.1628533E-01
 0.4600000E+02, 0.2057972E-02, 0.8722028E-02, 0.1078000E-01, 0.7357558E-03, 0.2764244E-02, 0.3500000E-02,-0.1022932E-02,-0.6770683E-03,-0.1700000E-02,-0.1197312E-02,-0.1148627E-01,-0.1268358E-01, 0.5133334E+03, 0.3048301E+03,-0.8065430E+02, 0.4684746E+03, 0.1199662E-01, 0.1631081E-01
 0.4601000E+02, 0.2057523E-02, 0.8723777E-02, 0.1078130E-01, 0.7369660E-03, 0.2765034E-02, 0.3502000E-02,-0.1022693E-02,-0.6788073E-03,-0.1701500E-02,-0.1197644E-02,-0.1148881E-01,-0.1268645E-01, 0.5133159E+03, 0.3050739E+03,-0.8063602E+02, 0.4684768E+03, 0.1199925E-01, 0.1631359E-01
 0.4602000E+02, 0.2057076E-02, 0.8725525E-02, 0.1078260E-01, 0.7381740E-03, 0.2765826E-02, 0.3504000E-02,-0.1022454E-02,-0.6805459E-03,-0.1703000E-02,-0.1197969E-02,-0.1149135E-01,-0.1268932E-01, 0.5132966E+03, 0.3053158E+03,-0.8061721E+02, 0.4684773E+03, 0.1200187E-01, 0.1631638E-01
 0.4603500E+02, 0.2056404E-02, 0.8728146E-02, 0.1078455E-01, 0.7399811E-03, 0.2767019E-02, 0.3507000E-02,-0.1022097E-02,-0.6831526E-03,-0.1705250E-02,-0.1198451E-02,-0.1149516E-01,-0.1269362E-01, 0.5132657E+03, 0.3056758E+03,-0.8058845E+02, 0.4684762E+03, 0.1200581E-01, 0.1632056E-01
 0.4605750E+02, 0.2055401E-02, 0.8732074E-02, 0.1078747E-01, 0.7426806E-03, 0.2768819E-02, 0.3511500E-02,-0.1021565E-02,-0.6870601E-03,-0.1708625E-02,-0.1199178E-02,-0.1150089E-01,-0.1270007E-01, 0.5132220E+03, 0.3062161E+03,-0.8054646E+02, 0.4684778E+03, 0.1201172E-01, 0.1632684E-01
 0.4609125E+02, 0.2053901E-02, 0.8737962E-02, 0.1079186E-01, 0.7467053E-03, 0.2771545E-02, 0.3518250E-02,-0.1020772E-02,-0.6929156E-03,-0.1713687E-02,-0.1200260E-02,-0.1150951E-01,-0.1270977E-01, 0.5131561E+03, 0.3070215E+03,-0.8048394E+02, 0.4684810E+03, 0.1202060E-01, 0.1633627E-01
 0.4614187E+02, 0.2051665E-02, 0.8746780E-02, 0.1079844E-01, 0.7526880E-03, 0.2775687E-02, 0.3528375E-02,-0.1019596E-02,-0.7016856E-03,-0.1721281E-02,-0.1201865E-02,-0.1152247E-01,-0.1272433E-01, 0.5130567E+03, 0.3082181E+03,-0.8039120E+02, 0.4684874E+03, 0.1203395E-01, 0.1635044E-01
 0.4621781E+02, 0.2048340E-02, 0.8759976E-02, 0.1080832E-01, 0.7615426E-03, 0.2782020E-02, 0.3543562E-02,-0.1017860E-02,-0.7148114E-03,-0.1732672E-02,-0.1204235E-02,-0.1154200E-01,-0.1274623E-01, 0.5129061E+03, 0.3099881E+03,-0.8025442E+02, 0.4685006E+03, 0.1205404E-01, 0.1637176E-01
 0.4631781E+02, 0.2044010E-02, 0.8777306E-02, 0.1082132E-01, 0.7730008E-03, 0.2790562E-02, 0.3563562E-02,-0.1015623E-02,-0.7320486E-03,-0.1747672E-02,-0.1207291E-02,-0.1156787E-01,-0.1277516E-01, 0.5127053E+03, 0.3122769E+03,-0.8007809E+02, 0.4685243E+03, 0.1208061E-01, 0.1639994E-01
 0.4641781E+02, 0.2039722E-02, 0.8794594E-02, 0.1083432E-01, 0.7842595E-03, 0.2799303E-02, 0.3583563E-02,-0.1013428E-02,-0.7492441E-03,-0.1762672E-02,-0.1210279E-02,-0.1159390E-01,-0.1280417E-01, 0.5125003E+03, 0.3145235E+03,-0.7990498E+02, 0.4685538E+03, 0.1210730E-01, 0.1642824E-01
 0.4651781E+02, 0.2035479E-02, 0.8811837E-02, 0.1084732E-01, 0.7953242E-03, 0.2808238E-02, 0.3603563E-02,-0.1011274E-02,-0.7663975E-03,-0.1777672E-02,-0.1213202E-02,-0.1162008E-01,-0.1283328E-01, 0.5122921E+03, 0.3167293E+03,-0.7973519E+02, 0.4685892E+03, 0.1213410E-01, 0.1645663E-01
 0.4661781E+02, 0.2031279E-02, 0.8829037E-02, 0.1086032E-01, 0.8062003E-03, 0.2817362E-02, 0.3623562E-02,-0.1009163E-02,-0.7835086E-03,-0.1792672E-02,-0.1216064E-02,-0.1164640E-01,-0.1286246E-01, 0.5120812E+03, 0.3188956E+03,-0.7956874E+02, 0.4686306E+03, 0.1216100E-01, 0.1648513E-01
 0.4671781E+02, 0.2027124E-02, 0.8846191E-02, 0.1087332E-01, 0.8168929E-03, 0.2826669E-02, 0.3643562E-02,-0.1007095E-02,-0.8005773E-03,-0.1807672E-02,-0.1218866E-02,-0.1167286E-01,-0.1289173E-01, 0.5118678E+03, 0.3210236E+03,-0.7940563E+02, 0.4686779E+03, 0.1218801E-01, 0.1651373E-01
 0.4681781E+02, 0.2023015E-02, 0.8863301E-02, 0.1088632E-01, 0.8274072E-03, 0.2836155E-02, 0.3663562E-02,-0.1005068E-02,-0.8176036E-03,-0.1822672E-02,-0.1221610E-02,-0.1169946E-01,-0.1292107E-01, 0.5116526E+03, 0.3231144E+03,-0.7924586E+02, 0.4687309E+03, 0.1221511E-01, 0.1654243E-01
 0.4691781E+02, 0.2018950E-02, 0.8880366E-02, 0.1089932E-01, 0.8377478E-03, 0.2845815E-02, 0.3683562E-02,-0.1003084E-02,-0.8345877E-03,-0.1837672E-02,-0.1224300E-02,-0.1172618E-01,-0.1295048E-01, 0.5114357E+03, 0.3251692E+03,-0.7908943E+02, 0.4687897E+03, 0.1224231E-01, 0.1657121E-01
 0.4700000E+02, 0.2015637E-02, 0.8894363E-02, 0.1091000E-01, 0.8461299E-03, 0.2853870E-02, 0.3700000E-02,-0.1001479E-02,-0.8485208E-03,-0.1850000E-02,-0.1226472E-02,-0.1174823E-01,-0.1297470E-01, 0.5112557E+03, 0.3268334E+03,-0.7896283E+02, 0.4688416E+03, 0.1226473E-01, 0.1659494E-01
 0.4701000E+02, 0.2015030E-02, 0.8896670E-02, 0.1091170E-01, 0.8477973E-03, 0.2855203E-02, 0.3703000E-02,-0.1000685E-02,-0.8508154E-03,-0.1851500E-02,-0.1226926E-02,-0.1175187E-01,-0.1297880E-01, 0.5112315E+03, 0.3271679E+03,-0.7890013E+02, 0.4688429E+03, 0.1226842E-01, 0.1659885E-01
 0.4702000E+02, 0.2014424E-02, 0.8898976E-02, 0.1091340E-01, 0.8494603E-03, 0.2856540E-02, 0.3706000E-02,-0.9998922E-03,-0.8531078E-03,-0.1853000E-02,-0.1227379E-02,-0.1175552E-01,-0.1298289E-01, 0.5112073E+03, 0.3275016E+03,-0.7883765E+02, 0.4688445E+03, 0.1227213E-01, 0.1660277E-01
 0.4703500E+02, 0.2013516E-02, 0.8902434E-02, 0.1091595E-01, 0.8519447E-03, 0.2858555E-02, 0.3710500E-02,-0.9987095E-03,-0.8565406E-03,-0.1855250E-02,-0.1228055E-02,-0.1176099E-01,-0.1298904E-01, 0.5111708E+03, 0.3279999E+03,-0.7874440E+02, 0.4688471E+03, 0.1227769E-01, 0.1660865E-01
 0.4705750E+02, 0.2012159E-02, 0.8907616E-02, 0.1091978E-01, 0.8556495E-03, 0.2861601E-02, 0.3717250E-02,-0.9969480E-03,-0.8616769E-03,-0.1858625E-02,-0.1229061E-02,-0.1176922E-01,-0.1299828E-01, 0.5111154E+03, 0.3287428E+03,-0.7860552E+02, 0.4688515E+03, 0.1228604E-01, 0.1661748E-01
 0.4709125E+02, 0.2010133E-02, 0.8915380E-02, 0.1092551E-01, 0.8611581E-03, 0.2866217E-02, 0.3727375E-02,-0.9943342E-03,-0.8693532E-03,-0.1863687E-02,-0.1230553E-02,-0.1178160E-01,-0.1301215E-01, 0.5110312E+03, 0.3298468E+03,-0.7839944E+02, 0.4688595E+03, 0.1229859E-01, 0.1663075E-01
 0.4714187E+02, 0.2007115E-02, 0.8927003E-02, 0.1093412E-01, 0.8693142E-03, 0.2873248E-02, 0.3742562E-02,-0.9904765E-03,-0.8808048E-03,-0.1871281E-02,-0.1232756E-02,-0.1180025E-01,-0.1303301E-01, 0.5109027E+03, 0.3314803E+03,-0.7809528E+02, 0.4688744E+03, 0.1231749E-01, 0.1665072E-01
 0.4721781E+02, 0.2002637E-02, 0.8944390E-02, 0.1094703E-01, 0.8813170E-03, 0.2884027E-02, 0.3765344E-02,-0.9848272E-03,-0.8978447E-03,-0.1882672E-02,-0.1235981E-02,-0.1182842E-01,-0.1306440E-01, 0.5107055E+03, 0.3338819E+03,-0.7764994E+02, 0.4689034E+03, 0.1234596E-01, 0.1668080E-01
 0.4731781E+02, 0.1996822E-02, 0.8967207E-02, 0.1096403E-01, 0.8967363E-03, 0.2898607E-02, 0.3795344E-02,-0.9776142E-03,-0.9200577E-03,-0.1897672E-02,-0.1240099E-02,-0.1186581E-01,-0.1310591E-01, 0.5104381E+03, 0.3369631E+03,-0.7708143E+02, 0.4689531E+03, 0.1238369E-01, 0.1672062E-01
 0.4741781E+02, 0.1991078E-02, 0.8989951E-02, 0.1098103E-01, 0.9117776E-03, 0.2913566E-02, 0.3825344E-02,-0.9706111E-03,-0.9420607E-03,-0.1912672E-02,-0.1244084E-02,-0.1190352E-01,-0.1314760E-01, 0.5101606E+03, 0.3399634E+03,-0.7652927E+02, 0.4690130E+03, 0.1242163E-01, 0.1676065E-01
 0.4751781E+02, 0.1985408E-02, 0.9012621E-02, 0.1099803E-01, 0.9264565E-03, 0.2928887E-02, 0.3855344E-02,-0.9638132E-03,-0.9638587E-03,-0.1927672E-02,-0.1247945E-02,-0.1194151E-01,-0.1318945E-01, 0.5098754E+03, 0.3428870E+03,-0.7599327E+02, 0.4690839E+03, 0.1245980E-01, 0.1680090E-01
 0.4761781E+02, 0.1979814E-02, 0.9035214E-02, 0.1101503E-01, 0.9407877E-03, 0.2944556E-02, 0.3885344E-02,-0.9572154E-03,-0.9854564E-03,-0.1942672E-02,-0.1251690E-02,-0.1197977E-01,-0.1323146E-01, 0.5095838E+03, 0.3457375E+03,-0.7547306E+02, 0.4691656E+03, 0.1249816E-01, 0.1684134E-01
 0.4771781E+02, 0.1974298E-02, 0.9057730E-02, 0.1103203E-01, 0.9547852E-03, 0.2960559E-02, 0.3915344E-02,-0.9508127E-03,-0.1006859E-02,-0.1957672E-02,-0.1255325E-02,-0.1201829E-01,-0.1327361E-01, 0.5092872E+03, 0.3485180E+03,-0.7496822E+02, 0.4692581E+03, 0.1253671E-01, 0.1688197E-01
 0.4781781E+02, 0.1968861E-02, 0.9080168E-02, 0.1104903E-01, 0.9684623E-03, 0.2976882E-02, 0.3945344E-02,-0.9445996E-03,-0.1028072E-02,-0.1972672E-02,-0.1258856E-02,-0.1205705E-01,-0.1331591E-01, 0.5089866E+03, 0.3512316E+03,-0.7447835E+02, 0.4693612E+03, 0.1257543E-01, 0.1692277E-01
 0.4791781E+02, 0.1963502E-02, 0.9102525E-02, 0.1106603E-01, 0.9818313E-03, 0.2993512E-02, 0.3975344E-02,-0.9385709E-03,-0.1049101E-02,-0.1987672E-02,-0.1262289E-02,-0.1209604E-01,-0.1335833E-01, 0.5086831E+03, 0.3538813E+03,-0.7400301E+02, 0.4694746E+03, 0.1261432E-01, 0.1696374E-01
 0.4800000E+02, 0.1959149E-02, 0.9120852E-02, 0.1108000E-01, 0.9926137E-03, 0.3007386E-02, 0.4000000E-02,-0.9337338E-03,-0.1066266E-02,-0.2000000E-02,-0.1265043E-02,-0.1212824E-01,-0.1339328E-01, 0.5084304E+03, 0.3560154E+03,-0.7362146E+02, 0.4695740E+03, 0.1264639E-01, 0.1699753E-01
 0.4801000E+02, 0.1958472E-02, 0.9122828E-02, 0.1108130E-01, 0.9941125E-03, 0.3008888E-02, 0.4003000E-02,-0.9328835E-03,-0.1068116E-02,-0.2001000E-02,-0.1265393E-02,-0.1213172E-01,-0.1339711E-01, 0.5083787E+03, 0.3563067E+03,-0.7355428E+02, 0.4695693E+03, 0.1264986E-01, 0.1700118E-01
 0.4802000E+02, 0.1957796E-02, 0.9124804E-02, 0.1108260E-01, 0.9956071E-03, 0.3010393E-02, 0.4006000E-02,-0.9320355E-03,-0.1069964E-02,-0.2002000E-02,-0.1265744E-02,-0.1213520E-01,-0.1340094E-01, 0.5083275E+03, 0.3565977E+03,-0.7348741E+02, 0.4695653E+03, 0.1265332E-01, 0.1700483E-01
 0.4803500E+02, 0.1956785E-02, 0.9127765E-02, 0.1108455E-01, 0.9978407E-03, 0.3012659E-02, 0.4010500E-02,-0.9307687E-03,-0.1072731E-02,-0.2003500E-02,-0.1266268E-02,-0.1214042E-01,-0.1340669E-01, 0.5082507E+03, 0.3570325E+03,-0.7338754E+02, 0.4695596E+03, 0.1265853E-01, 0.1701031E-01
 0.4805750E+02, 0.1955275E-02, 0.9132200E-02, 0.1108747E-01, 0.1001172E-02, 0.3016078E-02, 0.4017250E-02,-0.9288805E-03,-0.1076870E-02,-0.2005750E-02,-0.1267048E-02,-0.1214828E-01,-0.1341533E-01, 0.5081356E+03, 0.3576808E+03,-0.7323866E+02, 0.4695516E+03, 0.1266634E-01, 0.1701854E-01
 0.4809125E+02, 0.1953023E-02, 0.9138840E-02, 0.1109186E-01, 0.1006125E-02, 0.3021250E-02, 0.4027375E-02,-0.9260745E-03,-0.1083051E-02,-0.2009125E-02,-0.1268206E-02,-0.1216009E-01,-0.1342830E-01, 0.5079630E+03, 0.3586446E+03,-0.7301742E+02, 0.4695411E+03, 0.1267808E-01, 0.1703091E-01
 0.4814187E+02, 0.1949674E-02, 0.9148770E-02, 0.1109844E-01, 0.1013463E-02, 0.3029099E-02, 0.4042563E-02,-0.9219241E-03,-0.1092263E-02,-0.2014187E-02,-0.1269916E-02,-0.1217787E-01,-0.1344778E-01, 0.5077046E+03, 0.3600714E+03,-0.7269018E+02, 0.4695285E+03, 0.1269573E-01, 0.1704950E-01
 0.4821781E+02, 0.1944717E-02, 0.9163599E-02, 0.1110832E-01, 0.1024267E-02, 0.3041076E-02, 0.4065344E-02,-0.9158271E-03,-0.1105954E-02,-0.2021781E-02,-0.1272423E-02,-0.1220468E-01,-0.1347710E-01, 0.5073183E+03, 0.3621705E+03,-0.7220951E+02, 0.4695170E+03, 0.1272230E-01, 0.1707750E-01
 0.4831781E+02, 0.1938298E-02, 0.9183018E-02, 0.1112132E-01, 0.1038157E-02, 0.3057187E-02, 0.4095344E-02,-0.9080113E-03,-0.1123770E-02,-0.2031781E-02,-0.1275626E-02,-0.1224020E-01,-0.1351583E-01, 0.5068115E+03, 0.3648663E+03,-0.7159338E+02, 0.4695143E+03, 0.1275744E-01, 0.1711453E-01
 0.4841781E+02, 0.1931979E-02, 0.9202337E-02, 0.1113432E-01, 0.1051716E-02, 0.3073628E-02, 0.4125344E-02,-0.9003956E-03,-0.1141386E-02,-0.2041781E-02,-0.1278729E-02,-0.1227596E-01,-0.1355469E-01, 0.5063042E+03, 0.3674937E+03,-0.7099291E+02, 0.4695231E+03, 0.1279273E-01, 0.1715175E-01
 0.4851781E+02, 0.1925758E-02, 0.9221558E-02, 0.1114732E-01, 0.1064959E-02, 0.3090385E-02, 0.4155344E-02,-0.8929758E-03,-0.1158805E-02,-0.2051781E-02,-0.1281738E-02,-0.1231194E-01,-0.1359368E-01, 0.5057979E+03, 0.3700566E+03,-0.7040789E+02, 0.4695438E+03, 0.1282817E-01, 0.1718913E-01
 0.4861781E+02, 0.1919637E-02, 0.9240679E-02, 0.1116032E-01, 0.1077899E-02, 0.3107445E-02, 0.4185344E-02,-0.8857474E-03,-0.1176034E-02,-0.2061781E-02,-0.1284660E-02,-0.1234812E-01,-0.1363278E-01, 0.5052934E+03, 0.3725579E+03,-0.6983795E+02, 0.4695761E+03, 0.1286375E-01, 0.1722668E-01
 0.4871781E+02, 0.1913614E-02, 0.9259702E-02, 0.1117332E-01, 0.1090548E-02, 0.3124796E-02, 0.4215344E-02,-0.8787058E-03,-0.1193075E-02,-0.2071781E-02,-0.1287500E-02,-0.1238450E-01,-0.1367200E-01, 0.5047914E+03, 0.3750004E+03,-0.6928275E+02, 0.4696200E+03, 0.1289946E-01, 0.1726437E-01
 0.4881781E+02, 0.1907688E-02, 0.9278628E-02, 0.1118632E-01, 0.1102919E-02, 0.3142425E-02, 0.4245344E-02,-0.8718465E-03,-0.1209935E-02,-0.2081781E-02,-0.1290262E-02,-0.1242105E-01,-0.1371132E-01, 0.5042925E+03, 0.3773867E+03,-0.6874192E+02, 0.4696751E+03, 0.1293528E-01, 0.1730221E-01
 0.4891781E+02, 0.1901858E-02, 0.9297458E-02, 0.1119932E-01, 0.1115022E-02, 0.3160322E-02, 0.4275344E-02,-0.8651646E-03,-0.1226617E-02,-0.2091781E-02,-0.1292951E-02,-0.1245778E-01,-0.1375073E-01, 0.5037972E+03, 0.3797194E+03,-0.6821508E+02, 0.4697412E+03, 0.1297122E-01, 0.1734018E-01
 0.4900000E+02, 0.1897128E-02, 0.9312872E-02, 0.1121000E-01, 0.1124791E-02, 0.3175209E-02, 0.4300000E-02,-0.8597873E-03,-0.1240213E-02,-0.2100000E-02,-0.1295109E-02,-0.1248808E-01,-0.1378319E-01, 0.5033914E+03, 0.3816000E+03,-0.6779101E+02, 0.4698023E+03, 0.1300084E-01, 0.1737148E-01
 0.4901000E+02, 0.1896601E-02, 0.9314698E-02, 0.1121130E-01, 0.1126023E-02, 0.3176976E-02, 0.4303000E-02,-0.8586790E-03,-0.1241821E-02,-0.2100500E-02,-0.1295411E-02,-0.1249168E-01,-0.1378709E-01, 0.5033557E+03, 0.3818416E+03,-0.6770354E+02, 0.4698076E+03, 0.1300435E-01, 0.1737519E-01
 0.4902000E+02, 0.1896075E-02, 0.9316524E-02, 0.1121260E-01, 0.1127253E-02, 0.3178747E-02, 0.4306000E-02,-0.8575740E-03,-0.1243426E-02,-0.2101000E-02,-0.1295712E-02,-0.1249527E-01,-0.1379098E-01, 0.5033203E+03, 0.3820829E+03,-0.6761641E+02, 0.4698133E+03, 0.1300787E-01, 0.1737891E-01
 0.4903500E+02, 0.1895288E-02, 0.9319262E-02, 0.1121455E-01, 0.1129091E-02, 0.3181409E-02, 0.4310500E-02,-0.8559240E-03,-0.1245826E-02,-0.2101750E-02,-0.1296162E-02,-0.1250067E-01,-0.1379683E-01, 0.5032672E+03, 0.3824437E+03,-0.6748631E+02, 0.4698222E+03, 0.1301314E-01, 0.1738448E-01
 0.4905750E+02, 0.1894111E-02, 0.9323364E-02, 0.1121747E-01, 0.1131833E-02, 0.3185417E-02, 0.4317250E-02,-0.8534660E-03,-0.1249409E-02,-0.2102875E-02,-0.1296833E-02,-0.1250878E-01,-0.1380561E-01, 0.5031873E+03, 0.3829820E+03,-0.6729251E+02, 0.4698359E+03, 0.1302106E-01, 0.1739285E-01
 0.4909125E+02, 0.1892353E-02, 0.9329510E-02, 0.1122186E-01, 0.1135916E-02, 0.3191459E-02, 0.4327375E-02,-0.8498166E-03,-0.1254746E-02,-0.2104562E-02,-0.1297829E-02,-0.1252097E-01,-0.1381880E-01, 0.5030671E+03, 0.3837829E+03,-0.6700478E+02, 0.4698576E+03, 0.1303296E-01, 0.1740542E-01
 0.4914187E+02, 0.1889734E-02, 0.9338710E-02, 0.1122844E-01, 0.1141971E-02, 0.3200592E-02, 0.4342563E-02,-0.8444252E-03,-0.1262669E-02,-0.2107094E-02,-0.1299302E-02,-0.1253930E-01,-0.1383860E-01, 0.5028865E+03, 0.3849700E+03,-0.6657969E+02, 0.4698926E+03, 0.1305084E-01, 0.1742432E-01
 0.4921781E+02, 0.1885847E-02, 0.9352469E-02, 0.1123832E-01, 0.1150905E-02, 0.3214438E-02, 0.4365344E-02,-0.8365183E-03,-0.1274372E-02,-0.2110891E-02,-0.1301466E-02,-0.1256691E-01,-0.1386837E-01, 0.5026149E+03, 0.3867203E+03,-0.6595630E+02, 0.4699507E+03, 0.1307773E-01, 0.1745274E-01
 0.4931781E+02, 0.1880796E-02, 0.9370519E-02, 0.1125132E-01, 0.1162421E-02, 0.3232923E-02, 0.4395344E-02,-0.8264033E-03,-0.1289487E-02,-0.2115891E-02,-0.1304238E-02,-0.1260344E-01,-0.1390768E-01, 0.5022558E+03, 0.3889737E+03,-0.6515887E+02, 0.4700364E+03, 0.1311326E-01, 0.1749030E-01
 0.4941781E+02, 0.1875808E-02, 0.9388508E-02, 0.1126432E-01, 0.1173691E-02, 0.3251653E-02, 0.4425344E-02,-0.8165696E-03,-0.1304321E-02,-0.2120891E-02,-0.1306930E-02,-0.1264016E-01,-0.1394709E-01, 0.5018936E+03, 0.3911754E+03,-0.6438352E+02, 0.4701305E+03, 0.1314893E-01, 0.1752801E-01
 0.4951781E+02, 0.1870881E-02, 0.9406434E-02, 0.1127732E-01, 0.1184725E-02, 0.3270619E-02, 0.4455344E-02,-0.8070075E-03,-0.1318883E-02,-0.2125891E-02,-0.1309548E-02,-0.1267705E-01,-0.1398660E-01, 0.5015295E+03, 0.3933281E+03,-0.6362958E+02, 0.4702333E+03, 0.1318472E-01, 0.1756585E-01
 0.4961781E+02, 0.1866018E-02, 0.9424298E-02, 0.1129032E-01, 0.1195532E-02, 0.3289812E-02, 0.4485344E-02,-0.7977076E-03,-0.1333183E-02,-0.2130891E-02,-0.1312095E-02,-0.1271411E-01,-0.1402620E-01, 0.5011643E+03, 0.3954341E+03,-0.6289631E+02, 0.4703447E+03, 0.1322063E-01, 0.1760383E-01
 0.4971781E+02, 0.1861218E-02, 0.9442098E-02, 0.1130332E-01, 0.1206122E-02, 0.3309221E-02, 0.4515344E-02,-0.7886607E-03,-0.1347230E-02,-0.2135891E-02,-0.1314577E-02,-0.1275132E-01,-0.1406590E-01, 0.5007987E+03, 0.3974955E+03,-0.6218300E+02, 0.4704646E+03, 0.1325664E-01, 0.1764192E-01
 0.4981781E+02, 0.1856481E-02, 0.9459835E-02, 0.1131632E-01, 0.1216504E-02, 0.3328840E-02, 0.4545344E-02,-0.7798580E-03,-0.1361033E-02,-0.2140891E-02,-0.1316996E-02,-0.1278867E-01,-0.1410567E-01, 0.5004333E+03, 0.3995140E+03,-0.6148894E+02, 0.4705927E+03, 0.1329276E-01, 0.1768013E-01
 0.4991781E+02, 0.1851808E-02, 0.9477507E-02, 0.1132932E-01, 0.1226684E-02, 0.3348660E-02, 0.4575344E-02,-0.7712910E-03,-0.1374600E-02,-0.2145891E-02,-0.1319356E-02,-0.1282617E-01,-0.1414552E-01, 0.5000685E+03, 0.4014916E+03,-0.6081347E+02, 0.4707288E+03, 0.1332897E-01, 0.1771845E-01
 0.5000000E+02, 0.1848007E-02, 0.9491993E-02, 0.1134000E-01, 0.1234916E-02, 0.3365084E-02, 0.4600000E-02,-0.7644029E-03,-0.1385597E-02,-0.2150000E-02,-0.1321254E-02,-0.1285708E-01,-0.1417833E-01, 0.4997683E+03, 0.4030886E+03,-0.6027029E+02, 0.4708454E+03, 0.1335879E-01, 0.1775003E-01
 0.5001000E+02, 0.1847466E-02, 0.9494334E-02, 0.1134180E-01, 0.1236257E-02, 0.3367743E-02, 0.4604000E-02,-0.7628314E-03,-0.1387369E-02,-0.2150200E-02,-0.1321596E-02,-0.1286208E-01,-0.1418367E-01, 0.4997366E+03, 0.4033537E+03,-0.6014632E+02, 0.4708641E+03, 0.1336362E-01, 0.1775513E-01
 0.5002000E+02, 0.1846925E-02, 0.9496675E-02, 0.1134360E-01, 0.1237594E-02, 0.3370406E-02, 0.4608000E-02,-0.7612662E-03,-0.1389134E-02,-0.2150400E-02,-0.1321937E-02,-0.1286708E-01,-0.1418902E-01, 0.4997052E+03, 0.4036183E+03,-0.6002291E+02, 0.4708833E+03, 0.1336845E-01, 0.1776024E-01
 0.5003500E+02, 0.1846116E-02, 0.9500184E-02, 0.1134630E-01, 0.1239592E-02, 0.3374408E-02, 0.4614000E-02,-0.7589328E-03,-0.1391767E-02,-0.2150700E-02,-0.1322446E-02,-0.1287459E-01,-0.1419704E-01, 0.4996579E+03, 0.4040137E+03,-0.5983893E+02, 0.4709124E+03, 0.1337569E-01, 0.1776791E-01
 0.5005750E+02, 0.1844906E-02, 0.9505444E-02, 0.1135035E-01, 0.1242571E-02, 0.3380429E-02, 0.4623000E-02,-0.7554648E-03,-0.1395685E-02,-0.2151150E-02,-0.1323204E-02,-0.1288587E-01,-0.1420908E-01, 0.4995865E+03, 0.4046030E+03,-0.5956549E+02, 0.4709567E+03, 0.1338657E-01, 0.1777943E-01
 0.5009125E+02, 0.1843098E-02, 0.9513327E-02, 0.1135643E-01, 0.1247000E-02, 0.3389500E-02, 0.4636500E-02,-0.7503332E-03,-0.1401492E-02,-0.2151825E-02,-0.1324328E-02,-0.1290283E-01,-0.1422715E-01, 0.4994788E+03, 0.4054788E+03,-0.5916089E+02, 0.4710245E+03, 0.1340291E-01, 0.1779672E-01
 0.5014187E+02, 0.1840406E-02, 0.9525131E-02, 0.1136554E-01, 0.1253560E-02, 0.3403190E-02, 0.4656750E-02,-0.7427894E-03,-0.1410048E-02,-0.2152838E-02,-0.1325986E-02,-0.1292832E-01,-0.1425431E-01, 0.4993158E+03, 0.4067747E+03,-0.5856611E+02, 0.4711294E+03, 0.1342747E-01, 0.1782271E-01
 0.5021781E+02, 0.1836411E-02, 0.9542795E-02, 0.1137921E-01, 0.1263216E-02, 0.3423909E-02, 0.4687125E-02,-0.7318035E-03,-0.1422553E-02,-0.2154356E-02,-0.1328415E-02,-0.1296670E-01,-0.1429512E-01, 0.4990691E+03, 0.4086809E+03,-0.5770002E+02, 0.4712938E+03, 0.1346441E-01, 0.1786181E-01
 0.5031781E+02, 0.1831222E-02, 0.9565985E-02, 0.1139721E-01, 0.1275628E-02, 0.3451497E-02, 0.4727125E-02,-0.7178733E-03,-0.1438483E-02,-0.2156356E-02,-0.1331515E-02,-0.1301748E-01,-0.1434900E-01, 0.4987402E+03, 0.4111281E+03,-0.5660188E+02, 0.4715223E+03, 0.1351321E-01, 0.1791348E-01
 0.5041781E+02, 0.1826097E-02, 0.9589109E-02, 0.1141521E-01, 0.1287740E-02, 0.3479385E-02, 0.4767125E-02,-0.7044470E-03,-0.1453909E-02,-0.2158356E-02,-0.1334509E-02,-0.1306849E-01,-0.1440300E-01, 0.4984044E+03, 0.4135104E+03,-0.5554325E+02, 0.4717600E+03, 0.1356219E-01, 0.1796533E-01
 0.5051781E+02, 0.1821040E-02, 0.9612165E-02, 0.1143321E-01, 0.1299567E-02, 0.3507558E-02, 0.4807125E-02,-0.6914996E-03,-0.1468857E-02,-0.2160356E-02,-0.1337403E-02,-0.1311972E-01,-0.1445713E-01, 0.4980623E+03, 0.4158299E+03,-0.5452208E+02, 0.4720056E+03, 0.1361133E-01, 0.1801737E-01
 0.5061781E+02, 0.1816053E-02, 0.9635153E-02, 0.1145121E-01, 0.1311122E-02, 0.3536003E-02, 0.4847125E-02,-0.6790073E-03,-0.1483349E-02,-0.2162356E-02,-0.1340218E-02,-0.1317116E-01,-0.1451137E-01, 0.4977195E+03, 0.4180959E+03,-0.5353711E+02, 0.4722638E+03, 0.1366063E-01, 0.1806957E-01
 0.5071781E+02, 0.1811135E-02, 0.9658071E-02, 0.1146921E-01, 0.1322418E-02, 0.3564707E-02, 0.4887125E-02,-0.6669480E-03,-0.1497408E-02,-0.2164356E-02,-0.1342951E-02,-0.1322278E-01,-0.1456573E-01, 0.4973752E+03, 0.4203082E+03,-0.5258628E+02, 0.4725317E+03, 0.1371006E-01, 0.1812193E-01
 0.5081781E+02, 0.1806290E-02, 0.9680917E-02, 0.1148721E-01, 0.1333466E-02, 0.3593659E-02, 0.4927125E-02,-0.6553010E-03,-0.1511055E-02,-0.2166356E-02,-0.1345609E-02,-0.1327458E-01,-0.1462019E-01, 0.4970302E+03, 0.4224696E+03,-0.5166796E+02, 0.4728088E+03, 0.1375962E-01, 0.1817445E-01
 0.5091781E+02, 0.1801515E-02, 0.9703691E-02, 0.1150521E-01, 0.1344277E-02, 0.3622848E-02, 0.4967125E-02,-0.6440468E-03,-0.1524310E-02,-0.2168356E-02,-0.1348197E-02,-0.1332654E-01,-0.1467474E-01, 0.4966854E+03, 0.4245824E+03,-0.5078061E+02, 0.4730948E+03, 0.1380930E-01, 0.1822710E-01
 0.5100000E+02, 0.1797637E-02, 0.9722363E-02, 0.1152000E-01, 0.1353002E-02, 0.3646998E-02, 0.5000000E-02,-0.6350509E-03,-0.1534949E-02,-0.2170000E-02,-0.1350278E-02,-0.1336936E-01,-0.1471964E-01, 0.4964025E+03, 0.4262874E+03,-0.5007144E+02, 0.4733368E+03, 0.1385022E-01, 0.1827048E-01
 0.5101000E+02, 0.1797278E-02, 0.9724022E-02, 0.1152130E-01, 0.1353854E-02, 0.3649146E-02, 0.5003000E-02,-0.6337095E-03,-0.1535891E-02,-0.2169600E-02,-0.1350485E-02,-0.1337317E-01,-0.1472365E-01, 0.4963780E+03, 0.4264535E+03,-0.4996556E+02, 0.4733511E+03, 0.1385386E-01, 0.1827433E-01
 0.5102000E+02, 0.1796919E-02, 0.9725682E-02, 0.1152260E-01, 0.1354704E-02, 0.3651296E-02, 0.5006000E-02,-0.6323722E-03,-0.1536828E-02,-0.2169200E-02,-0.1350696E-02,-0.1337698E-01,-0.1472767E-01, 0.4963546E+03, 0.4266207E+03,-0.4986012E+02, 0.4733667E+03, 0.1385750E-01, 0.1827819E-01
 0.5103500E+02, 0.1796381E-02, 0.9728169E-02, 0.1152455E-01, 0.1355975E-02, 0.3654525E-02, 0.5010500E-02,-0.6303755E-03,-0.1538225E-02,-0.2168600E-02,-0.1351010E-02,-0.1338269E-01,-0.1473370E-01, 0.4963194E+03, 0.4268707E+03,-0.4970269E+02, 0.4733903E+03, 0.1386296E-01, 0.1828398E-01
 0.5105750E+02, 0.1795576E-02, 0.9731899E-02, 0.1152748E-01, 0.1357873E-02, 0.3659377E-02, 0.5017250E-02,-0.6274013E-03,-0.1540299E-02,-0.2167700E-02,-0.1351478E-02,-0.1339127E-01,-0.1474275E-01, 0.4962663E+03, 0.4272439E+03,-0.4946819E+02, 0.4734260E+03, 0.1387115E-01, 0.1829267E-01
 0.5109125E+02, 0.1794373E-02, 0.9737490E-02, 0.1153186E-01, 0.1360702E-02, 0.3666673E-02, 0.5027375E-02,-0.6229861E-03,-0.1543364E-02,-0.2166350E-02,-0.1352175E-02,-0.1340416E-01,-0.1475634E-01, 0.4961864E+03, 0.4277998E+03,-0.4912006E+02, 0.4734802E+03, 0.1388346E-01, 0.1830571E-01
 0.5114187E+02, 0.1792577E-02, 0.9745866E-02, 0.1153844E-01, 0.1364903E-02, 0.3677660E-02, 0.5042562E-02,-0.6164639E-03,-0.1547861E-02,-0.2164325E-02,-0.1353206E-02,-0.1342353E-01,-0.1477673E-01, 0.4960659E+03, 0.4286249E+03,-0.4860582E+02, 0.4735631E+03, 0.1390194E-01, 0.1832531E-01
 0.5121781E+02, 0.1789905E-02, 0.9758411E-02, 0.1154832E-01, 0.1371115E-02, 0.3694229E-02, 0.5065344E-02,-0.6068991E-03,-0.1554388E-02,-0.2161287E-02,-0.1354723E-02,-0.1345264E-01,-0.1480736E-01, 0.4958838E+03, 0.4298440E+03,-0.4785169E+02, 0.4736911E+03, 0.1392972E-01, 0.1835475E-01
 0.5131781E+02, 0.1786419E-02, 0.9774897E-02, 0.1156132E-01, 0.1379145E-02, 0.3716199E-02, 0.5095344E-02,-0.5946637E-03,-0.1562624E-02,-0.2157287E-02,-0.1356673E-02,-0.1349110E-01,-0.1484777E-01, 0.4956417E+03, 0.4314181E+03,-0.4688700E+02, 0.4738656E+03, 0.1396637E-01, 0.1839363E-01
 0.5141781E+02, 0.1782963E-02, 0.9791352E-02, 0.1157432E-01, 0.1387026E-02, 0.3738318E-02, 0.5125344E-02,-0.5827707E-03,-0.1570517E-02,-0.2153288E-02,-0.1358569E-02,-0.1352967E-01,-0.1488824E-01, 0.4953959E+03, 0.4329599E+03,-0.4594928E+02, 0.4740452E+03, 0.1400311E-01, 0.1843261E-01
 0.5151781E+02, 0.1779540E-02, 0.9807776E-02, 0.1158732E-01, 0.1394764E-02, 0.3760580E-02, 0.5155344E-02,-0.5712057E-03,-0.1578082E-02,-0.2149287E-02,-0.1360418E-02,-0.1356836E-01,-0.1492877E-01, 0.4951476E+03, 0.4344717E+03,-0.4503743E+02, 0.4742302E+03, 0.1403994E-01, 0.1847169E-01
 0.5161781E+02, 0.1776148E-02, 0.9824167E-02, 0.1160032E-01, 0.1402365E-02, 0.3782979E-02, 0.5185344E-02,-0.5599554E-03,-0.1585332E-02,-0.2145287E-02,-0.1362223E-02,-0.1360715E-01,-0.1496937E-01, 0.4948973E+03, 0.4359549E+03,-0.4415037E+02, 0.4744206E+03, 0.1407684E-01, 0.1851086E-01
 0.5171781E+02, 0.1772790E-02, 0.9840525E-02, 0.1161332E-01, 0.1409836E-02, 0.3805508E-02, 0.5215344E-02,-0.5490066E-03,-0.1592281E-02,-0.2141287E-02,-0.1363985E-02,-0.1364603E-01,-0.1501002E-01, 0.4946458E+03, 0.4374109E+03,-0.4328710E+02, 0.4746163E+03, 0.1411382E-01, 0.1855011E-01
 0.5181781E+02, 0.1769466E-02, 0.9856850E-02, 0.1162632E-01, 0.1417181E-02, 0.3828163E-02, 0.5245344E-02,-0.5383472E-03,-0.1598940E-02,-0.2137287E-02,-0.1365709E-02,-0.1368501E-01,-0.1505072E-01, 0.4943933E+03, 0.4388410E+03,-0.4244665E+02, 0.4748171E+03, 0.1415086E-01, 0.1858945E-01
 0.5191781E+02, 0.1766176E-02, 0.9873140E-02, 0.1163932E-01, 0.1424406E-02, 0.3850938E-02, 0.5275344E-02,-0.5279657E-03,-0.1605322E-02,-0.2133287E-02,-0.1367395E-02,-0.1372408E-01,-0.1509147E-01, 0.4941404E+03, 0.4402462E+03,-0.4162810E+02, 0.4750228E+03, 0.1418796E-01, 0.1862887E-01
 0.5200000E+02, 0.1763493E-02, 0.9886507E-02, 0.1165000E-01, 0.1430262E-02, 0.3869738E-02, 0.5300000E-02,-0.5196146E-03,-0.1610385E-02,-0.2130000E-02,-0.1368753E-02,-0.1375624E-01,-0.1512500E-01, 0.4939313E+03, 0.4413836E+03,-0.4096963E+02, 0.4751947E+03, 0.1421851E-01, 0.1866132E-01
 0.5201000E+02, 0.1763305E-02, 0.9888195E-02, 0.1165150E-01, 0.1430887E-02, 0.3872113E-02, 0.5303000E-02,-0.5183789E-03,-0.1611021E-02,-0.2129400E-02,-0.1368939E-02,-0.1376031E-01,-0.1512925E-01, 0.4939308E+03, 0.4415111E+03,-0.4087218E+02, 0.4752214E+03, 0.1422236E-01, 0.1866542E-01
 0.5202000E+02, 0.1763116E-02, 0.9889884E-02, 0.1165300E-01, 0.1431511E-02, 0.3874489E-02, 0.5306000E-02,-0.5171468E-03,-0.1611653E-02,-0.2128800E-02,-0.1369126E-02,-0.1376437E-01,-0.1513350E-01, 0.4939305E+03, 0.4416390E+03,-0.4077503E+02, 0.4752485E+03, 0.1422622E-01, 0.1866952E-01
 0.5203500E+02, 0.1762832E-02, 0.9892418E-02, 0.1165525E-01, 0.1432446E-02, 0.3878054E-02, 0.5310500E-02,-0.5153070E-03,-0.1612593E-02,-0.2127900E-02,-0.1369405E-02,-0.1377047E-01,-0.1513988E-01, 0.4939297E+03, 0.4418303E+03,-0.4062997E+02, 0.4752892E+03, 0.1423201E-01, 0.1867567E-01
 0.5205750E+02, 0.1762406E-02, 0.9896220E-02, 0.1165863E-01, 0.1433844E-02, 0.3883406E-02, 0.5317250E-02,-0.5125656E-03,-0.1613984E-02,-0.2126550E-02,-0.1369821E-02,-0.1377963E-01,-0.1514945E-01, 0.4939281E+03, 0.4421165E+03,-0.4041383E+02, 0.4753504E+03, 0.1424071E-01, 0.1868491E-01
 0.5209125E+02, 0.1761763E-02, 0.9901924E-02, 0.1166369E-01, 0.1435933E-02, 0.3891442E-02, 0.5327375E-02,-0.5084944E-03,-0.1616031E-02,-0.2124525E-02,-0.1370442E-02,-0.1379337E-01,-0.1516381E-01, 0.4939246E+03, 0.4425437E+03,-0.4009283E+02, 0.4754425E+03, 0.1425375E-01, 0.1869876E-01
 0.5214187E+02, 0.1760795E-02, 0.9910487E-02, 0.1167128E-01, 0.1439049E-02, 0.3903514E-02, 0.5342562E-02,-0.5024768E-03,-0.1619011E-02,-0.2121488E-02,-0.1371362E-02,-0.1381400E-01,-0.1518536E-01, 0.4939171E+03, 0.4431802E+03,-0.3961837E+02, 0.4755811E+03, 0.1427334E-01, 0.1871957E-01
 0.5221781E+02, 0.1759333E-02, 0.9923339E-02, 0.1168267E-01, 0.1443682E-02, 0.3921662E-02, 0.5365344E-02,-0.4936437E-03,-0.1623288E-02,-0.2116931E-02,-0.1372722E-02,-0.1384500E-01,-0.1521772E-01, 0.4939011E+03, 0.4441256E+03,-0.3892192E+02, 0.4757903E+03, 0.1430277E-01, 0.1875081E-01
 0.5231781E+02, 0.1757392E-02, 0.9940280E-02, 0.1169767E-01, 0.1449715E-02, 0.3945629E-02, 0.5395344E-02,-0.4823305E-03,-0.1628601E-02,-0.2110931E-02,-0.1374478E-02,-0.1388591E-01,-0.1526039E-01, 0.4938721E+03, 0.4453542E+03,-0.3802993E+02, 0.4760681E+03, 0.1434159E-01, 0.1879204E-01
 0.5241781E+02, 0.1755436E-02, 0.9957236E-02, 0.1171267E-01, 0.1455676E-02, 0.3969668E-02, 0.5425344E-02,-0.4713215E-03,-0.1633610E-02,-0.2104931E-02,-0.1376194E-02,-0.1392690E-01,-0.1530310E-01, 0.4938343E+03, 0.4465648E+03,-0.3716191E+02, 0.4763469E+03, 0.1438049E-01, 0.1883334E-01
 0.5251781E+02, 0.1753467E-02, 0.9974205E-02, 0.1172767E-01, 0.1461566E-02, 0.3993778E-02, 0.5455344E-02,-0.4606040E-03,-0.1638327E-02,-0.2098931E-02,-0.1377875E-02,-0.1396798E-01,-0.1534586E-01, 0.4937889E+03, 0.4477587E+03,-0.3631686E+02, 0.4766275E+03, 0.1441947E-01, 0.1887471E-01
 0.5261781E+02, 0.1751490E-02, 0.9991182E-02, 0.1174267E-01, 0.1467387E-02, 0.4017957E-02, 0.5485344E-02,-0.4501659E-03,-0.1642765E-02,-0.2092931E-02,-0.1379522E-02,-0.1400914E-01,-0.1538866E-01, 0.4937368E+03, 0.4489365E+03,-0.3549385E+02, 0.4769098E+03, 0.1445852E-01, 0.1891616E-01
 0.5271781E+02, 0.1749505E-02, 0.1000817E-01, 0.1175767E-01, 0.1473142E-02, 0.4042202E-02, 0.5515344E-02,-0.4399959E-03,-0.1646935E-02,-0.2086931E-02,-0.1381138E-02,-0.1405037E-01,-0.1543151E-01, 0.4936787E+03, 0.4500987E+03,-0.3469199E+02, 0.4771939E+03, 0.1449763E-01, 0.1895767E-01
 0.5281781E+02, 0.1747516E-02, 0.1002516E-01, 0.1177267E-01, 0.1478831E-02, 0.4066512E-02, 0.5545344E-02,-0.4300832E-03,-0.1650848E-02,-0.2080931E-02,-0.1382724E-02,-0.1409167E-01,-0.1547439E-01, 0.4936152E+03, 0.4512460E+03,-0.3391040E+02, 0.4774796E+03, 0.1453680E-01, 0.1899925E-01
 0.5291781E+02, 0.1745525E-02, 0.1004215E-01, 0.1178767E-01, 0.1484457E-02, 0.4090887E-02, 0.5575344E-02,-0.4204178E-03,-0.1654514E-02,-0.2074931E-02,-0.1384281E-02,-0.1413303E-01,-0.1551732E-01, 0.4935468E+03, 0.4523787E+03,-0.3314832E+02, 0.4777670E+03, 0.1457604E-01, 0.1904088E-01
 0.5300000E+02, 0.1743887E-02, 0.1005611E-01, 0.1180000E-01, 0.1489035E-02, 0.4110964E-02, 0.5600000E-02,-0.4126357E-03,-0.1657364E-02,-0.2070000E-02,-0.1385540E-02,-0.1416708E-01,-0.1555262E-01, 0.4934866E+03, 0.4532987E+03,-0.3253474E+02, 0.4780036E+03, 0.1460833E-01, 0.1907515E-01
 0.5301000E+02, 0.1743301E-02, 0.1005760E-01, 0.1180090E-01, 0.1489895E-02, 0.4113105E-02, 0.5603000E-02,-0.4109374E-03,-0.1657663E-02,-0.2068600E-02,-0.1385655E-02,-0.1417070E-01,-0.1555636E-01, 0.4934122E+03, 0.4534521E+03,-0.3240083E+02, 0.4780011E+03, 0.1461177E-01, 0.1907880E-01
 0.5302000E+02, 0.1742716E-02, 0.1005908E-01, 0.1180180E-01, 0.1490752E-02, 0.4115248E-02, 0.5606000E-02,-0.4092442E-03,-0.1657956E-02,-0.2067200E-02,-0.1385772E-02,-0.1417433E-01,-0.1556010E-01, 0.4933384E+03, 0.4536056E+03,-0.3226733E+02, 0.4779993E+03, 0.1461521E-01, 0.1908245E-01
 0.5303500E+02, 0.1741841E-02, 0.1006131E-01, 0.1180315E-01, 0.1492032E-02, 0.4118469E-02, 0.5610500E-02,-0.4067159E-03,-0.1658384E-02,-0.2065100E-02,-0.1385945E-02,-0.1417978E-01,-0.1556572E-01, 0.4932278E+03, 0.4538348E+03,-0.3206798E+02, 0.4779967E+03, 0.1462037E-01, 0.1908793E-01
 0.5305750E+02, 0.1740535E-02, 0.1006464E-01, 0.1180518E-01, 0.1493939E-02, 0.4123311E-02, 0.5617250E-02,-0.4029491E-03,-0.1659001E-02,-0.2061950E-02,-0.1386203E-02,-0.1418795E-01,-0.1557415E-01, 0.4930625E+03, 0.4541762E+03,-0.3177099E+02, 0.4779933E+03, 0.1462812E-01, 0.1909616E-01
 0.5309125E+02, 0.1738589E-02, 0.1006962E-01, 0.1180821E-01, 0.1496773E-02, 0.4130602E-02, 0.5627375E-02,-0.3973559E-03,-0.1659869E-02,-0.2057225E-02,-0.1386584E-02,-0.1420023E-01,-0.1558681E-01, 0.4928158E+03, 0.4546831E+03,-0.3132998E+02, 0.4779894E+03, 0.1463974E-01, 0.1910852E-01
 0.5314187E+02, 0.1735701E-02, 0.1007707E-01, 0.1181277E-01, 0.1500965E-02, 0.4141598E-02, 0.5642563E-02,-0.3890906E-03,-0.1661047E-02,-0.2050137E-02,-0.1387143E-02,-0.1421867E-01,-0.1560581E-01, 0.4924485E+03, 0.4554323E+03,-0.3067830E+02, 0.4779860E+03, 0.1465720E-01, 0.1912708E-01
 0.5321781E+02, 0.1731434E-02, 0.1008817E-01, 0.1181960E-01, 0.1507127E-02, 0.4158217E-02, 0.5665344E-02,-0.3769628E-03,-0.1662543E-02,-0.2039506E-02,-0.1387955E-02,-0.1424639E-01,-0.1563434E-01, 0.4919038E+03, 0.4565323E+03,-0.2972206E+02, 0.4779867E+03, 0.1468340E-01, 0.1915500E-01
 0.5331781E+02, 0.1725923E-02, 0.1010268E-01, 0.1182860E-01, 0.1515033E-02, 0.4180311E-02, 0.5695344E-02,-0.3614381E-03,-0.1664068E-02,-0.2025506E-02,-0.1388983E-02,-0.1428299E-01,-0.1567197E-01, 0.4911970E+03, 0.4579416E+03,-0.2849798E+02, 0.4779977E+03, 0.1471796E-01, 0.1919188E-01
 0.5341781E+02, 0.1720511E-02, 0.1011709E-01, 0.1183760E-01, 0.1522736E-02, 0.4202608E-02, 0.5725344E-02,-0.3463392E-03,-0.1665167E-02,-0.2011506E-02,-0.1389965E-02,-0.1431970E-01,-0.1570967E-01, 0.4904984E+03, 0.4593111E+03,-0.2730748E+02, 0.4780178E+03, 0.1475257E-01, 0.1922887E-01
 0.5351781E+02, 0.1715196E-02, 0.1013141E-01, 0.1184660E-01, 0.1530248E-02, 0.4225095E-02, 0.5755344E-02,-0.3316479E-03,-0.1665858E-02,-0.1997506E-02,-0.1390907E-02,-0.1435650E-01,-0.1574741E-01, 0.4898088E+03, 0.4606442E+03,-0.2614912E+02, 0.4780476E+03, 0.1478724E-01, 0.1926598E-01
 0.5361781E+02, 0.1709977E-02, 0.1014563E-01, 0.1185560E-01, 0.1537582E-02, 0.4247762E-02, 0.5785344E-02,-0.3173467E-03,-0.1666160E-02,-0.1983506E-02,-0.1391813E-02,-0.1439339E-01,-0.1578520E-01, 0.4891286E+03, 0.4619435E+03,-0.2502152E+02, 0.4780869E+03, 0.1482194E-01, 0.1930318E-01
 0.5371781E+02, 0.1704850E-02, 0.1015975E-01, 0.1186460E-01, 0.1544747E-02, 0.4270597E-02, 0.5815344E-02,-0.3034189E-03,-0.1666087E-02,-0.1969506E-02,-0.1392687E-02,-0.1443035E-01,-0.1582304E-01, 0.4884580E+03, 0.4632113E+03,-0.2392336E+02, 0.4781356E+03, 0.1485668E-01, 0.1934049E-01
 0.5381781E+02, 0.1699815E-02, 0.1017379E-01, 0.1187360E-01, 0.1551754E-02, 0.4293590E-02, 0.5845344E-02,-0.2898488E-03,-0.1665657E-02,-0.1955506E-02,-0.1393532E-02,-0.1446738E-01,-0.1586091E-01, 0.4877971E+03, 0.4644494E+03,-0.2285341E+02, 0.4781935E+03, 0.1489145E-01, 0.1937787E-01
 0.5391781E+02, 0.1694868E-02, 0.1018774E-01, 0.1188260E-01, 0.1558611E-02, 0.4316733E-02, 0.5875344E-02,-0.2766216E-03,-0.1664885E-02,-0.1941506E-02,-0.1394350E-02,-0.1450447E-01,-0.1589882E-01, 0.4871461E+03, 0.4656599E+03,-0.2181049E+02, 0.4782605E+03, 0.1492626E-01, 0.1941535E-01
 0.5400000E+02, 0.1690858E-02, 0.1019914E-01, 0.1189000E-01, 0.1564147E-02, 0.4335853E-02, 0.5900000E-02,-0.2659748E-03,-0.1664025E-02,-0.1930000E-02,-0.1395003E-02,-0.1453500E-01,-0.1593000E-01, 0.4866166E+03, 0.4666354E+03,-0.2097106E+02, 0.4783212E+03, 0.1495488E-01, 0.1944620E-01
 0.5401000E+02, 0.1690511E-02, 0.1020059E-01, 0.1189110E-01, 0.1564719E-02, 0.4338281E-02, 0.5903000E-02,-0.2643885E-03,-0.1663912E-02,-0.1928300E-02,-0.1395098E-02,-0.1453887E-01,-0.1593397E-01, 0.4865768E+03, 0.4667404E+03,-0.2084602E+02, 0.4783328E+03, 0.1495851E-01, 0.1945012E-01
 0.5402000E+02, 0.1690164E-02, 0.1020204E-01, 0.1189220E-01, 0.1565290E-02, 0.4340710E-02, 0.5906000E-02,-0.2628069E-03,-0.1663793E-02,-0.1926600E-02,-0.1395195E-02,-0.1454275E-01,-0.1593794E-01, 0.4865372E+03, 0.4668457E+03,-0.2072131E+02, 0.4783447E+03, 0.1496215E-01, 0.1945403E-01
 0.5403500E+02, 0.1689644E-02, 0.1020421E-01, 0.1189385E-01, 0.1566145E-02, 0.4344355E-02, 0.5910500E-02,-0.2604446E-03,-0.1663605E-02,-0.1924050E-02,-0.1395338E-02,-0.1454856E-01,-0.1594390E-01, 0.4864779E+03, 0.4670032E+03,-0.2053506E+02, 0.4783629E+03, 0.1496760E-01, 0.1945991E-01
 0.5405750E+02, 0.1688866E-02, 0.1020746E-01, 0.1189633E-01, 0.1567423E-02, 0.4349827E-02, 0.5917250E-02,-0.2569241E-03,-0.1663301E-02,-0.1920225E-02,-0.1395552E-02,-0.1455729E-01,-0.1595284E-01, 0.4863890E+03, 0.4672384E+03,-0.2025748E+02, 0.4783905E+03, 0.1497578E-01, 0.1946873E-01
 0.5409125E+02, 0.1687702E-02, 0.1021234E-01, 0.1190004E-01, 0.1569329E-02, 0.4358046E-02, 0.5927375E-02,-0.2516939E-03,-0.1662794E-02,-0.1914487E-02,-0.1395870E-02,-0.1457038E-01,-0.1596625E-01, 0.4862557E+03, 0.4675891E+03,-0.1984509E+02, 0.4784326E+03, 0.1498806E-01, 0.1948197E-01
 0.5414187E+02, 0.1685965E-02, 0.1021964E-01, 0.1190561E-01, 0.1572164E-02, 0.4370398E-02, 0.5942563E-02,-0.2439593E-03,-0.1661922E-02,-0.1905881E-02,-0.1396341E-02,-0.1459004E-01,-0.1598638E-01, 0.4860561E+03, 0.4681105E+03,-0.1923525E+02, 0.4784976E+03, 0.1500648E-01, 0.1950185E-01
 0.5421781E+02, 0.1683378E-02, 0.1023058E-01, 0.1191396E-01, 0.1576367E-02, 0.4388976E-02, 0.5965344E-02,-0.2325971E-03,-0.1660375E-02,-0.1892972E-02,-0.1397035E-02,-0.1461956E-01,-0.1601659E-01, 0.4857576E+03, 0.4688829E+03,-0.1833935E+02, 0.4785992E+03, 0.1503413E-01, 0.1953171E-01
 0.5431781E+02, 0.1680003E-02, 0.1024496E-01, 0.1192496E-01, 0.1581817E-02, 0.4413527E-02, 0.5995344E-02,-0.2180305E-03,-0.1657941E-02,-0.1875972E-02,-0.1397926E-02,-0.1465848E-01,-0.1605641E-01, 0.4853661E+03, 0.4698833E+03,-0.1719077E+02, 0.4787397E+03, 0.1507059E-01, 0.1957110E-01
 0.5441781E+02, 0.1676657E-02, 0.1025930E-01, 0.1193596E-01, 0.1587180E-02, 0.4438164E-02, 0.6025344E-02,-0.2038432E-03,-0.1655129E-02,-0.1858972E-02,-0.1398790E-02,-0.1469747E-01,-0.1609626E-01, 0.4849746E+03, 0.4708651E+03,-0.1607215E+02, 0.4788859E+03, 0.1510708E-01, 0.1961057E-01
 0.5451781E+02, 0.1673340E-02, 0.1027362E-01, 0.1194696E-01, 0.1592459E-02, 0.4462885E-02, 0.6055344E-02,-0.1900187E-03,-0.1651953E-02,-0.1841972E-02,-0.1399631E-02,-0.1473650E-01,-0.1613614E-01, 0.4845841E+03, 0.4718303E+03,-0.1498213E+02, 0.4790381E+03, 0.1514362E-01, 0.1965011E-01
 0.5461781E+02, 0.1670053E-02, 0.1028791E-01, 0.1195796E-01, 0.1597659E-02, 0.4487685E-02, 0.6085344E-02,-0.1765416E-03,-0.1648430E-02,-0.1824972E-02,-0.1400451E-02,-0.1477559E-01,-0.1617604E-01, 0.4841952E+03, 0.4727795E+03,-0.1391952E+02, 0.4791963E+03, 0.1518019E-01, 0.1968971E-01
 0.5471781E+02, 0.1666798E-02, 0.1030216E-01, 0.1196896E-01, 0.1602782E-02, 0.4512561E-02, 0.6115344E-02,-0.1633976E-03,-0.1644574E-02,-0.1807972E-02,-0.1401251E-02,-0.1481472E-01,-0.1621597E-01, 0.4838080E+03, 0.4737137E+03,-0.1288315E+02, 0.4793603E+03, 0.1521679E-01, 0.1972939E-01
 0.5481781E+02, 0.1663573E-02, 0.1031639E-01, 0.1197996E-01, 0.1607833E-02, 0.4537511E-02, 0.6145344E-02,-0.1505729E-03,-0.1640399E-02,-0.1790972E-02,-0.1402034E-02,-0.1485390E-01,-0.1625593E-01, 0.4834230E+03, 0.4746335E+03,-0.1187197E+02, 0.4795298E+03, 0.1525343E-01, 0.1976912E-01
 0.5491781E+02, 0.1660381E-02, 0.1033058E-01, 0.1199096E-01, 0.1612813E-02, 0.4562531E-02, 0.6175344E-02,-0.1380546E-03,-0.1635917E-02,-0.1773972E-02,-0.1402800E-02,-0.1489311E-01,-0.1629591E-01, 0.4830404E+03, 0.4755397E+03,-0.1088495E+02, 0.4797047E+03, 0.1529009E-01, 0.1980891E-01
 0.5500000E+02, 0.1657777E-02, 0.1034222E-01, 0.1200000E-01, 0.1616857E-02, 0.4583143E-02, 0.6200000E-02,-0.1279673E-03,-0.1632033E-02,-0.1760000E-02,-0.1403416E-02,-0.1492537E-01,-0.1632878E-01, 0.4827268E+03, 0.4762743E+03,-0.1008967E+02, 0.4798514E+03, 0.1532025E-01, 0.1984166E-01
 0.5501000E+02, 0.1657955E-02, 0.1034385E-01, 0.1200180E-01, 0.1616992E-02, 0.4586008E-02, 0.6203000E-02,-0.1261138E-03,-0.1631486E-02,-0.1757600E-02,-0.1403549E-02,-0.1492985E-01,-0.1633340E-01, 0.4827756E+03, 0.4763159E+03,-0.9943591E+01, 0.4798875E+03, 0.1532445E-01, 0.1984621E-01
 0.5502000E+02, 0.1658131E-02, 0.1034547E-01, 0.1200360E-01, 0.1617126E-02, 0.4588874E-02, 0.6206000E-02,-0.1242666E-03,-0.1630933E-02,-0.1755200E-02,-0.1403682E-02,-0.1493434E-01,-0.1633802E-01, 0.4828242E+03, 0.4763582E+03,-0.9797940E+01, 0.4799240E+03, 0.1532865E-01, 0.1985077E-01
 0.5503500E+02, 0.1658389E-02, 0.1034791E-01, 0.1200630E-01, 0.1617330E-02, 0.4593170E-02, 0.6210500E-02,-0.1215094E-03,-0.1630091E-02,-0.1751600E-02,-0.1403880E-02,-0.1494108E-01,-0.1634496E-01, 0.4828962E+03, 0.4764216E+03,-0.9580547E+01, 0.4799786E+03, 0.1533495E-01, 0.1985761E-01
 0.5505750E+02, 0.1658765E-02, 0.1035158E-01, 0.1201035E-01, 0.1617641E-02, 0.4599609E-02, 0.6217250E-02,-0.1174041E-03,-0.1628796E-02,-0.1746200E-02,-0.1404174E-02,-0.1495119E-01,-0.1635537E-01, 0.4830020E+03, 0.4765170E+03,-0.9256863E+01, 0.4800602E+03, 0.1534441E-01, 0.1986788E-01
 0.5509125E+02, 0.1659305E-02, 0.1035712E-01, 0.1201643E-01, 0.1618116E-02, 0.4609258E-02, 0.6227375E-02,-0.1113134E-03,-0.1626787E-02,-0.1738100E-02,-0.1404609E-02,-0.1496638E-01,-0.1637099E-01, 0.4831558E+03, 0.4766606E+03,-0.8776633E+01, 0.4801818E+03, 0.1535862E-01, 0.1988329E-01
 0.5514187E+02, 0.1660062E-02, 0.1036547E-01, 0.1202554E-01, 0.1618851E-02, 0.4623712E-02, 0.6242563E-02,-0.1023240E-03,-0.1623626E-02,-0.1725950E-02,-0.1405249E-02,-0.1498919E-01,-0.1639444E-01, 0.4833760E+03, 0.4768774E+03,-0.8067837E+01, 0.4803630E+03, 0.1537998E-01, 0.1990644E-01
 0.5521781E+02, 0.1661087E-02, 0.1037812E-01, 0.1203921E-01, 0.1619998E-02, 0.4645346E-02, 0.6265344E-02,-0.8915509E-04,-0.1618570E-02,-0.1707725E-02,-0.1406181E-02,-0.1502346E-01,-0.1642965E-01, 0.4836848E+03, 0.4772056E+03,-0.7029448E+01, 0.4806322E+03, 0.1541209E-01, 0.1994123E-01
 0.5531781E+02, 0.1662260E-02, 0.1039495E-01, 0.1205721E-01, 0.1621579E-02, 0.4673765E-02, 0.6295344E-02,-0.7233058E-04,-0.1611394E-02,-0.1683725E-02,-0.1407364E-02,-0.1506871E-01,-0.1647608E-01, 0.4840568E+03, 0.4776423E+03,-0.5702725E+01, 0.4809831E+03, 0.1545452E-01, 0.1998716E-01
 0.5541781E+02, 0.1663267E-02, 0.1041194E-01, 0.1207521E-01, 0.1623218E-02, 0.4702126E-02, 0.6325344E-02,-0.5599885E-04,-0.1603726E-02,-0.1659725E-02,-0.1408499E-02,-0.1511406E-01,-0.1652256E-01, 0.4843944E+03, 0.4780796E+03,-0.4415019E+01, 0.4813288E+03, 0.1549708E-01, 0.2003320E-01
 0.5551781E+02, 0.1664123E-02, 0.1042908E-01, 0.1209321E-01, 0.1624912E-02, 0.4730432E-02, 0.6355344E-02,-0.4013520E-04,-0.1595590E-02,-0.1635725E-02,-0.1409591E-02,-0.1515951E-01,-0.1656911E-01, 0.4847017E+03, 0.4785191E+03,-0.3164219E+01, 0.4816713E+03, 0.1553977E-01, 0.2007934E-01
 0.5561781E+02, 0.1664841E-02, 0.1044636E-01, 0.1211121E-01, 0.1626658E-02, 0.4758686E-02, 0.6385344E-02,-0.2471657E-04,-0.1587008E-02,-0.1611725E-02,-0.1410647E-02,-0.1520505E-01,-0.1661570E-01, 0.4849815E+03, 0.4789609E+03,-0.1948509E+01, 0.4820112E+03, 0.1558257E-01, 0.2012558E-01
 0.5571781E+02, 0.1665434E-02, 0.1046377E-01, 0.1212921E-01, 0.1628452E-02, 0.4786891E-02, 0.6415344E-02,-0.9721520E-05,-0.1578004E-02,-0.1587725E-02,-0.1411670E-02,-0.1525066E-01,-0.1666233E-01, 0.4852363E+03, 0.4794052E+03,-0.7661973E+00, 0.4823490E+03, 0.1562546E-01, 0.2017191E-01
 0.5581781E+02, 0.1665911E-02, 0.1048130E-01, 0.1214721E-01, 0.1630292E-02, 0.4815051E-02, 0.6445343E-02, 0.4869942E-05,-0.1568595E-02,-0.1563725E-02,-0.1412664E-02,-0.1529635E-01,-0.1670901E-01, 0.4854682E+03, 0.4798520E+03, 0.3842928E+00, 0.4826851E+03, 0.1566846E-01, 0.2021832E-01
 0.5591781E+02, 0.1666284E-02, 0.1049892E-01, 0.1216521E-01, 0.1632174E-02, 0.4843169E-02, 0.6475344E-02, 0.1907646E-04,-0.1558802E-02,-0.1539725E-02,-0.1413630E-02,-0.1534209E-01,-0.1675572E-01, 0.4856794E+03, 0.4803012E+03, 0.1504431E+01, 0.4830198E+03, 0.1571153E-01, 0.2026481E-01
 0.5600000E+02, 0.1666522E-02, 0.1051348E-01, 0.1218000E-01, 0.1633745E-02, 0.4866255E-02, 0.6500000E-02, 0.3050042E-04,-0.1550500E-02,-0.1520000E-02,-0.1414403E-02,-0.1537973E-01,-0.1679414E-01, 0.4858385E+03, 0.4806701E+03, 0.2404999E+01, 0.4832930E+03, 0.1574700E-01, 0.2030307E-01
 0.5601000E+02, 0.1666677E-02, 0.1051532E-01, 0.1218200E-01, 0.1633822E-02, 0.4869178E-02, 0.6503000E-02, 0.3214389E-04,-0.1549444E-02,-0.1517300E-02,-0.1414500E-02,-0.1538450E-01,-0.1679900E-01, 0.4858778E+03, 0.4806969E+03, 0.2534422E+01, 0.4833281E+03, 0.1575149E-01, 0.2030792E-01
 0.5602000E+02, 0.1666830E-02, 0.1051717E-01, 0.1218400E-01, 0.1633900E-02, 0.4872100E-02, 0.6506000E-02, 0.3378221E-04,-0.1548382E-02,-0.1514600E-02,-0.1414598E-02,-0.1538927E-01,-0.1680387E-01, 0.4859175E+03, 0.4807248E+03, 0.2663597E+01, 0.4833641E+03, 0.1575598E-01, 0.2031277E-01
 0.5603500E+02, 0.1667055E-02, 0.1051995E-01, 0.1218700E-01, 0.1634019E-02, 0.4876481E-02, 0.6510500E-02, 0.3622833E-04,-0.1546778E-02,-0.1510550E-02,-0.1414746E-02,-0.1539643E-01,-0.1681117E-01, 0.4859763E+03, 0.4807668E+03, 0.2856464E+01, 0.4834180E+03, 0.1576273E-01, 0.2032004E-01
 0.5605750E+02, 0.1667385E-02, 0.1052412E-01, 0.1219150E-01, 0.1634203E-02, 0.4883047E-02, 0.6517250E-02, 0.3987232E-04,-0.1544347E-02,-0.1504475E-02,-0.1414966E-02,-0.1540716E-01,-0.1682213E-01, 0.4860630E+03, 0.4808304E+03, 0.3143781E+01, 0.4834986E+03, 0.1577285E-01, 0.2033096E-01
 0.5609125E+02, 0.1667861E-02, 0.1053039E-01, 0.1219825E-01, 0.1634489E-02, 0.4892886E-02, 0.6527375E-02, 0.4528284E-04,-0.1540645E-02,-0.1495363E-02,-0.1415293E-02,-0.1542327E-01,-0.1683857E-01, 0.4861897E+03, 0.4809271E+03, 0.3570384E+01, 0.4836194E+03, 0.1578805E-01, 0.2034734E-01
 0.5614187E+02, 0.1668537E-02, 0.1053984E-01, 0.1220837E-01, 0.1634941E-02, 0.4907621E-02, 0.6542562E-02, 0.5327753E-04,-0.1534971E-02,-0.1481694E-02,-0.1415777E-02,-0.1544746E-01,-0.1686324E-01, 0.4863726E+03, 0.4810749E+03, 0.4200758E+01, 0.4838002E+03, 0.1581086E-01, 0.2037194E-01
 0.5621781E+02, 0.1669467E-02, 0.1055410E-01, 0.1222356E-01, 0.1635670E-02, 0.4929673E-02, 0.6565344E-02, 0.6500908E-04,-0.1526200E-02,-0.1461191E-02,-0.1416489E-02,-0.1548377E-01,-0.1690026E-01, 0.4866319E+03, 0.4813026E+03, 0.5125863E+01, 0.4840707E+03, 0.1584513E-01, 0.2040887E-01
 0.5631781E+02, 0.1670558E-02, 0.1057300E-01, 0.1224356E-01, 0.1636709E-02, 0.4958635E-02, 0.6595344E-02, 0.8002968E-04,-0.1514220E-02,-0.1434191E-02,-0.1417406E-02,-0.1553164E-01,-0.1694905E-01, 0.4869490E+03, 0.4816118E+03, 0.6310460E+01, 0.4844258E+03, 0.1589035E-01, 0.2045759E-01
 0.5641781E+02, 0.1671523E-02, 0.1059204E-01, 0.1226356E-01, 0.1637814E-02, 0.4987530E-02, 0.6625344E-02, 0.9464067E-04,-0.1501831E-02,-0.1407191E-02,-0.1418293E-02,-0.1557957E-01,-0.1699786E-01, 0.4872411E+03, 0.4819260E+03, 0.7462491E+01, 0.4847777E+03, 0.1593565E-01, 0.2050638E-01
 0.5651781E+02, 0.1672371E-02, 0.1061119E-01, 0.1228356E-01, 0.1638982E-02, 0.5016362E-02, 0.6655344E-02, 0.1088617E-03,-0.1489052E-02,-0.1380191E-02,-0.1419158E-02,-0.1562755E-01,-0.1704671E-01, 0.4875111E+03, 0.4822465E+03, 0.8583777E+01, 0.4851281E+03, 0.1598104E-01, 0.2055525E-01
 0.5661781E+02, 0.1673113E-02, 0.1063045E-01, 0.1230356E-01, 0.1640209E-02, 0.5045135E-02, 0.6685344E-02, 0.1227112E-03,-0.1475902E-02,-0.1353191E-02,-0.1420001E-02,-0.1567558E-01,-0.1709559E-01, 0.4877611E+03, 0.4825730E+03, 0.9675766E+01, 0.4854772E+03, 0.1602650E-01, 0.2060419E-01
 0.5671781E+02, 0.1673756E-02, 0.1064981E-01, 0.1232356E-01, 0.1641491E-02, 0.5073853E-02, 0.6715344E-02, 0.1362062E-03,-0.1462397E-02,-0.1326191E-02,-0.1420826E-02,-0.1572366E-01,-0.1714449E-01, 0.4879926E+03, 0.4829053E+03, 0.1073980E+02, 0.4858252E+03, 0.1607203E-01, 0.2065319E-01
 0.5681781E+02, 0.1674308E-02, 0.1066925E-01, 0.1234356E-01, 0.1642824E-02, 0.5102520E-02, 0.6745344E-02, 0.1493627E-03,-0.1448553E-02,-0.1299191E-02,-0.1421634E-02,-0.1577177E-01,-0.1719341E-01, 0.4882070E+03, 0.4832429E+03, 0.1177715E+02, 0.4861721E+03, 0.1611762E-01, 0.2070225E-01
 0.5691781E+02, 0.1674775E-02, 0.1068879E-01, 0.1236356E-01, 0.1644205E-02, 0.5131138E-02, 0.6775344E-02, 0.1621955E-03,-0.1434386E-02,-0.1272191E-02,-0.1422426E-02,-0.1581993E-01,-0.1724235E-01, 0.4884058E+03, 0.4835856E+03, 0.1278897E+02, 0.4865182E+03, 0.1616328E-01, 0.2075137E-01
 0.5700000E+02, 0.1675105E-02, 0.1070489E-01, 0.1238000E-01, 0.1645368E-02, 0.5154632E-02, 0.6800000E-02, 0.1725297E-03,-0.1422530E-02,-0.1250000E-02,-0.1423063E-02,-0.1585953E-01,-0.1728259E-01, 0.4885577E+03, 0.4838687E+03, 0.1360354E+02, 0.4868007E+03, 0.1620085E-01, 0.2079179E-01
 0.5701000E+02, 0.1675696E-02, 0.1070650E-01, 0.1238220E-01, 0.1645028E-02, 0.5156972E-02, 0.6802000E-02, 0.1735453E-03,-0.1421345E-02,-0.1247800E-02,-0.1423167E-02,-0.1586348E-01,-0.1728664E-01, 0.4886669E+03, 0.4838307E+03, 0.1368338E+02, 0.4868441E+03, 0.1620460E-01, 0.2079582E-01
 0.5702000E+02, 0.1676283E-02, 0.1070812E-01, 0.1238440E-01, 0.1644689E-02, 0.5159311E-02, 0.6804000E-02, 0.1745584E-03,-0.1420158E-02,-0.1245600E-02,-0.1423274E-02,-0.1586743E-01,-0.1729070E-01, 0.4887763E+03, 0.4837941E+03, 0.1376326E+02, 0.4868883E+03, 0.1620835E-01, 0.2079985E-01
 0.5703500E+02, 0.1677158E-02, 0.1071054E-01, 0.1238770E-01, 0.1644185E-02, 0.5162815E-02, 0.6807000E-02, 0.1760731E-03,-0.1418373E-02,-0.1242300E-02,-0.1423433E-02,-0.1587336E-01,-0.1729679E-01, 0.4889392E+03, 0.4837397E+03, 0.1388269E+02, 0.4869544E+03, 0.1621398E-01, 0.2080590E-01
 0.5705750E+02, 0.1678454E-02, 0.1071420E-01, 0.1239265E-01, 0.1643439E-02, 0.5168061E-02, 0.6811500E-02, 0.1783339E-03,-0.1415684E-02,-0.1237350E-02,-0.1423668E-02,-0.1588226E-01,-0.1730593E-01, 0.4891808E+03, 0.4836592E+03, 0.1406094E+02, 0.4870528E+03, 0.1622243E-01, 0.2081498E-01
 0.5709125E+02, 0.1680364E-02, 0.1071971E-01, 0.1240008E-01, 0.1642341E-02, 0.5175909E-02, 0.6818250E-02, 0.1817002E-03,-0.1411625E-02,-0.1229925E-02,-0.1424017E-02,-0.1589562E-01,-0.1731964E-01, 0.4895370E+03, 0.4835411E+03, 0.1432637E+02, 0.4871991E+03, 0.1623513E-01, 0.2082861E-01
 0.5714187E+02, 0.1683157E-02, 0.1072806E-01, 0.1241121E-01, 0.1640742E-02, 0.5187633E-02, 0.6828375E-02, 0.1866951E-03,-0.1405483E-02,-0.1218787E-02,-0.1424528E-02,-0.1591569E-01,-0.1734022E-01, 0.4900581E+03, 0.4833696E+03, 0.1472021E+02, 0.4874156E+03, 0.1625422E-01, 0.2084909E-01
 0.5721781E+02, 0.1687190E-02, 0.1074073E-01, 0.1242792E-01, 0.1638444E-02, 0.5205118E-02, 0.6843563E-02, 0.1940694E-03,-0.1396151E-02,-0.1202081E-02,-0.1425273E-02,-0.1594585E-01,-0.1737112E-01, 0.4908116E+03, 0.4831249E+03, 0.1530171E+02, 0.4877343E+03, 0.1628294E-01, 0.2087985E-01
 0.5731781E+02, 0.1692246E-02, 0.1075767E-01, 0.1244992E-01, 0.1635584E-02, 0.5227978E-02, 0.6863563E-02, 0.2035836E-03,-0.1383665E-02,-0.1180081E-02,-0.1426216E-02,-0.1598565E-01,-0.1741187E-01, 0.4917579E+03, 0.4828230E+03, 0.1605203E+02, 0.4881443E+03, 0.1632090E-01, 0.2092044E-01
 0.5741781E+02, 0.1697061E-02, 0.1077486E-01, 0.1247192E-01, 0.1632877E-02, 0.5250686E-02, 0.6883562E-02, 0.2129063E-03,-0.1370988E-02,-0.1158081E-02,-0.1427119E-02,-0.1602554E-01,-0.1745266E-01, 0.4926596E+03, 0.4825384E+03, 0.1678709E+02, 0.4885438E+03, 0.1635900E-01, 0.2096113E-01
 0.5751781E+02, 0.1701650E-02, 0.1079227E-01, 0.1249392E-01, 0.1630315E-02, 0.5273248E-02, 0.6903563E-02, 0.2220455E-03,-0.1358127E-02,-0.1136081E-02,-0.1427988E-02,-0.1606552E-01,-0.1749351E-01, 0.4935202E+03, 0.4822715E+03, 0.1750768E+02, 0.4889344E+03, 0.1639722E-01, 0.2100189E-01
 0.5761781E+02, 0.1706027E-02, 0.1080989E-01, 0.1251592E-01, 0.1627894E-02, 0.5295669E-02, 0.6923562E-02, 0.2310087E-03,-0.1345090E-02,-0.1114081E-02,-0.1428826E-02,-0.1610556E-01,-0.1753439E-01, 0.4943427E+03, 0.4820219E+03, 0.1821440E+02, 0.4893170E+03, 0.1643556E-01, 0.2104273E-01
 0.5771781E+02, 0.1710207E-02, 0.1082771E-01, 0.1253792E-01, 0.1625606E-02, 0.5317956E-02, 0.6943562E-02, 0.2398028E-03,-0.1331884E-02,-0.1092081E-02,-0.1429637E-02,-0.1614567E-01,-0.1757531E-01, 0.4951297E+03, 0.4817890E+03, 0.1890778E+02, 0.4896923E+03, 0.1647401E-01, 0.2108364E-01
 0.5781781E+02, 0.1714200E-02, 0.1084572E-01, 0.1255992E-01, 0.1623447E-02, 0.5340116E-02, 0.6963562E-02, 0.2484342E-03,-0.1318515E-02,-0.1070081E-02,-0.1430423E-02,-0.1618583E-01,-0.1761626E-01, 0.4958835E+03, 0.4815724E+03, 0.1958834E+02, 0.4900610E+03, 0.1651256E-01, 0.2112461E-01
 0.5791781E+02, 0.1718020E-02, 0.1086390E-01, 0.1258192E-01, 0.1621410E-02, 0.5362153E-02, 0.6983563E-02, 0.2569089E-03,-0.1304990E-02,-0.1048081E-02,-0.1431187E-02,-0.1622605E-01,-0.1765724E-01, 0.4966063E+03, 0.4813717E+03, 0.2025654E+02, 0.4904236E+03, 0.1655120E-01, 0.2116564E-01
 0.5800000E+02, 0.1721045E-02, 0.1087896E-01, 0.1260000E-01, 0.1619813E-02, 0.5380187E-02, 0.7000000E-02, 0.2637699E-03,-0.1293770E-02,-0.1030000E-02,-0.1431798E-02,-0.1625914E-01,-0.1769094E-01, 0.4971794E+03, 0.4812159E+03, 0.2079737E+02, 0.4907169E+03, 0.1658302E-01, 0.2119940E-01
 0.5801000E+02, 0.1721552E-02, 0.1088095E-01, 0.1260250E-01, 0.1619431E-02, 0.5382569E-02, 0.7002000E-02, 0.2650828E-03,-0.1292283E-02,-0.1027200E-02,-0.1431850E-02,-0.1626352E-01,-0.1769537E-01, 0.4972673E+03, 0.4811636E+03, 0.2090076E+02, 0.4907512E+03, 0.1658722E-01, 0.2120386E-01
 0.5802000E+02, 0.1722057E-02, 0.1088294E-01, 0.1260500E-01, 0.1619051E-02, 0.5384949E-02, 0.7004000E-02, 0.2663917E-03,-0.1290792E-02,-0.1024400E-02,-0.1431903E-02,-0.1626789E-01,-0.1769980E-01, 0.4973552E+03, 0.4811120E+03, 0.2100396E+02, 0.4907860E+03, 0.1659143E-01, 0.2120833E-01
 0.5803500E+02, 0.1722807E-02, 0.1088594E-01, 0.1260875E-01, 0.1618486E-02, 0.5388515E-02, 0.7007000E-02, 0.2683467E-03,-0.1288547E-02,-0.1020200E-02,-0.1431983E-02,-0.1627446E-01,-0.1770644E-01, 0.4974861E+03, 0.4810353E+03, 0.2115810E+02, 0.4908381E+03, 0.1659775E-01, 0.2121503E-01
 0.5805750E+02, 0.1723921E-02, 0.1089045E-01, 0.1261437E-01, 0.1617647E-02, 0.5393852E-02, 0.7011500E-02, 0.2712603E-03,-0.1285160E-02,-0.1013900E-02,-0.1432101E-02,-0.1628431E-01,-0.1771641E-01, 0.4976803E+03, 0.4809218E+03, 0.2138783E+02, 0.4909159E+03, 0.1660723E-01, 0.2122508E-01
 0.5809125E+02, 0.1725562E-02, 0.1089725E-01, 0.1262281E-01, 0.1616413E-02, 0.5401837E-02, 0.7018250E-02, 0.2755893E-03,-0.1280039E-02,-0.1004450E-02,-0.1432275E-02,-0.1629909E-01,-0.1773136E-01, 0.4979667E+03, 0.4807546E+03, 0.2172916E+02, 0.4910321E+03, 0.1662146E-01, 0.2124017E-01
 0.5814187E+02, 0.1727964E-02, 0.1090750E-01, 0.1263547E-01, 0.1614610E-02, 0.5413765E-02, 0.7028375E-02, 0.2819926E-03,-0.1272268E-02,-0.9902751E-03,-0.1432532E-02,-0.1632127E-01,-0.1775380E-01, 0.4983861E+03, 0.4805110E+03, 0.2223406E+02, 0.4912052E+03, 0.1664283E-01, 0.2126282E-01
 0.5821781E+02, 0.1731438E-02, 0.1092301E-01, 0.1265445E-01, 0.1612012E-02, 0.5431550E-02, 0.7043562E-02, 0.2914036E-03,-0.1260416E-02,-0.9690125E-03,-0.1432909E-02,-0.1635456E-01,-0.1778747E-01, 0.4989935E+03, 0.4801610E+03, 0.2297619E+02, 0.4914627E+03, 0.1667493E-01, 0.2129684E-01
 0.5831781E+02, 0.1735801E-02, 0.1094365E-01, 0.1267945E-01, 0.1608764E-02, 0.5454799E-02, 0.7063563E-02, 0.3034782E-03,-0.1244491E-02,-0.9410125E-03,-0.1433389E-02,-0.1639845E-01,-0.1783184E-01, 0.4997577E+03, 0.4797250E+03, 0.2392847E+02, 0.4917980E+03, 0.1671729E-01, 0.2134170E-01
 0.5841781E+02, 0.1739962E-02, 0.1096449E-01, 0.1270445E-01, 0.1605675E-02, 0.5477888E-02, 0.7083563E-02, 0.3152475E-03,-0.1228260E-02,-0.9130125E-03,-0.1433849E-02,-0.1644238E-01,-0.1787623E-01, 0.5004863E+03, 0.4793104E+03, 0.2485645E+02, 0.4921283E+03, 0.1675974E-01, 0.2138664E-01
 0.5851781E+02, 0.1743934E-02, 0.1098552E-01, 0.1272945E-01, 0.1602738E-02, 0.5500825E-02, 0.7103563E-02, 0.3267276E-03,-0.1211740E-02,-0.8850124E-03,-0.1434292E-02,-0.1648634E-01,-0.1792064E-01, 0.5011826E+03, 0.4789172E+03, 0.2576162E+02, 0.4924548E+03, 0.1680227E-01, 0.2143164E-01
 0.5861781E+02, 0.1747729E-02, 0.1100672E-01, 0.1275445E-01, 0.1599947E-02, 0.5523616E-02, 0.7123563E-02, 0.3379330E-03,-0.1194946E-02,-0.8570125E-03,-0.1434722E-02,-0.1653034E-01,-0.1796506E-01, 0.5018488E+03, 0.4785448E+03, 0.2664513E+02, 0.4927780E+03, 0.1684487E-01, 0.2147670E-01
 0.5871781E+02, 0.1751358E-02, 0.1102810E-01, 0.1277945E-01, 0.1597294E-02, 0.5546269E-02, 0.7143563E-02, 0.3488772E-03,-0.1177890E-02,-0.8290125E-03,-0.1435141E-02,-0.1657436E-01,-0.1800950E-01, 0.5024871E+03, 0.4781924E+03, 0.2750805E+02, 0.4930982E+03, 0.1688753E-01, 0.2152182E-01
 0.5881781E+02, 0.1754830E-02, 0.1104962E-01, 0.1280445E-01, 0.1594773E-02, 0.5568789E-02, 0.7163563E-02, 0.3595726E-03,-0.1160585E-02,-0.8010125E-03,-0.1435549E-02,-0.1661841E-01,-0.1805396E-01, 0.5030990E+03, 0.4778593E+03, 0.2835134E+02, 0.4934156E+03, 0.1693026E-01, 0.2156699E-01
 0.5891781E+02, 0.1758156E-02, 0.1107130E-01, 0.1282945E-01, 0.1592379E-02, 0.5591183E-02, 0.7183563E-02, 0.3700307E-03,-0.1143043E-02,-0.7730125E-03,-0.1435948E-02,-0.1666248E-01,-0.1809843E-01, 0.5036865E+03, 0.4775448E+03, 0.2917593E+02, 0.4937307E+03, 0.1697305E-01, 0.2161221E-01
 0.5900000E+02, 0.1760793E-02, 0.1108921E-01, 0.1285000E-01, 0.1590492E-02, 0.5609508E-02, 0.7200000E-02, 0.3784697E-03,-0.1128470E-02,-0.7500000E-03,-0.1436267E-02,-0.1669871E-01,-0.1813498E-01, 0.5041523E+03, 0.4772971E+03, 0.2984109E+02, 0.4939869E+03, 0.1700825E-01, 0.2164941E-01
 0.5901000E+02, 0.1761344E-02, 0.1109116E-01, 0.1285250E-01, 0.1590002E-02, 0.5611497E-02, 0.7201500E-02, 0.3794833E-03,-0.1126883E-02,-0.7474000E-03,-0.1436291E-02,-0.1670265E-01,-0.1813895E-01, 0.5042426E+03, 0.4772232E+03, 0.2992080E+02, 0.4940163E+03, 0.1701208E-01, 0.2165345E-01
 0.5902000E+02, 0.1761893E-02, 0.1109311E-01, 0.1285500E-01, 0.1589515E-02, 0.5613485E-02, 0.7203000E-02, 0.3804944E-03,-0.1125294E-02,-0.7448000E-03,-0.1436317E-02,-0.1670659E-01,-0.1814291E-01, 0.5043331E+03, 0.4771504E+03, 0.3000052E+02, 0.4940463E+03, 0.1701591E-01, 0.2165749E-01
 0.5903500E+02, 0.1762710E-02, 0.1109604E-01, 0.1285875E-01, 0.1588788E-02, 0.5616462E-02, 0.7205250E-02, 0.3820058E-03,-0.1122906E-02,-0.7409000E-03,-0.1436356E-02,-0.1671250E-01,-0.1814886E-01, 0.5044681E+03, 0.4770419E+03, 0.3011969E+02, 0.4940913E+03, 0.1702165E-01, 0.2166356E-01
 0.5905750E+02, 0.1763924E-02, 0.1110045E-01, 0.1286438E-01, 0.1587707E-02, 0.5620918E-02, 0.7208625E-02, 0.3842611E-03,-0.1119311E-02,-0.7350500E-03,-0.1436413E-02,-0.1672137E-01,-0.1815778E-01, 0.5046685E+03, 0.4768805E+03, 0.3029751E+02, 0.4941585E+03, 0.1703027E-01, 0.2167267E-01
 0.5909125E+02, 0.1765719E-02, 0.1110709E-01, 0.1287281E-01, 0.1586109E-02, 0.5627579E-02, 0.7213688E-02, 0.3876182E-03,-0.1113893E-02,-0.7262750E-03,-0.1436498E-02,-0.1673467E-01,-0.1817117E-01, 0.5049648E+03, 0.4766418E+03, 0.3056221E+02, 0.4942587E+03, 0.1704322E-01, 0.2168634E-01
 0.5914187E+02, 0.1768354E-02, 0.1111711E-01, 0.1288547E-01, 0.1583761E-02, 0.5637520E-02, 0.7221281E-02, 0.3925971E-03,-0.1105710E-02,-0.7131125E-03,-0.1436621E-02,-0.1675463E-01,-0.1819126E-01, 0.5053999E+03, 0.4762910E+03, 0.3095479E+02, 0.4944081E+03, 0.1706265E-01, 0.2170685E-01
 0.5921781E+02, 0.1772185E-02, 0.1113227E-01, 0.1290445E-01, 0.1580346E-02, 0.5652326E-02, 0.7232672E-02, 0.3999427E-03,-0.1093311E-02,-0.6933687E-03,-0.1436800E-02,-0.1678459E-01,-0.1822139E-01, 0.5060324E+03, 0.4757809E+03, 0.3153405E+02, 0.4946300E+03, 0.1709184E-01, 0.2173765E-01
 0.5931781E+02, 0.1777030E-02, 0.1115242E-01, 0.1292945E-01, 0.1576022E-02, 0.5671649E-02, 0.7247672E-02, 0.4094126E-03,-0.1076781E-02,-0.6673687E-03,-0.1437025E-02,-0.1682407E-01,-0.1826110E-01, 0.5068324E+03, 0.4751350E+03, 0.3228091E+02, 0.4949189E+03, 0.1713035E-01, 0.2177827E-01
 0.5941781E+02, 0.1781683E-02, 0.1117277E-01, 0.1295445E-01, 0.1571862E-02, 0.5690810E-02, 0.7262672E-02, 0.4186851E-03,-0.1060054E-02,-0.6413687E-03,-0.1437237E-02,-0.1686358E-01,-0.1830082E-01, 0.5075995E+03, 0.4745122E+03, 0.3301202E+02, 0.4952033E+03, 0.1716893E-01, 0.2181895E-01
 0.5951781E+02, 0.1786156E-02, 0.1119330E-01, 0.1297945E-01, 0.1567857E-02, 0.5709815E-02, 0.7277672E-02, 0.4277694E-03,-0.1043138E-02,-0.6153688E-03,-0.1437437E-02,-0.1690311E-01,-0.1834055E-01, 0.5083365E+03, 0.4739123E+03, 0.3372828E+02, 0.4954843E+03, 0.1720758E-01, 0.2185968E-01
 0.5961781E+02, 0.1790460E-02, 0.1121399E-01, 0.1300445E-01, 0.1564001E-02, 0.5728671E-02, 0.7292672E-02, 0.4366739E-03,-0.1026043E-02,-0.5893687E-03,-0.1437629E-02,-0.1694266E-01,-0.1838029E-01, 0.5090453E+03, 0.4733344E+03, 0.3443037E+02, 0.4957623E+03, 0.1724629E-01, 0.2190046E-01
 0.5971781E+02, 0.1794603E-02, 0.1123485E-01, 0.1302945E-01, 0.1560288E-02, 0.5747384E-02, 0.7307672E-02, 0.4454063E-03,-0.1008775E-02,-0.5633688E-03,-0.1437813E-02,-0.1698224E-01,-0.1842005E-01, 0.5097278E+03, 0.4727780E+03, 0.3511889E+02, 0.4960377E+03, 0.1728505E-01, 0.2194128E-01
 0.5981781E+02, 0.1798595E-02, 0.1125586E-01, 0.1305445E-01, 0.1556712E-02, 0.5765961E-02, 0.7322672E-02, 0.4539739E-03,-0.9913426E-03,-0.5373687E-03,-0.1437992E-02,-0.1702182E-01,-0.1845981E-01, 0.5103854E+03, 0.4722422E+03, 0.3579441E+02, 0.4963105E+03, 0.1732386E-01, 0.2198215E-01
 0.5991781E+02, 0.1802445E-02, 0.1127701E-01, 0.1307945E-01, 0.1553266E-02, 0.5784405E-02, 0.7337672E-02, 0.4623832E-03,-0.9737520E-03,-0.5113688E-03,-0.1438165E-02,-0.1706141E-01,-0.1849958E-01, 0.5110198E+03, 0.4717262E+03, 0.3645746E+02, 0.4965812E+03, 0.1736272E-01, 0.2202306E-01
 0.6000000E+02, 0.1805515E-02, 0.1129449E-01, 0.1310000E-01, 0.1550519E-02, 0.5799481E-02, 0.7350000E-02, 0.4691897E-03,-0.9591897E-03,-0.4900000E-03,-0.1438302E-02,-0.1709397E-01,-0.1853227E-01, 0.5115252E+03, 0.4713142E+03, 0.3699395E+02, 0.4968015E+03, 0.1739469E-01, 0.2205670E-01
 0.6001000E+02, 0.1806071E-02, 0.1129643E-01, 0.1310250E-01, 0.1549847E-02, 0.5801153E-02, 0.7351000E-02, 0.4704685E-03,-0.9575685E-03,-0.4871000E-03,-0.1438250E-02,-0.1709758E-01,-0.1853583E-01, 0.5116046E+03, 0.4711999E+03, 0.3709464E+02, 0.4968185E+03, 0.1739825E-01, 0.2206044E-01
 0.6002000E+02, 0.1806625E-02, 0.1129838E-01, 0.1310500E-01, 0.1549176E-02, 0.5802824E-02, 0.7352000E-02, 0.4717437E-03,-0.9559437E-03,-0.4842000E-03,-0.1438201E-02,-0.1710120E-01,-0.1853940E-01, 0.5116841E+03, 0.4710864E+03, 0.3719518E+02, 0.4968360E+03, 0.1740180E-01, 0.2206418E-01
 0.6003500E+02, 0.1807451E-02, 0.1130130E-01, 0.1310875E-01, 0.1548176E-02, 0.5805324E-02, 0.7353500E-02, 0.4736486E-03,-0.9534986E-03,-0.4798500E-03,-0.1438126E-02,-0.1710662E-01,-0.1854475E-01, 0.5118025E+03, 0.4709168E+03, 0.3734537E+02, 0.4968622E+03, 0.1740713E-01, 0.2206979E-01
 0.6005750E+02, 0.1808678E-02, 0.1130570E-01, 0.1311438E-01, 0.1546687E-02, 0.5809064E-02, 0.7355750E-02, 0.4764883E-03,-0.9498133E-03,-0.4733250E-03,-0.1438013E-02,-0.1711476E-01,-0.1855277E-01, 0.5119782E+03, 0.4706642E+03, 0.3756927E+02, 0.4969014E+03, 0.1741513E-01, 0.2207821E-01
 0.6009125E+02, 0.1810493E-02, 0.1131232E-01, 0.1312281E-01, 0.1544477E-02, 0.5814648E-02, 0.7359125E-02, 0.4807090E-03,-0.9442465E-03,-0.4635375E-03,-0.1437844E-02,-0.1712697E-01,-0.1856481E-01, 0.5122378E+03, 0.4702891E+03, 0.3790207E+02, 0.4969600E+03, 0.1742714E-01, 0.2209085E-01
 0.6014187E+02, 0.1813161E-02, 0.1132231E-01, 0.1313547E-01, 0.1541217E-02, 0.5822971E-02, 0.7364188E-02, 0.4869555E-03,-0.9358118E-03,-0.4488563E-03,-0.1437590E-02,-0.1714528E-01,-0.1858287E-01, 0.5126185E+03, 0.4697350E+03, 0.3839459E+02, 0.4970476E+03, 0.1744515E-01, 0.2210982E-01
 0.6021781E+02, 0.1817045E-02, 0.1133741E-01, 0.1315445E-01, 0.1536443E-02, 0.5835338E-02, 0.7371782E-02, 0.4961430E-03,-0.9229773E-03,-0.4268344E-03,-0.1437210E-02,-0.1717275E-01,-0.1860996E-01, 0.5131711E+03, 0.4689224E+03, 0.3911905E+02, 0.4971783E+03, 0.1747221E-01, 0.2213831E-01
 0.6031781E+02, 0.1821966E-02, 0.1135749E-01, 0.1317945E-01, 0.1530351E-02, 0.5851430E-02, 0.7381781E-02, 0.5079408E-03,-0.9057752E-03,-0.3978343E-03,-0.1436709E-02,-0.1720892E-01,-0.1864563E-01, 0.5138685E+03, 0.4678829E+03, 0.4004943E+02, 0.4973498E+03, 0.1750788E-01, 0.2217590E-01
 0.6041781E+02, 0.1826699E-02, 0.1137775E-01, 0.1320445E-01, 0.1524439E-02, 0.5867342E-02, 0.7391781E-02, 0.5194491E-03,-0.8882834E-03,-0.3688344E-03,-0.1436204E-02,-0.1724510E-01,-0.1868130E-01, 0.5145352E+03, 0.4668711E+03, 0.4095682E+02, 0.4975197E+03, 0.1754360E-01, 0.2221354E-01
 0.6051781E+02, 0.1831255E-02, 0.1139820E-01, 0.1322945E-01, 0.1518702E-02, 0.5883079E-02, 0.7401781E-02, 0.5306829E-03,-0.8705173E-03,-0.3398344E-03,-0.1435698E-02,-0.1728128E-01,-0.1871698E-01, 0.5151739E+03, 0.4658866E+03, 0.4184257E+02, 0.4976889E+03, 0.1757936E-01, 0.2225124E-01
 0.6061781E+02, 0.1835646E-02, 0.1141881E-01, 0.1325445E-01, 0.1513134E-02, 0.5898647E-02, 0.7411781E-02, 0.5416564E-03,-0.8524908E-03,-0.3108344E-03,-0.1435193E-02,-0.1731746E-01,-0.1875265E-01, 0.5157867E+03, 0.4649289E+03, 0.4270780E+02, 0.4978579E+03, 0.1761516E-01, 0.2228900E-01
 0.6071781E+02, 0.1839880E-02, 0.1143957E-01, 0.1327945E-01, 0.1507727E-02, 0.5914054E-02, 0.7421781E-02, 0.5523826E-03,-0.8342170E-03,-0.2818344E-03,-0.1434691E-02,-0.1735363E-01,-0.1878832E-01, 0.5163752E+03, 0.4639971E+03, 0.4355352E+02, 0.4980269E+03, 0.1765099E-01, 0.2232681E-01
 0.6081781E+02, 0.1843968E-02, 0.1146048E-01, 0.1330445E-01, 0.1502477E-02, 0.5929305E-02, 0.7431781E-02, 0.5628735E-03,-0.8157079E-03,-0.2528344E-03,-0.1434193E-02,-0.1738979E-01,-0.1882398E-01, 0.5169412E+03, 0.4630905E+03, 0.4438070E+02, 0.4981962E+03, 0.1768685E-01, 0.2236466E-01
 0.6091781E+02, 0.1847916E-02, 0.1148154E-01, 0.1332945E-01, 0.1497377E-02, 0.5944405E-02, 0.7441781E-02, 0.5731402E-03,-0.7969745E-03,-0.2238344E-03,-0.1433699E-02,-0.1742594E-01,-0.1885964E-01, 0.5174860E+03, 0.4622085E+03, 0.4519019E+02, 0.4983658E+03, 0.1772273E-01, 0.2240255E-01
 0.6100000E+02, 0.1851069E-02, 0.1149893E-01, 0.1335000E-01, 0.1493282E-02, 0.5956718E-02, 0.7450000E-02, 0.5814300E-03,-0.7814300E-03,-0.2000000E-03,-0.1433294E-02,-0.1745565E-01,-0.1888894E-01, 0.5179192E+03, 0.4614987E+03, 0.4584366E+02, 0.4985050E+03, 0.1775224E-01, 0.2243372E-01
 0.6101000E+02, 0.1851642E-02, 0.1150056E-01, 0.1335220E-01, 0.1492633E-02, 0.5957867E-02, 0.7450500E-02, 0.5819766E-03,-0.7799766E-03,-0.1980000E-03,-0.1433266E-02,-0.1745843E-01,-0.1889169E-01, 0.5180059E+03, 0.4613925E+03, 0.4588726E+02, 0.4985239E+03, 0.1775500E-01, 0.2243664E-01
 0.6102000E+02, 0.1852213E-02, 0.1150219E-01, 0.1335440E-01, 0.1491985E-02, 0.5959015E-02, 0.7451000E-02, 0.5825224E-03,-0.7785224E-03,-0.1960000E-03,-0.1433233E-02,-0.1746120E-01,-0.1889443E-01, 0.5180907E+03, 0.4612852E+03, 0.4593029E+02, 0.4985411E+03, 0.1775775E-01, 0.2243955E-01
 0.6103500E+02, 0.1853065E-02, 0.1150464E-01, 0.1335770E-01, 0.1491017E-02, 0.5960733E-02, 0.7451750E-02, 0.5833395E-03,-0.7763396E-03,-0.1930000E-03,-0.1433178E-02,-0.1746537E-01,-0.1889855E-01, 0.5182153E+03, 0.4611231E+03, 0.4599408E+02, 0.4985649E+03, 0.1776190E-01, 0.2244392E-01
 0.6105750E+02, 0.1854334E-02, 0.1150832E-01, 0.1336265E-01, 0.1489574E-02, 0.5963301E-02, 0.7452875E-02, 0.5845618E-03,-0.7730618E-03,-0.1885000E-03,-0.1433103E-02,-0.1747162E-01,-0.1890472E-01, 0.5184037E+03, 0.4608837E+03, 0.4609045E+02, 0.4986034E+03, 0.1776811E-01, 0.2245048E-01
 0.6109125E+02, 0.1856219E-02, 0.1151386E-01, 0.1337008E-01, 0.1487426E-02, 0.5967136E-02, 0.7454562E-02, 0.5863875E-03,-0.7681375E-03,-0.1817500E-03,-0.1432991E-02,-0.1748099E-01,-0.1891398E-01, 0.5186830E+03, 0.4605272E+03, 0.4623440E+02, 0.4986608E+03, 0.1777743E-01, 0.2246033E-01
 0.6114187E+02, 0.1859003E-02, 0.1152221E-01, 0.1338121E-01, 0.1484243E-02, 0.5972850E-02, 0.7457094E-02, 0.5891091E-03,-0.7607341E-03,-0.1716250E-03,-0.1432820E-02,-0.1749506E-01,-0.1892788E-01, 0.5190951E+03, 0.4599984E+03, 0.4644899E+02, 0.4987463E+03, 0.1779144E-01, 0.2247511E-01
 0.6121781E+02, 0.1863085E-02, 0.1153483E-01, 0.1339792E-01, 0.1479556E-02, 0.5981335E-02, 0.7460891E-02, 0.5931543E-03,-0.7495918E-03,-0.1564375E-03,-0.1432561E-02,-0.1751617E-01,-0.1894873E-01, 0.5196981E+03, 0.4592184E+03, 0.4676797E+02, 0.4988732E+03, 0.1781246E-01, 0.2249731E-01
 0.6131781E+02, 0.1868306E-02, 0.1155161E-01, 0.1341992E-01, 0.1473526E-02, 0.5992365E-02, 0.7465891E-02, 0.5984180E-03,-0.7348555E-03,-0.1364375E-03,-0.1432214E-02,-0.1754398E-01,-0.1897619E-01, 0.5204669E+03, 0.4582130E+03, 0.4718307E+02, 0.4990380E+03, 0.1784020E-01, 0.2252658E-01
 0.6141781E+02, 0.1873375E-02, 0.1156854E-01, 0.1344192E-01, 0.1467631E-02, 0.6003259E-02, 0.7470891E-02, 0.6036173E-03,-0.7200548E-03,-0.1164375E-03,-0.1431861E-02,-0.1757180E-01,-0.1900366E-01, 0.5212104E+03, 0.4572277E+03, 0.4759301E+02, 0.4992003E+03, 0.1786800E-01, 0.2255589E-01
 0.6151781E+02, 0.1878299E-02, 0.1158562E-01, 0.1346392E-01, 0.1461869E-02, 0.6014022E-02, 0.7475891E-02, 0.6087545E-03,-0.7051920E-03,-0.9643752E-04,-0.1431501E-02,-0.1759964E-01,-0.1903114E-01, 0.5219303E+03, 0.4562623E+03, 0.4799806E+02, 0.4993604E+03, 0.1789583E-01, 0.2258525E-01
 0.6161781E+02, 0.1883086E-02, 0.1160283E-01, 0.1348592E-01, 0.1456234E-02, 0.6024657E-02, 0.7480891E-02, 0.6138319E-03,-0.6902694E-03,-0.7643754E-04,-0.1431138E-02,-0.1762749E-01,-0.1905863E-01, 0.5226278E+03, 0.4553164E+03, 0.4839840E+02, 0.4995188E+03, 0.1792371E-01, 0.2261465E-01
 0.6171781E+02, 0.1887741E-02, 0.1162018E-01, 0.1350792E-01, 0.1450723E-02, 0.6035168E-02, 0.7485891E-02, 0.6188516E-03,-0.6752891E-03,-0.5643751E-04,-0.1430771E-02,-0.1765534E-01,-0.1908612E-01, 0.5233041E+03, 0.4543896E+03, 0.4879418E+02, 0.4996757E+03, 0.1795162E-01, 0.2264408E-01
 0.6181781E+02, 0.1892272E-02, 0.1163765E-01, 0.1352992E-01, 0.1445332E-02, 0.6045558E-02, 0.7490891E-02, 0.6238154E-03,-0.6602529E-03,-0.3643753E-04,-0.1430403E-02,-0.1768321E-01,-0.1911361E-01, 0.5239604E+03, 0.4534814E+03, 0.4918556E+02, 0.4998312E+03, 0.1797957E-01, 0.2267355E-01
 0.6191781E+02, 0.1896683E-02, 0.1165524E-01, 0.1355192E-01, 0.1440058E-02, 0.6055833E-02, 0.7495891E-02, 0.6287252E-03,-0.6451627E-03,-0.1643749E-04,-0.1430033E-02,-0.1771107E-01,-0.1914110E-01, 0.5245977E+03, 0.4525913E+03, 0.4957268E+02, 0.4999856E+03, 0.1800755E-01, 0.2270304E-01
 0.6200000E+02, 0.1900228E-02, 0.1166977E-01, 0.1357000E-01, 0.1435799E-02, 0.6064201E-02, 0.7500000E-02, 0.6327232E-03,-0.6327232E-03, 0.0000000E+00,-0.1429726E-02,-0.1773397E-01,-0.1916370E-01, 0.5251084E+03, 0.4518714E+03, 0.4988784E+02, 0.5001115E+03, 0.1803057E-01, 0.2272731E-01
 0.6201000E+02, 0.1900810E-02, 0.1167159E-01, 0.1357240E-01, 0.1434756E-02, 0.6065244E-02, 0.7500000E-02, 0.6341648E-03,-0.6311648E-03, 0.3000023E-05,-0.1429534E-02,-0.1773683E-01,-0.1916637E-01, 0.5251710E+03, 0.4516771E+03, 0.5000216E+02, 0.5001097E+03, 0.1803344E-01, 0.2273034E-01
 0.6202000E+02, 0.1901389E-02, 0.1167341E-01, 0.1357480E-01, 0.1433715E-02, 0.6066285E-02, 0.7500000E-02, 0.6356022E-03,-0.6296022E-03, 0.5999987E-05,-0.1429336E-02,-0.1773970E-01,-0.1916903E-01, 0.5252310E+03, 0.4514817E+03, 0.5011550E+02, 0.5001058E+03, 0.1803632E-01, 0.2273338E-01
 0.6203500E+02, 0.1902252E-02, 0.1167615E-01, 0.1357840E-01, 0.1432159E-02, 0.6067841E-02, 0.7500000E-02, 0.6377496E-03,-0.6272496E-03, 0.1049996E-04,-0.1429033E-02,-0.1774399E-01,-0.1917302E-01, 0.5253180E+03, 0.4511879E+03, 0.5028410E+02, 0.5000979E+03, 0.1804064E-01, 0.2273793E-01
 0.6205750E+02, 0.1903535E-02, 0.1168026E-01, 0.1358380E-01, 0.1429836E-02, 0.6070164E-02, 0.7500000E-02, 0.6409508E-03,-0.6237008E-03, 0.1724996E-04,-0.1428588E-02,-0.1775043E-01,-0.1917902E-01, 0.5254501E+03, 0.4507515E+03, 0.5053651E+02, 0.5000891E+03, 0.1804712E-01, 0.2274477E-01
 0.6209125E+02, 0.1905435E-02, 0.1168647E-01, 0.1359190E-01, 0.1426380E-02, 0.6073620E-02, 0.7500000E-02, 0.6457092E-03,-0.6183342E-03, 0.2737500E-04,-0.1427921E-02,-0.1776008E-01,-0.1918801E-01, 0.5256445E+03, 0.4501012E+03, 0.5091169E+02, 0.5000760E+03, 0.1805684E-01, 0.2275503E-01
 0.6214187E+02, 0.1908229E-02, 0.1169582E-01, 0.1360405E-01, 0.1421254E-02, 0.6078746E-02, 0.7500000E-02, 0.6527513E-03,-0.6101888E-03, 0.4256255E-04,-0.1426921E-02,-0.1777457E-01,-0.1920149E-01, 0.5259277E+03, 0.4491353E+03, 0.5146694E+02, 0.5000563E+03, 0.1807143E-01, 0.2277045E-01
 0.6221781E+02, 0.1912304E-02, 0.1170997E-01, 0.1362227E-01, 0.1413694E-02, 0.6086306E-02, 0.7500000E-02, 0.6631085E-03,-0.5977647E-03, 0.6534375E-04,-0.1425428E-02,-0.1779628E-01,-0.1922171E-01, 0.5263347E+03, 0.4477078E+03, 0.5228360E+02, 0.5000271E+03, 0.1809333E-01, 0.2279363E-01
 0.6231781E+02, 0.1917472E-02, 0.1172880E-01, 0.1364628E-01, 0.1403955E-02, 0.6096045E-02, 0.7500000E-02, 0.6764051E-03,-0.5810614E-03, 0.9534374E-04,-0.1423470E-02,-0.1782485E-01,-0.1924832E-01, 0.5268412E+03, 0.4458632E+03, 0.5333209E+02, 0.4999895E+03, 0.1812219E-01, 0.2282424E-01
 0.6241781E+02, 0.1922447E-02, 0.1174783E-01, 0.1367027E-01, 0.1394419E-02, 0.6105580E-02, 0.7500000E-02, 0.6893682E-03,-0.5640244E-03, 0.1253438E-03,-0.1421515E-02,-0.1785341E-01,-0.1927492E-01, 0.5273174E+03, 0.4440514E+03, 0.5435418E+02, 0.4999524E+03, 0.1815109E-01, 0.2285494E-01
 0.6251781E+02, 0.1927239E-02, 0.1176704E-01, 0.1369427E-01, 0.1385084E-02, 0.6114916E-02, 0.7500000E-02, 0.7020150E-03,-0.5466712E-03, 0.1553438E-03,-0.1419568E-02,-0.1788195E-01,-0.1930152E-01, 0.5277661E+03, 0.4422722E+03, 0.5535134E+02, 0.4999168E+03, 0.1818001E-01, 0.2288572E-01
 0.6261781E+02, 0.1931861E-02, 0.1178641E-01, 0.1371828E-01, 0.1375942E-02, 0.6124057E-02, 0.7500000E-02, 0.7143618E-03,-0.5290181E-03, 0.1853437E-03,-0.1417631E-02,-0.1791047E-01,-0.1932810E-01, 0.5281895E+03, 0.4405252E+03, 0.5632484E+02, 0.4998832E+03, 0.1820895E-01, 0.2291658E-01
 0.6271781E+02, 0.1936322E-02, 0.1180595E-01, 0.1374228E-01, 0.1366990E-02, 0.6133010E-02, 0.7500000E-02, 0.7264235E-03,-0.5110798E-03, 0.2153437E-03,-0.1415706E-02,-0.1793896E-01,-0.1935467E-01, 0.5285894E+03, 0.4388099E+03, 0.5727587E+02, 0.4998522E+03, 0.1823790E-01, 0.2294751E-01
 0.6281781E+02, 0.1940631E-02, 0.1182564E-01, 0.1376628E-01, 0.1358222E-02, 0.6141778E-02, 0.7500000E-02, 0.7382141E-03,-0.4928703E-03, 0.2453438E-03,-0.1413795E-02,-0.1796742E-01,-0.1938122E-01, 0.5289675E+03, 0.4371259E+03, 0.5820552E+02, 0.4998239E+03, 0.1826685E-01, 0.2297849E-01
 0.6291781E+02, 0.1944798E-02, 0.1184548E-01, 0.1379027E-01, 0.1349632E-02, 0.6150368E-02, 0.7500000E-02, 0.7497465E-03,-0.4744027E-03, 0.2753437E-03,-0.1411900E-02,-0.1799585E-01,-0.1940775E-01, 0.5293257E+03, 0.4354724E+03, 0.5911481E+02, 0.4997988E+03, 0.1829582E-01, 0.2300954E-01
 0.6300000E+02, 0.1948126E-02, 0.1186187E-01, 0.1381000E-01, 0.1342689E-02, 0.6157311E-02, 0.7500000E-02, 0.7590531E-03,-0.4590531E-03, 0.3000000E-03,-0.1410350E-02,-0.1801918E-01,-0.1942953E-01, 0.5296060E+03, 0.4341331E+03, 0.5984850E+02, 0.4997800E+03, 0.1831962E-01, 0.2303509E-01
 0.6301000E+02, 0.1949094E-02, 0.1186381E-01, 0.1381290E-01, 0.1341375E-02, 0.6158125E-02, 0.7499500E-02, 0.7592475E-03,-0.4572475E-03, 0.3020000E-03,-0.1410206E-02,-0.1802193E-01,-0.1943214E-01, 0.5297373E+03, 0.4339037E+03, 0.5986459E+02, 0.4997903E+03, 0.1832243E-01, 0.2303810E-01
 0.6302000E+02, 0.1950057E-02, 0.1186574E-01, 0.1381580E-01, 0.1340064E-02, 0.6158936E-02, 0.7499000E-02, 0.7594416E-03,-0.4554416E-03, 0.3040000E-03,-0.1410058E-02,-0.1802468E-01,-0.1943474E-01, 0.5298658E+03, 0.4336735E+03, 0.5987989E+02, 0.4997985E+03, 0.1832523E-01, 0.2304111E-01
 0.6303500E+02, 0.1951494E-02, 0.1186866E-01, 0.1382015E-01, 0.1338105E-02, 0.6160145E-02, 0.7498250E-02, 0.7597329E-03,-0.4527329E-03, 0.3070000E-03,-0.1409828E-02,-0.1802880E-01,-0.1943863E-01, 0.5300547E+03, 0.4333279E+03, 0.5990202E+02, 0.4998083E+03, 0.1832944E-01, 0.2304563E-01
 0.6305750E+02, 0.1953632E-02, 0.1187304E-01, 0.1382667E-01, 0.1335181E-02, 0.6161944E-02, 0.7497125E-02, 0.7601699E-03,-0.4486699E-03, 0.3115000E-03,-0.1409491E-02,-0.1803499E-01,-0.1944448E-01, 0.5303386E+03, 0.4328137E+03, 0.5993647E+02, 0.4998260E+03, 0.1833576E-01, 0.2305241E-01
 0.6309125E+02, 0.1956797E-02, 0.1187966E-01, 0.1383646E-01, 0.1330829E-02, 0.6164609E-02, 0.7495437E-02, 0.7608256E-03,-0.4425756E-03, 0.3182500E-03,-0.1408983E-02,-0.1804427E-01,-0.1945326E-01, 0.5307576E+03, 0.4320472E+03, 0.5998818E+02, 0.4998518E+03, 0.1834526E-01, 0.2306260E-01
 0.6314187E+02, 0.1961458E-02, 0.1188969E-01, 0.1385114E-01, 0.1324375E-02, 0.6168531E-02, 0.7492906E-02, 0.7618104E-03,-0.4334354E-03, 0.3283750E-03,-0.1408214E-02,-0.1805822E-01,-0.1946643E-01, 0.5313714E+03, 0.4309083E+03, 0.6006583E+02, 0.4998889E+03, 0.1835953E-01, 0.2307792E-01
 0.6321781E+02, 0.1968259E-02, 0.1190491E-01, 0.1387317E-01, 0.1314858E-02, 0.6174251E-02, 0.7489109E-02, 0.7632913E-03,-0.4197288E-03, 0.3435625E-03,-0.1407051E-02,-0.1807916E-01,-0.1948621E-01, 0.5322605E+03, 0.4292241E+03, 0.6018264E+02, 0.4999414E+03, 0.1838101E-01, 0.2310096E-01
 0.6331781E+02, 0.1976899E-02, 0.1192527E-01, 0.1390217E-01, 0.1302599E-02, 0.6181511E-02, 0.7484109E-02, 0.7652461E-03,-0.4016836E-03, 0.3635625E-03,-0.1405500E-02,-0.1810678E-01,-0.1951228E-01, 0.5333787E+03, 0.4270464E+03, 0.6033688E+02, 0.5000057E+03, 0.1840940E-01, 0.2313144E-01
 0.6341781E+02, 0.1985230E-02, 0.1194594E-01, 0.1393117E-01, 0.1290600E-02, 0.6188509E-02, 0.7479109E-02, 0.7671979E-03,-0.3836355E-03, 0.3835625E-03,-0.1403928E-02,-0.1813444E-01,-0.1953837E-01, 0.5344445E+03, 0.4249065E+03, 0.6049078E+02, 0.5000649E+03, 0.1843791E-01, 0.2316204E-01
 0.6351781E+02, 0.1993268E-02, 0.1196690E-01, 0.1396017E-01, 0.1278856E-02, 0.6195254E-02, 0.7474109E-02, 0.7691507E-03,-0.3655883E-03, 0.4035625E-03,-0.1402340E-02,-0.1816215E-01,-0.1956449E-01, 0.5354617E+03, 0.4228040E+03, 0.6064475E+02, 0.5001204E+03, 0.1846652E-01, 0.2319276E-01
 0.6361781E+02, 0.2001032E-02, 0.1198813E-01, 0.1398917E-01, 0.1267358E-02, 0.6201751E-02, 0.7469109E-02, 0.7711077E-03,-0.3475452E-03, 0.4235625E-03,-0.1400740E-02,-0.1818988E-01,-0.1959062E-01, 0.5364336E+03, 0.4207386E+03, 0.6079905E+02, 0.5001732E+03, 0.1849521E-01, 0.2322358E-01
 0.6371781E+02, 0.2008536E-02, 0.1200963E-01, 0.1401817E-01, 0.1256101E-02, 0.6208009E-02, 0.7464109E-02, 0.7730712E-03,-0.3295087E-03, 0.4435625E-03,-0.1399131E-02,-0.1821764E-01,-0.1961677E-01, 0.5373633E+03, 0.4187097E+03, 0.6095387E+02, 0.5002240E+03, 0.1852399E-01, 0.2325450E-01
 0.6381781E+02, 0.2015796E-02, 0.1203137E-01, 0.1404717E-01, 0.1245076E-02, 0.6214033E-02, 0.7459109E-02, 0.7750431E-03,-0.3114806E-03, 0.4635625E-03,-0.1397518E-02,-0.1824540E-01,-0.1964292E-01, 0.5382537E+03, 0.4167168E+03, 0.6110934E+02, 0.5002735E+03, 0.1855283E-01, 0.2328551E-01
 0.6391781E+02, 0.2022824E-02, 0.1205334E-01, 0.1407617E-01, 0.1234278E-02, 0.6219831E-02, 0.7454109E-02, 0.7770248E-03,-0.2934622E-03, 0.4835625E-03,-0.1395902E-02,-0.1827317E-01,-0.1966907E-01, 0.5391071E+03, 0.4147592E+03, 0.6126559E+02, 0.5003224E+03, 0.1858173E-01, 0.2331660E-01
 0.6400000E+02, 0.2028445E-02, 0.1207155E-01, 0.1410000E-01, 0.1225551E-02, 0.6224449E-02, 0.7450000E-02, 0.7786566E-03,-0.2786565E-03, 0.5000000E-03,-0.1394571E-02,-0.1829600E-01,-0.1969057E-01, 0.5397834E+03, 0.4131731E+03, 0.6139416E+02, 0.5003618E+03, 0.1860553E-01, 0.2334221E-01
 0.6401000E+02, 0.2028975E-02, 0.1207342E-01, 0.1410240E-01, 0.1224579E-02, 0.6224921E-02, 0.7449500E-02, 0.7791365E-03,-0.2771365E-03, 0.5020000E-03,-0.1394385E-02,-0.1829835E-01,-0.1969273E-01, 0.5398388E+03, 0.4129906E+03, 0.6143252E+02, 0.5003606E+03, 0.1860797E-01, 0.2334484E-01
 0.6402000E+02, 0.2029503E-02, 0.1207530E-01, 0.1410480E-01, 0.1223609E-02, 0.6225391E-02, 0.7449000E-02, 0.7796157E-03,-0.2756157E-03, 0.5040000E-03,-0.1394195E-02,-0.1830069E-01,-0.1969488E-01, 0.5398922E+03, 0.4128077E+03, 0.6147030E+02, 0.5003578E+03, 0.1861042E-01, 0.2334747E-01
 0.6403500E+02, 0.2030292E-02, 0.1207811E-01, 0.1410840E-01, 0.1222158E-02, 0.6226093E-02, 0.7448250E-02, 0.7803328E-03,-0.2733329E-03, 0.5070000E-03,-0.1393907E-02,-0.1830420E-01,-0.1969811E-01, 0.5399699E+03, 0.4125333E+03, 0.6152625E+02, 0.5003520E+03, 0.1861408E-01, 0.2335141E-01
 0.6405750E+02, 0.2031469E-02, 0.1208233E-01, 0.1411380E-01, 0.1219989E-02, 0.6227136E-02, 0.7447125E-02, 0.7814051E-03,-0.2699051E-03, 0.5115000E-03,-0.1393482E-02,-0.1830947E-01,-0.1970295E-01, 0.5400884E+03, 0.4121243E+03, 0.6161079E+02, 0.5003459E+03, 0.1861958E-01, 0.2335733E-01
 0.6409125E+02, 0.2033219E-02, 0.1208868E-01, 0.1412190E-01, 0.1216756E-02, 0.6228682E-02, 0.7445438E-02, 0.7830058E-03,-0.2647558E-03, 0.5182500E-03,-0.1392846E-02,-0.1831736E-01,-0.1971021E-01, 0.5402642E+03, 0.4115142E+03, 0.6173700E+02, 0.5003372E+03, 0.1862782E-01, 0.2336621E-01
 0.6414187E+02, 0.2035811E-02, 0.1209824E-01, 0.1413405E-01, 0.1211950E-02, 0.6230956E-02, 0.7442906E-02, 0.7853897E-03,-0.2570147E-03, 0.5283750E-03,-0.1391897E-02,-0.1832920E-01,-0.1972109E-01, 0.5405233E+03, 0.4106067E+03, 0.6192496E+02, 0.5003248E+03, 0.1864018E-01, 0.2337954E-01
 0.6421781E+02, 0.2039625E-02, 0.1211265E-01, 0.1415227E-01, 0.1204836E-02, 0.6234274E-02, 0.7439109E-02, 0.7889284E-03,-0.2453659E-03, 0.5435625E-03,-0.1390483E-02,-0.1834692E-01,-0.1973741E-01, 0.5409019E+03, 0.4092618E+03, 0.6220400E+02, 0.5003075E+03, 0.1865873E-01, 0.2339955E-01
 0.6431781E+02, 0.2044525E-02, 0.1213175E-01, 0.1417627E-01, 0.1195627E-02, 0.6238482E-02, 0.7434109E-02, 0.7935248E-03,-0.2299624E-03, 0.5635625E-03,-0.1388637E-02,-0.1837023E-01,-0.1975887E-01, 0.5413835E+03, 0.4075186E+03, 0.6256648E+02, 0.5002873E+03, 0.1868314E-01, 0.2342594E-01
 0.6441781E+02, 0.2049301E-02, 0.1215097E-01, 0.1420027E-01, 0.1186573E-02, 0.6242536E-02, 0.7429110E-02, 0.7980560E-03,-0.2144934E-03, 0.5835625E-03,-0.1386804E-02,-0.1839351E-01,-0.1978031E-01, 0.5418474E+03, 0.4058017E+03, 0.6292374E+02, 0.5002692E+03, 0.1870757E-01, 0.2345237E-01
 0.6451781E+02, 0.2053957E-02, 0.1217032E-01, 0.1422427E-01, 0.1177669E-02, 0.6246440E-02, 0.7424109E-02, 0.8025246E-03,-0.1989621E-03, 0.6035625E-03,-0.1384983E-02,-0.1841676E-01,-0.1980174E-01, 0.5422947E+03, 0.4041106E+03, 0.6327608E+02, 0.5002534E+03, 0.1873199E-01, 0.2347883E-01
 0.6461781E+02, 0.2058500E-02, 0.1218977E-01, 0.1424827E-01, 0.1168912E-02, 0.6250198E-02, 0.7419109E-02, 0.8069336E-03,-0.1833711E-03, 0.6235625E-03,-0.1383177E-02,-0.1843997E-01,-0.1982315E-01, 0.5427263E+03, 0.4024448E+03, 0.6362371E+02, 0.5002401E+03, 0.1875642E-01, 0.2350533E-01
 0.6471781E+02, 0.2062934E-02, 0.1220934E-01, 0.1427228E-01, 0.1160297E-02, 0.6253812E-02, 0.7414109E-02, 0.8112854E-03,-0.1677229E-03, 0.6435625E-03,-0.1381385E-02,-0.1846315E-01,-0.1984454E-01, 0.5431429E+03, 0.4008037E+03, 0.6396684E+02, 0.5002293E+03, 0.1878085E-01, 0.2353186E-01
 0.6481781E+02, 0.2067263E-02, 0.1222901E-01, 0.1429627E-01, 0.1151821E-02, 0.6257289E-02, 0.7409110E-02, 0.8155825E-03,-0.1520200E-03, 0.6635625E-03,-0.1379608E-02,-0.1848630E-01,-0.1986591E-01, 0.5435453E+03, 0.3991868E+03, 0.6430565E+02, 0.5002211E+03, 0.1880527E-01, 0.2355842E-01
 0.6491781E+02, 0.2071492E-02, 0.1224878E-01, 0.1432027E-01, 0.1143479E-02, 0.6260630E-02, 0.7404109E-02, 0.8198269E-03,-0.1362644E-03, 0.6835625E-03,-0.1377846E-02,-0.1850941E-01,-0.1988726E-01, 0.5439343E+03, 0.3975936E+03, 0.6464030E+02, 0.5002154E+03, 0.1882969E-01, 0.2358500E-01
 0.6500000E+02, 0.2074899E-02, 0.1226510E-01, 0.1434000E-01, 0.1136713E-02, 0.6263287E-02, 0.7400000E-02, 0.8232788E-03,-0.1232788E-03, 0.7000000E-03,-0.1376406E-02,-0.1852839E-01,-0.1990479E-01, 0.5442444E+03, 0.3962996E+03, 0.6491241E+02, 0.5002123E+03, 0.1884976E-01, 0.2360688E-01
 0.6501000E+02, 0.2075412E-02, 0.1226669E-01, 0.1434210E-01, 0.1135457E-02, 0.6263543E-02, 0.7399000E-02, 0.8239157E-03,-0.1220157E-03, 0.7019000E-03,-0.1376090E-02,-0.1853023E-01,-0.1990632E-01, 0.5442762E+03, 0.3960516E+03, 0.6496300E+02, 0.5001925E+03, 0.1885171E-01, 0.2360900E-01
 0.6502000E+02, 0.2075923E-02, 0.1226828E-01, 0.1434420E-01, 0.1134203E-02, 0.6263797E-02, 0.7398000E-02, 0.8245512E-03,-0.1207512E-03, 0.7038000E-03,-0.1375771E-02,-0.1853207E-01,-0.1990784E-01, 0.5443066E+03, 0.3958036E+03, 0.6501310E+02, 0.5001717E+03, 0.1885366E-01, 0.2361113E-01
 0.6503500E+02, 0.2076686E-02, 0.1227066E-01, 0.1434735E-01, 0.1132326E-02, 0.6264174E-02, 0.7396500E-02, 0.8255014E-03,-0.1188514E-03, 0.7066500E-03,-0.1375291E-02,-0.1853484E-01,-0.1991013E-01, 0.5443502E+03, 0.3954319E+03, 0.6508761E+02, 0.5001393E+03, 0.1885659E-01, 0.2361432E-01
 0.6505750E+02, 0.2077823E-02, 0.1227425E-01, 0.1435208E-01, 0.1129521E-02, 0.6264729E-02, 0.7394250E-02, 0.8269201E-03,-0.1159951E-03, 0.7109250E-03,-0.1374576E-02,-0.1853898E-01,-0.1991356E-01, 0.5444167E+03, 0.3948767E+03, 0.6519947E+02, 0.5000926E+03, 0.1886098E-01, 0.2361911E-01
 0.6509125E+02, 0.2079510E-02, 0.1227965E-01, 0.1435916E-01, 0.1125334E-02, 0.6265541E-02, 0.7390875E-02, 0.8290337E-03,-0.1116962E-03, 0.7173375E-03,-0.1373505E-02,-0.1854519E-01,-0.1991870E-01, 0.5445138E+03, 0.3940477E+03, 0.6536612E+02, 0.5000226E+03, 0.1886756E-01, 0.2362631E-01
 0.6514187E+02, 0.2082001E-02, 0.1228779E-01, 0.1436979E-01, 0.1119104E-02, 0.6266708E-02, 0.7385812E-02, 0.8321719E-03,-0.1052157E-03, 0.7269563E-03,-0.1371902E-02,-0.1855450E-01,-0.1992640E-01, 0.5446541E+03, 0.3928125E+03, 0.6561356E+02, 0.4999182E+03, 0.1887744E-01, 0.2363712E-01
 0.6521781E+02, 0.2085654E-02, 0.1230009E-01, 0.1438574E-01, 0.1109866E-02, 0.6268352E-02, 0.7378219E-02, 0.8368096E-03,-0.9542527E-04, 0.7413844E-03,-0.1369509E-02,-0.1856844E-01,-0.1993795E-01, 0.5448527E+03, 0.3909785E+03, 0.6597924E+02, 0.4997627E+03, 0.1889225E-01, 0.2365337E-01
 0.6531781E+02, 0.2090321E-02, 0.1231642E-01, 0.1440674E-01, 0.1097884E-02, 0.6270335E-02, 0.7368219E-02, 0.8427984E-03,-0.8241404E-04, 0.7603844E-03,-0.1366374E-02,-0.1858675E-01,-0.1995313E-01, 0.5450943E+03, 0.3885945E+03, 0.6645146E+02, 0.4995600E+03, 0.1891176E-01, 0.2367483E-01
 0.6541781E+02, 0.2094841E-02, 0.1233290E-01, 0.1442774E-01, 0.1086078E-02, 0.6272140E-02, 0.7358219E-02, 0.8486665E-03,-0.6928218E-04, 0.7793843E-03,-0.1363251E-02,-0.1860504E-01,-0.1996829E-01, 0.5453146E+03, 0.3862404E+03, 0.6691415E+02, 0.4993593E+03, 0.1893128E-01, 0.2369636E-01
 0.6551781E+02, 0.2099221E-02, 0.1234952E-01, 0.1444874E-01, 0.1074446E-02, 0.6273773E-02, 0.7348219E-02, 0.8544200E-03,-0.5603563E-04, 0.7983844E-03,-0.1360143E-02,-0.1862329E-01,-0.1998344E-01, 0.5455153E+03, 0.3839159E+03, 0.6736778E+02, 0.4991609E+03, 0.1895080E-01, 0.2371796E-01
 0.6561781E+02, 0.2103469E-02, 0.1236627E-01, 0.1446974E-01, 0.1062982E-02, 0.6275237E-02, 0.7338219E-02, 0.8600643E-03,-0.4267995E-04, 0.8173843E-03,-0.1357051E-02,-0.1864151E-01,-0.1999856E-01, 0.5456974E+03, 0.3816205E+03, 0.6781282E+02, 0.4989652E+03, 0.1897033E-01, 0.2373962E-01
 0.6571781E+02, 0.2107590E-02, 0.1238315E-01, 0.1449074E-01, 0.1051684E-02, 0.6276535E-02, 0.7328219E-02, 0.8656047E-03,-0.2922029E-04, 0.8363844E-03,-0.1353975E-02,-0.1865968E-01,-0.2001366E-01, 0.5458622E+03, 0.3793539E+03, 0.6824966E+02, 0.4987725E+03, 0.1898985E-01, 0.2376134E-01
 0.6581781E+02, 0.2111591E-02, 0.1240015E-01, 0.1451174E-01, 0.1040547E-02, 0.6277672E-02, 0.7318219E-02, 0.8710459E-03,-0.1566149E-04, 0.8553844E-03,-0.1350917E-02,-0.1867782E-01,-0.2002874E-01, 0.5460109E+03, 0.3771155E+03, 0.6867867E+02, 0.4985831E+03, 0.1900937E-01, 0.2378311E-01
 0.6591781E+02, 0.2115477E-02, 0.1241726E-01, 0.1453274E-01, 0.1029569E-02, 0.6278650E-02, 0.7308219E-02, 0.8763924E-03,-0.2008038E-05, 0.8743844E-03,-0.1347877E-02,-0.1869591E-01,-0.2004379E-01, 0.5461444E+03, 0.3749049E+03, 0.6910023E+02, 0.4983971E+03, 0.1902887E-01, 0.2380493E-01
 0.6600000E+02, 0.2118592E-02, 0.1243141E-01, 0.1455000E-01, 0.1020650E-02, 0.6279350E-02, 0.7300000E-02, 0.8807215E-03, 0.9278469E-05, 0.8900000E-03,-0.1345390E-02,-0.1871076E-01,-0.2005615E-01, 0.5462433E+03, 0.3731063E+03, 0.6944154E+02, 0.4982466E+03, 0.1904491E-01, 0.2382291E-01
 0.6601000E+02, 0.2119047E-02, 0.1243295E-01, 0.1455200E-01, 0.1019575E-02, 0.6279425E-02, 0.7299000E-02, 0.8808897E-03, 0.1051030E-04, 0.8914000E-03,-0.1345126E-02,-0.1871238E-01,-0.2005750E-01, 0.5462744E+03, 0.3728951E+03, 0.6945515E+02, 0.4982323E+03, 0.1904665E-01, 0.2382487E-01
 0.6602000E+02, 0.2119501E-02, 0.1243450E-01, 0.1455400E-01, 0.1018502E-02, 0.6279498E-02, 0.7298000E-02, 0.8810577E-03, 0.1174231E-04, 0.8928000E-03,-0.1344861E-02,-0.1871400E-01,-0.2005886E-01, 0.5463041E+03, 0.3726840E+03, 0.6946839E+02, 0.4982172E+03, 0.1904841E-01, 0.2382683E-01
 0.6603500E+02, 0.2120180E-02, 0.1243682E-01, 0.1455700E-01, 0.1016895E-02, 0.6279605E-02, 0.7296500E-02, 0.8813094E-03, 0.1359054E-04, 0.8949000E-03,-0.1344461E-02,-0.1871642E-01,-0.2006089E-01, 0.5463471E+03, 0.3723676E+03, 0.6948786E+02, 0.4981933E+03, 0.1905103E-01, 0.2382978E-01
 0.6605750E+02, 0.2121192E-02, 0.1244031E-01, 0.1456150E-01, 0.1014492E-02, 0.6279758E-02, 0.7294250E-02, 0.8816866E-03, 0.1636342E-04, 0.8980500E-03,-0.1343864E-02,-0.1872007E-01,-0.2006393E-01, 0.5464127E+03, 0.3718947E+03, 0.6951759E+02, 0.4981592E+03, 0.1905497E-01, 0.2383419E-01
 0.6609125E+02, 0.2122697E-02, 0.1244555E-01, 0.1456825E-01, 0.1010904E-02, 0.6279971E-02, 0.7290875E-02, 0.8822511E-03, 0.2052387E-04, 0.9027750E-03,-0.1342972E-02,-0.1872552E-01,-0.2006850E-01, 0.5465093E+03, 0.3711882E+03, 0.6956211E+02, 0.4981084E+03, 0.1906087E-01, 0.2384083E-01
 0.6614187E+02, 0.2124927E-02, 0.1245345E-01, 0.1457838E-01, 0.1005559E-02, 0.6280254E-02, 0.7285813E-02, 0.8830955E-03, 0.2676694E-04, 0.9098625E-03,-0.1341637E-02,-0.1873370E-01,-0.2007534E-01, 0.5466505E+03, 0.3701347E+03, 0.6962869E+02, 0.4980328E+03, 0.1906973E-01, 0.2385079E-01
 0.6621781E+02, 0.2128212E-02, 0.1246535E-01, 0.1459356E-01, 0.9976217E-03, 0.6280597E-02, 0.7278219E-02, 0.8843571E-03, 0.3613663E-04, 0.9204938E-03,-0.1339643E-02,-0.1874595E-01,-0.2008559E-01, 0.5468540E+03, 0.3685686E+03, 0.6972817E+02, 0.4979206E+03, 0.1908301E-01, 0.2386575E-01
 0.6631781E+02, 0.2132432E-02, 0.1248113E-01, 0.1461356E-01, 0.9873060E-03, 0.6280913E-02, 0.7268219E-02, 0.8860084E-03, 0.4848537E-04, 0.9344937E-03,-0.1337031E-02,-0.1876204E-01,-0.2009907E-01, 0.5471077E+03, 0.3665300E+03, 0.6985839E+02, 0.4977754E+03, 0.1910050E-01, 0.2388548E-01
 0.6641781E+02, 0.2136546E-02, 0.1249702E-01, 0.1463356E-01, 0.9771239E-03, 0.6281095E-02, 0.7258219E-02, 0.8876456E-03, 0.6084815E-04, 0.9484937E-03,-0.1334430E-02,-0.1877811E-01,-0.2011254E-01, 0.5473464E+03, 0.3645143E+03, 0.6998748E+02, 0.4976323E+03, 0.1911800E-01, 0.2390527E-01
 0.6651781E+02, 0.2140558E-02, 0.1251300E-01, 0.1465356E-01, 0.9670724E-03, 0.6281146E-02, 0.7248219E-02, 0.8892700E-03, 0.7322369E-04, 0.9624937E-03,-0.1331842E-02,-0.1879415E-01,-0.2012599E-01, 0.5475709E+03, 0.3625211E+03, 0.7011556E+02, 0.4974917E+03, 0.1913550E-01, 0.2392509E-01
 0.6661781E+02, 0.2144472E-02, 0.1252909E-01, 0.1467356E-01, 0.9571488E-03, 0.6281070E-02, 0.7238219E-02, 0.8908829E-03, 0.8561083E-04, 0.9764937E-03,-0.1329266E-02,-0.1881016E-01,-0.2013943E-01, 0.5477818E+03, 0.3605500E+03, 0.7024273E+02, 0.4973536E+03, 0.1915299E-01, 0.2394495E-01
 0.6671781E+02, 0.2148291E-02, 0.1254527E-01, 0.1469356E-01, 0.9473504E-03, 0.6280868E-02, 0.7228219E-02, 0.8924852E-03, 0.9800853E-04, 0.9904937E-03,-0.1326703E-02,-0.1882614E-01,-0.2015284E-01, 0.5479799E+03, 0.3586008E+03, 0.7036906E+02, 0.4972182E+03, 0.1917049E-01, 0.2396485E-01
 0.6681781E+02, 0.2152019E-02, 0.1256154E-01, 0.1471356E-01, 0.9376745E-03, 0.6280544E-02, 0.7218219E-02, 0.8940779E-03, 0.1104159E-03, 0.1004494E-02,-0.1324155E-02,-0.1884209E-01,-0.2016624E-01, 0.5481659E+03, 0.3566730E+03, 0.7049464E+02, 0.4970855E+03, 0.1918798E-01, 0.2398479E-01
 0.6691781E+02, 0.2155660E-02, 0.1257790E-01, 0.1473356E-01, 0.9281185E-03, 0.6280100E-02, 0.7208219E-02, 0.8956617E-03, 0.1228320E-03, 0.1018494E-02,-0.1321619E-02,-0.1885800E-01,-0.2017962E-01, 0.5483403E+03, 0.3547664E+03, 0.7061952E+02, 0.4969556E+03, 0.1920547E-01, 0.2400476E-01
 0.6700000E+02, 0.2158592E-02, 0.1259141E-01, 0.1475000E-01, 0.9203445E-03, 0.6279655E-02, 0.7200000E-02, 0.8969556E-03, 0.1330444E-03, 0.1030000E-02,-0.1319544E-02,-0.1887106E-01,-0.2019061E-01, 0.5484753E+03, 0.3532132E+03, 0.7072152E+02, 0.4968507E+03, 0.1921984E-01, 0.2402120E-01
 0.6701000E+02, 0.2158992E-02, 0.1259351E-01, 0.1475250E-01, 0.9194149E-03, 0.6279585E-02, 0.7199000E-02, 0.8970692E-03, 0.1346308E-03, 0.1031700E-02,-0.1319321E-02,-0.1887309E-01,-0.2019241E-01, 0.5485049E+03, 0.3530311E+03, 0.7073109E+02, 0.4968480E+03, 0.1922208E-01, 0.2402375E-01
 0.6702000E+02, 0.2159392E-02, 0.1259561E-01, 0.1475500E-01, 0.9184866E-03, 0.6279513E-02, 0.7198000E-02, 0.8971830E-03, 0.1362171E-03, 0.1033400E-02,-0.1319094E-02,-0.1887512E-01,-0.2019422E-01, 0.5485322E+03, 0.3528490E+03, 0.7074007E+02, 0.4968434E+03, 0.1922431E-01, 0.2402631E-01
 0.6703500E+02, 0.2159990E-02, 0.1259876E-01, 0.1475875E-01, 0.9170969E-03, 0.6279403E-02, 0.7196500E-02, 0.8973543E-03, 0.1385957E-03, 0.1035950E-02,-0.1318752E-02,-0.1887816E-01,-0.2019692E-01, 0.5485708E+03, 0.3525761E+03, 0.7075294E+02, 0.4968348E+03, 0.1922766E-01, 0.2403014E-01
 0.6705750E+02, 0.2160883E-02, 0.1260349E-01, 0.1476438E-01, 0.9150187E-03, 0.6279231E-02, 0.7194250E-02, 0.8976129E-03, 0.1421621E-03, 0.1039775E-02,-0.1318243E-02,-0.1888272E-01,-0.2020097E-01, 0.5486314E+03, 0.3521683E+03, 0.7077332E+02, 0.4968248E+03, 0.1923268E-01, 0.2403589E-01
 0.6709125E+02, 0.2162212E-02, 0.1261060E-01, 0.1477281E-01, 0.9119158E-03, 0.6278959E-02, 0.7190875E-02, 0.8980039E-03, 0.1475086E-03, 0.1045512E-02,-0.1317483E-02,-0.1888956E-01,-0.2020704E-01, 0.5487211E+03, 0.3515591E+03, 0.7080416E+02, 0.4968103E+03, 0.1924022E-01, 0.2404452E-01
 0.6714187E+02, 0.2164184E-02, 0.1262128E-01, 0.1478547E-01, 0.9072931E-03, 0.6278520E-02, 0.7185813E-02, 0.8985977E-03, 0.1555210E-03, 0.1054119E-02,-0.1316348E-02,-0.1889980E-01,-0.2021615E-01, 0.5488531E+03, 0.3506510E+03, 0.7085098E+02, 0.4967893E+03, 0.1925152E-01, 0.2405746E-01
 0.6721781E+02, 0.2167098E-02, 0.1263736E-01, 0.1480445E-01, 0.9004287E-03, 0.6277790E-02, 0.7178219E-02, 0.8995038E-03, 0.1675244E-03, 0.1067028E-02,-0.1314654E-02,-0.1891514E-01,-0.2022980E-01, 0.5490456E+03, 0.3493015E+03, 0.7092245E+02, 0.4967596E+03, 0.1926846E-01, 0.2407689E-01
 0.6731781E+02, 0.2170855E-02, 0.1265860E-01, 0.1482945E-01, 0.8915076E-03, 0.6276711E-02, 0.7168218E-02, 0.9007209E-03, 0.1833073E-03, 0.1084028E-02,-0.1312442E-02,-0.1893531E-01,-0.2024775E-01, 0.5492894E+03, 0.3475458E+03, 0.7101849E+02, 0.4967238E+03, 0.1929076E-01, 0.2410250E-01
 0.6741781E+02, 0.2174532E-02, 0.1267992E-01, 0.1485445E-01, 0.8827026E-03, 0.6275516E-02, 0.7158219E-02, 0.9019573E-03, 0.1990708E-03, 0.1101028E-02,-0.1310244E-02,-0.1895544E-01,-0.2026568E-01, 0.5495226E+03, 0.3458108E+03, 0.7111597E+02, 0.4966909E+03, 0.1931305E-01, 0.2412813E-01
 0.6751781E+02, 0.2178131E-02, 0.1270132E-01, 0.1487945E-01, 0.8740114E-03, 0.6274207E-02, 0.7148219E-02, 0.9032123E-03, 0.2148159E-03, 0.1118028E-02,-0.1308062E-02,-0.1897553E-01,-0.2028359E-01, 0.5497460E+03, 0.3440961E+03, 0.7121492E+02, 0.4966609E+03, 0.1933534E-01, 0.2415378E-01
 0.6761781E+02, 0.2181655E-02, 0.1272280E-01, 0.1490445E-01, 0.8654316E-03, 0.6272787E-02, 0.7138219E-02, 0.9044847E-03, 0.2305435E-03, 0.1135028E-02,-0.1305895E-02,-0.1899558E-01,-0.2030148E-01, 0.5499601E+03, 0.3424014E+03, 0.7131525E+02, 0.4966340E+03, 0.1935762E-01, 0.2417946E-01
 0.6771781E+02, 0.2185106E-02, 0.1274435E-01, 0.1492945E-01, 0.8569610E-03, 0.6271258E-02, 0.7128219E-02, 0.9057736E-03, 0.2462546E-03, 0.1152028E-02,-0.1303744E-02,-0.1901560E-01,-0.2031935E-01, 0.5501651E+03, 0.3407264E+03, 0.7141687E+02, 0.4966100E+03, 0.1937990E-01, 0.2420516E-01
 0.6781781E+02, 0.2188487E-02, 0.1276597E-01, 0.1495445E-01, 0.8485974E-03, 0.6269621E-02, 0.7118219E-02, 0.9070782E-03, 0.2619499E-03, 0.1169028E-02,-0.1301608E-02,-0.1903559E-01,-0.2033720E-01, 0.5503615E+03, 0.3390708E+03, 0.7151974E+02, 0.4965889E+03, 0.1940216E-01, 0.2423089E-01
 0.6791781E+02, 0.2191800E-02, 0.1278765E-01, 0.1497945E-01, 0.8403386E-03, 0.6267880E-02, 0.7108219E-02, 0.9083977E-03, 0.2776304E-03, 0.1186028E-02,-0.1299489E-02,-0.1905553E-01,-0.2035502E-01, 0.5505497E+03, 0.3374343E+03, 0.7162377E+02, 0.4965707E+03, 0.1942442E-01, 0.2425663E-01
 0.6800000E+02, 0.2194477E-02, 0.1280552E-01, 0.1500000E-01, 0.8336210E-03, 0.6266379E-02, 0.7100000E-02, 0.9094902E-03, 0.2905098E-03, 0.1200000E-02,-0.1297756E-02,-0.1907190E-01,-0.2036966E-01, 0.5506984E+03, 0.3361018E+03, 0.7170985E+02, 0.4965575E+03, 0.1944271E-01, 0.2427781E-01
 0.6801000E+02, 0.2194762E-02, 0.1280734E-01, 0.1500210E-01, 0.8327744E-03, 0.6266226E-02, 0.7099000E-02, 0.9096828E-03, 0.2918172E-03, 0.1201500E-02,-0.1297518E-02,-0.1907356E-01,-0.2037108E-01, 0.5507068E+03, 0.3359304E+03, 0.7172543E+02, 0.4965498E+03, 0.1944457E-01, 0.2427996E-01
 0.6802000E+02, 0.2195047E-02, 0.1280915E-01, 0.1500420E-01, 0.8319288E-03, 0.6266071E-02, 0.7098000E-02, 0.9098752E-03, 0.2931248E-03, 0.1203000E-02,-0.1297278E-02,-0.1907522E-01,-0.2037250E-01, 0.5507139E+03, 0.3357592E+03, 0.7174060E+02, 0.4965409E+03, 0.1944643E-01, 0.2428211E-01
 0.6803500E+02, 0.2195473E-02, 0.1281188E-01, 0.1500735E-01, 0.8306628E-03, 0.6265837E-02, 0.7096500E-02, 0.9101637E-03, 0.2950863E-03, 0.1205250E-02,-0.1296915E-02,-0.1907771E-01,-0.2037463E-01, 0.5507227E+03, 0.3355027E+03, 0.7176291E+02, 0.4965263E+03, 0.1944921E-01, 0.2428533E-01
 0.6805750E+02, 0.2196109E-02, 0.1281597E-01, 0.1501208E-01, 0.8287690E-03, 0.6265481E-02, 0.7094250E-02, 0.9105960E-03, 0.2980290E-03, 0.1208625E-02,-0.1296376E-02,-0.1908145E-01,-0.2037782E-01, 0.5507381E+03, 0.3351191E+03, 0.7179699E+02, 0.4965066E+03, 0.1945338E-01, 0.2429017E-01
 0.6809125E+02, 0.2197057E-02, 0.1282211E-01, 0.1501916E-01, 0.8259399E-03, 0.6264935E-02, 0.7090875E-02, 0.9112436E-03, 0.3024440E-03, 0.1213688E-02,-0.1295570E-02,-0.1908704E-01,-0.2038261E-01, 0.5507605E+03, 0.3345458E+03, 0.7184805E+02, 0.4964774E+03, 0.1945964E-01, 0.2429743E-01
 0.6814187E+02, 0.2198466E-02, 0.1283133E-01, 0.1502979E-01, 0.8217221E-03, 0.6264091E-02, 0.7085813E-02, 0.9122129E-03, 0.3090684E-03, 0.1221281E-02,-0.1294366E-02,-0.1909542E-01,-0.2038978E-01, 0.5507929E+03, 0.3336909E+03, 0.7192448E+02, 0.4964345E+03, 0.1946903E-01, 0.2430832E-01
 0.6821781E+02, 0.2200550E-02, 0.1284519E-01, 0.1504574E-01, 0.8154523E-03, 0.6262767E-02, 0.7078219E-02, 0.9136624E-03, 0.3190095E-03, 0.1232672E-02,-0.1292573E-02,-0.1910796E-01,-0.2040053E-01, 0.5508386E+03, 0.3324193E+03, 0.7203878E+02, 0.4963720E+03, 0.1948309E-01, 0.2432466E-01
 0.6831781E+02, 0.2203243E-02, 0.1286350E-01, 0.1506674E-01, 0.8072923E-03, 0.6260926E-02, 0.7068219E-02, 0.9155627E-03, 0.3321092E-03, 0.1247672E-02,-0.1290230E-02,-0.1912442E-01,-0.2041465E-01, 0.5508940E+03, 0.3307631E+03, 0.7218864E+02, 0.4962929E+03, 0.1950158E-01, 0.2434619E-01
 0.6841781E+02, 0.2205883E-02, 0.1288186E-01, 0.1508774E-01, 0.7992273E-03, 0.6258992E-02, 0.7058219E-02, 0.9174522E-03, 0.3452197E-03, 0.1262672E-02,-0.1287905E-02,-0.1914085E-01,-0.2042875E-01, 0.5509437E+03, 0.3291247E+03, 0.7233763E+02, 0.4962167E+03, 0.1952006E-01, 0.2436774E-01
 0.6851781E+02, 0.2208472E-02, 0.1290027E-01, 0.1510874E-01, 0.7912553E-03, 0.6256964E-02, 0.7048219E-02, 0.9193313E-03, 0.3583406E-03, 0.1277672E-02,-0.1285598E-02,-0.1915723E-01,-0.2044283E-01, 0.5509881E+03, 0.3275037E+03, 0.7248579E+02, 0.4961436E+03, 0.1953851E-01, 0.2438930E-01
 0.6861781E+02, 0.2211011E-02, 0.1291873E-01, 0.1512974E-01, 0.7833742E-03, 0.6254844E-02, 0.7038219E-02, 0.9212005E-03, 0.3714714E-03, 0.1292672E-02,-0.1283308E-02,-0.1917357E-01,-0.2045688E-01, 0.5510275E+03, 0.3258999E+03, 0.7263317E+02, 0.4960735E+03, 0.1955695E-01, 0.2441088E-01
 0.6871781E+02, 0.2213503E-02, 0.1293724E-01, 0.1515074E-01, 0.7755823E-03, 0.6252636E-02, 0.7028219E-02, 0.9230601E-03, 0.3846117E-03, 0.1307672E-02,-0.1281037E-02,-0.1918987E-01,-0.2047091E-01, 0.5510621E+03, 0.3243129E+03, 0.7277979E+02, 0.4960065E+03, 0.1957537E-01, 0.2443248E-01
 0.6881781E+02, 0.2215947E-02, 0.1295579E-01, 0.1517174E-01, 0.7678778E-03, 0.6250341E-02, 0.7018219E-02, 0.9249105E-03, 0.3977614E-03, 0.1322672E-02,-0.1278782E-02,-0.1920613E-01,-0.2048492E-01, 0.5510921E+03, 0.3227425E+03, 0.7292569E+02, 0.4959424E+03, 0.1959378E-01, 0.2445409E-01
 0.6891781E+02, 0.2218347E-02, 0.1297439E-01, 0.1519274E-01, 0.7602588E-03, 0.6247960E-02, 0.7008219E-02, 0.9267519E-03, 0.4109200E-03, 0.1337672E-02,-0.1276545E-02,-0.1922235E-01,-0.2049890E-01, 0.5511177E+03, 0.3211883E+03, 0.7307088E+02, 0.4958812E+03, 0.1961216E-01, 0.2447571E-01
 0.6900000E+02, 0.2220287E-02, 0.1298971E-01, 0.1521000E-01, 0.7540541E-03, 0.6245946E-02, 0.7000000E-02, 0.9282581E-03, 0.4217419E-03, 0.1350000E-02,-0.1274718E-02,-0.1923566E-01,-0.2051038E-01, 0.5511354E+03, 0.3199217E+03, 0.7318961E+02, 0.4958328E+03, 0.1962726E-01, 0.2449349E-01
 0.6901000E+02, 0.2220822E-02, 0.1299308E-01, 0.1521390E-01, 0.7524997E-03, 0.6245500E-02, 0.6998000E-02, 0.9282836E-03, 0.4241165E-03, 0.1352400E-02,-0.1274281E-02,-0.1923858E-01,-0.2051286E-01, 0.5511509E+03, 0.3196077E+03, 0.7319159E+02, 0.4958179E+03, 0.1963057E-01, 0.2449740E-01
 0.6902000E+02, 0.2221356E-02, 0.1299644E-01, 0.1521780E-01, 0.7509489E-03, 0.6245051E-02, 0.6996000E-02, 0.9283097E-03, 0.4264902E-03, 0.1354800E-02,-0.1273845E-02,-0.1924150E-01,-0.2051534E-01, 0.5511662E+03, 0.3192944E+03, 0.7319366E+02, 0.4958031E+03, 0.1963389E-01, 0.2450130E-01
 0.6903500E+02, 0.2222151E-02, 0.1300150E-01, 0.1522365E-01, 0.7486304E-03, 0.6244370E-02, 0.6993000E-02, 0.9283512E-03, 0.4300488E-03, 0.1358400E-02,-0.1273192E-02,-0.1924587E-01,-0.2051906E-01, 0.5511887E+03, 0.3188258E+03, 0.7319692E+02, 0.4957812E+03, 0.1963886E-01, 0.2450716E-01
 0.6905750E+02, 0.2223334E-02, 0.1300909E-01, 0.1523242E-01, 0.7451701E-03, 0.6243330E-02, 0.6988500E-02, 0.9284181E-03, 0.4353819E-03, 0.1363800E-02,-0.1272216E-02,-0.1925242E-01,-0.2052464E-01, 0.5512213E+03, 0.3181263E+03, 0.7320220E+02, 0.4957489E+03, 0.1964631E-01, 0.2451595E-01
 0.6909125E+02, 0.2225087E-02, 0.1302050E-01, 0.1524559E-01, 0.7400179E-03, 0.6241732E-02, 0.6981750E-02, 0.9285289E-03, 0.4433711E-03, 0.1371900E-02,-0.1270759E-02,-0.1926223E-01,-0.2053299E-01, 0.5512679E+03, 0.3170840E+03, 0.7321094E+02, 0.4957014E+03, 0.1965748E-01, 0.2452914E-01
 0.6914187E+02, 0.2227668E-02, 0.1303766E-01, 0.1526533E-01, 0.7323743E-03, 0.6239251E-02, 0.6971625E-02, 0.9287175E-03, 0.4553325E-03, 0.1384050E-02,-0.1268590E-02,-0.1927691E-01,-0.2054550E-01, 0.5513331E+03, 0.3155366E+03, 0.7322585E+02, 0.4956328E+03, 0.1967421E-01, 0.2454893E-01
 0.6921781E+02, 0.2231439E-02, 0.1306351E-01, 0.1529495E-01, 0.7210928E-03, 0.6235345E-02, 0.6956438E-02, 0.9290489E-03, 0.4732262E-03, 0.1402275E-02,-0.1265372E-02,-0.1929885E-01,-0.2056422E-01, 0.5514208E+03, 0.3132500E+03, 0.7325211E+02, 0.4955356E+03, 0.1969928E-01, 0.2457865E-01
 0.6931781E+02, 0.2236235E-02, 0.1309771E-01, 0.1533395E-01, 0.7065427E-03, 0.6229895E-02, 0.6936437E-02, 0.9295606E-03, 0.4967144E-03, 0.1426275E-02,-0.1261193E-02,-0.1932761E-01,-0.2058880E-01, 0.5515191E+03, 0.3102964E+03, 0.7329281E+02, 0.4954173E+03, 0.1973223E-01, 0.2461782E-01
 0.6941781E+02, 0.2240861E-02, 0.1313209E-01, 0.1537295E-01, 0.6922891E-03, 0.6224148E-02, 0.6916438E-02, 0.9301364E-03, 0.5201385E-03, 0.1450275E-02,-0.1257067E-02,-0.1935623E-01,-0.2061330E-01, 0.5515977E+03, 0.3073979E+03, 0.7333822E+02, 0.4953070E+03, 0.1976513E-01, 0.2465706E-01
 0.6951781E+02, 0.2245325E-02, 0.1316662E-01, 0.1541195E-01, 0.6783206E-03, 0.6218117E-02, 0.6896437E-02, 0.9307732E-03, 0.5435018E-03, 0.1474275E-02,-0.1252994E-02,-0.1938474E-01,-0.2063773E-01, 0.5516595E+03, 0.3045529E+03, 0.7338842E+02, 0.4952058E+03, 0.1979799E-01, 0.2469634E-01
 0.6961781E+02, 0.2249639E-02, 0.1320131E-01, 0.1545095E-01, 0.6646270E-03, 0.6211811E-02, 0.6876438E-02, 0.9314676E-03, 0.5668073E-03, 0.1498275E-02,-0.1248974E-02,-0.1941312E-01,-0.2066209E-01, 0.5517057E+03, 0.3017596E+03, 0.7344318E+02, 0.4951134E+03, 0.1983080E-01, 0.2473566E-01
 0.6971781E+02, 0.2253809E-02, 0.1323614E-01, 0.1548995E-01, 0.6511983E-03, 0.6205239E-02, 0.6856438E-02, 0.9322169E-03, 0.5900581E-03, 0.1522275E-02,-0.1245006E-02,-0.1944138E-01,-0.2068638E-01, 0.5517379E+03, 0.2990163E+03, 0.7350225E+02, 0.4950298E+03, 0.1986356E-01, 0.2477503E-01
 0.6981781E+02, 0.2257846E-02, 0.1327110E-01, 0.1552895E-01, 0.6380252E-03, 0.6198412E-02, 0.6836438E-02, 0.9330180E-03, 0.6132570E-03, 0.1546275E-02,-0.1241090E-02,-0.1946951E-01,-0.2071060E-01, 0.5517569E+03, 0.2963215E+03, 0.7356541E+02, 0.4949548E+03, 0.1989627E-01, 0.2481444E-01
 0.6991781E+02, 0.2261755E-02, 0.1330619E-01, 0.1556795E-01, 0.6250989E-03, 0.6191338E-02, 0.6816437E-02, 0.9338682E-03, 0.6364068E-03, 0.1570275E-02,-0.1237226E-02,-0.1949753E-01,-0.2073476E-01, 0.5517640E+03, 0.2936737E+03, 0.7363245E+02, 0.4948882E+03, 0.1992893E-01, 0.2485389E-01
 0.7000000E+02, 0.2264881E-02, 0.1333512E-01, 0.1560000E-01, 0.6146384E-03, 0.6185362E-02, 0.6800000E-02, 0.9345956E-03, 0.6554044E-03, 0.1590000E-02,-0.1234081E-02,-0.1952048E-01,-0.2075456E-01, 0.5517602E+03, 0.2915286E+03, 0.7368952E+02, 0.4948382E+03, 0.1995575E-01, 0.2488634E-01
 0.7001000E+02, 0.2265183E-02, 0.1333702E-01, 0.1560220E-01, 0.6134322E-03, 0.6184968E-02, 0.6798400E-02, 0.9344501E-03, 0.6566498E-03, 0.1591100E-02,-0.1233694E-02,-0.1952199E-01,-0.2075568E-01, 0.5517473E+03, 0.2912772E+03, 0.7367821E+02, 0.4948146E+03, 0.1995751E-01, 0.2488847E-01
 0.7002000E+02, 0.2265484E-02, 0.1333892E-01, 0.1560440E-01, 0.6122278E-03, 0.6184572E-02, 0.6796800E-02, 0.9343050E-03, 0.6578951E-03, 0.1592200E-02,-0.1233307E-02,-0.1952349E-01,-0.2075680E-01, 0.5517336E+03, 0.2910262E+03, 0.7366676E+02, 0.4947905E+03, 0.1995927E-01, 0.2489060E-01
 0.7003500E+02, 0.2265933E-02, 0.1334177E-01, 0.1560770E-01, 0.6104250E-03, 0.6183975E-02, 0.6794400E-02, 0.9340881E-03, 0.6597618E-03, 0.1593850E-02,-0.1232725E-02,-0.1952574E-01,-0.2075847E-01, 0.5517113E+03, 0.2906505E+03, 0.7364925E+02, 0.4947530E+03, 0.1996191E-01, 0.2489380E-01
 0.7005750E+02, 0.2266601E-02, 0.1334605E-01, 0.1561265E-01, 0.6077297E-03, 0.6183070E-02, 0.6790800E-02, 0.9337650E-03, 0.6625600E-03, 0.1596325E-02,-0.1231856E-02,-0.1952912E-01,-0.2076098E-01, 0.5516797E+03, 0.2900885E+03, 0.7362378E+02, 0.4946992E+03, 0.1996586E-01, 0.2489859E-01
 0.7009125E+02, 0.2267592E-02, 0.1335248E-01, 0.1562007E-01, 0.6037063E-03, 0.6181694E-02, 0.6785400E-02, 0.9332850E-03, 0.6667525E-03, 0.1600038E-02,-0.1230557E-02,-0.1953418E-01,-0.2076473E-01, 0.5516311E+03, 0.2892491E+03, 0.7358593E+02, 0.4946188E+03, 0.1997179E-01, 0.2490578E-01
 0.7014187E+02, 0.2269055E-02, 0.1336216E-01, 0.1563121E-01, 0.5977149E-03, 0.6179585E-02, 0.6777300E-02, 0.9325755E-03, 0.6730308E-03, 0.1605606E-02,-0.1228616E-02,-0.1954174E-01,-0.2077036E-01, 0.5515557E+03, 0.2879983E+03, 0.7352999E+02, 0.4944993E+03, 0.1998067E-01, 0.2491659E-01
 0.7021781E+02, 0.2271196E-02, 0.1337672E-01, 0.1564792E-01, 0.5888232E-03, 0.6176327E-02, 0.6765150E-02, 0.9315346E-03, 0.6824248E-03, 0.1613959E-02,-0.1225723E-02,-0.1955305E-01,-0.2077877E-01, 0.5514372E+03, 0.2861399E+03, 0.7344794E+02, 0.4943224E+03, 0.1999397E-01, 0.2493281E-01
 0.7031781E+02, 0.2273926E-02, 0.1339599E-01, 0.1566992E-01, 0.5772758E-03, 0.6171874E-02, 0.6749150E-02, 0.9302020E-03, 0.6947573E-03, 0.1624959E-02,-0.1221944E-02,-0.1956787E-01,-0.2078981E-01, 0.5512719E+03, 0.2837230E+03, 0.7334290E+02, 0.4940935E+03, 0.2001145E-01, 0.2495421E-01
 0.7041781E+02, 0.2276562E-02, 0.1341536E-01, 0.1569192E-01, 0.5658875E-03, 0.6167262E-02, 0.6733150E-02, 0.9289026E-03, 0.7070568E-03, 0.1635959E-02,-0.1218193E-02,-0.1958262E-01,-0.2080081E-01, 0.5510961E+03, 0.2813357E+03, 0.7324045E+02, 0.4938686E+03, 0.2002891E-01, 0.2497564E-01
 0.7051781E+02, 0.2279110E-02, 0.1343481E-01, 0.1571392E-01, 0.5546540E-03, 0.6162496E-02, 0.6717150E-02, 0.9276363E-03, 0.7193231E-03, 0.1646959E-02,-0.1214470E-02,-0.1959730E-01,-0.2081178E-01, 0.5509109E+03, 0.2789773E+03, 0.7314061E+02, 0.4936478E+03, 0.2004634E-01, 0.2499712E-01
 0.7061781E+02, 0.2281574E-02, 0.1345435E-01, 0.1573592E-01, 0.5435710E-03, 0.6157579E-02, 0.6701150E-02, 0.9264033E-03, 0.7315561E-03, 0.1657959E-02,-0.1210777E-02,-0.1961192E-01,-0.2082270E-01, 0.5507169E+03, 0.2766470E+03, 0.7304339E+02, 0.4934314E+03, 0.2006374E-01, 0.2501864E-01
 0.7071781E+02, 0.2283957E-02, 0.1347396E-01, 0.1575792E-01, 0.5326346E-03, 0.6152515E-02, 0.6685150E-02, 0.9252034E-03, 0.7437560E-03, 0.1668959E-02,-0.1207111E-02,-0.1962648E-01,-0.2083359E-01, 0.5505147E+03, 0.2743444E+03, 0.7294878E+02, 0.4932193E+03, 0.2008111E-01, 0.2504019E-01
 0.7081781E+02, 0.2286264E-02, 0.1349365E-01, 0.1577992E-01, 0.5218408E-03, 0.6147309E-02, 0.6669150E-02, 0.9240364E-03, 0.7559230E-03, 0.1679959E-02,-0.1203474E-02,-0.1964096E-01,-0.2084444E-01, 0.5503051E+03, 0.2720688E+03, 0.7285677E+02, 0.4930117E+03, 0.2009845E-01, 0.2506177E-01
 0.7091781E+02, 0.2288499E-02, 0.1351342E-01, 0.1580192E-01, 0.5111859E-03, 0.6141964E-02, 0.6653150E-02, 0.9229020E-03, 0.7680574E-03, 0.1690959E-02,-0.1199865E-02,-0.1965538E-01,-0.2085525E-01, 0.5500883E+03, 0.2698195E+03, 0.7276733E+02, 0.4928087E+03, 0.2011575E-01, 0.2508339E-01
 0.7100000E+02, 0.2290284E-02, 0.1352972E-01, 0.1582000E-01, 0.5025218E-03, 0.6137478E-02, 0.6640000E-02, 0.9219896E-03, 0.7780105E-03, 0.1700000E-02,-0.1196917E-02,-0.1966719E-01,-0.2086411E-01, 0.5499050E+03, 0.2679884E+03, 0.7269536E+02, 0.4926449E+03, 0.2012996E-01, 0.2510118E-01
 0.7101000E+02, 0.2290582E-02, 0.1353222E-01, 0.1582280E-01, 0.5018111E-03, 0.6136789E-02, 0.6638600E-02, 0.9216628E-03, 0.7795372E-03, 0.1701200E-02,-0.1196740E-02,-0.1966901E-01,-0.2086575E-01, 0.5499239E+03, 0.2678484E+03, 0.7266956E+02, 0.4926514E+03, 0.2013214E-01, 0.2510391E-01
 0.7102000E+02, 0.2290879E-02, 0.1353472E-01, 0.1582560E-01, 0.5011011E-03, 0.6136099E-02, 0.6637200E-02, 0.9213372E-03, 0.7810628E-03, 0.1702400E-02,-0.1196563E-02,-0.1967082E-01,-0.2086738E-01, 0.5499429E+03, 0.2677086E+03, 0.7264389E+02, 0.4926581E+03, 0.2013432E-01, 0.2510664E-01
 0.7103500E+02, 0.2291324E-02, 0.1353848E-01, 0.1582980E-01, 0.5000375E-03, 0.6135062E-02, 0.6635100E-02, 0.9208515E-03, 0.7833485E-03, 0.1704200E-02,-0.1196298E-02,-0.1967354E-01,-0.2086984E-01, 0.5499711E+03, 0.2674990E+03, 0.7260560E+02, 0.4926681E+03, 0.2013760E-01, 0.2511074E-01
 0.7105750E+02, 0.2291987E-02, 0.1354411E-01, 0.1583610E-01, 0.4984454E-03, 0.6133505E-02, 0.6631950E-02, 0.9201289E-03, 0.7867711E-03, 0.1706900E-02,-0.1195900E-02,-0.1967762E-01,-0.2087352E-01, 0.5500129E+03, 0.2671852E+03, 0.7254862E+02, 0.4926832E+03, 0.2014251E-01, 0.2511689E-01
 0.7109125E+02, 0.2292976E-02, 0.1355257E-01, 0.1584555E-01, 0.4960647E-03, 0.6131160E-02, 0.6627225E-02, 0.9190583E-03, 0.7918917E-03, 0.1710950E-02,-0.1195303E-02,-0.1968373E-01,-0.2087904E-01, 0.5500748E+03, 0.2667157E+03, 0.7246421E+02, 0.4927059E+03, 0.2014988E-01, 0.2512611E-01
 0.7114187E+02, 0.2294445E-02, 0.1356528E-01, 0.1585973E-01, 0.4925100E-03, 0.6127628E-02, 0.6620138E-02, 0.9174817E-03, 0.7995433E-03, 0.1717025E-02,-0.1194409E-02,-0.1969291E-01,-0.2088732E-01, 0.5501654E+03, 0.2660142E+03, 0.7233991E+02, 0.4927402E+03, 0.2016093E-01, 0.2513995E-01
 0.7121781E+02, 0.2296616E-02, 0.1358437E-01, 0.1588099E-01, 0.4872145E-03, 0.6122292E-02, 0.6609506E-02, 0.9151805E-03, 0.8109569E-03, 0.1726137E-02,-0.1193070E-02,-0.1970666E-01,-0.2089973E-01, 0.5502968E+03, 0.2649679E+03, 0.7215851E+02, 0.4927922E+03, 0.2017753E-01, 0.2516072E-01
 0.7131781E+02, 0.2299421E-02, 0.1360957E-01, 0.1590899E-01, 0.4803041E-03, 0.6115202E-02, 0.6595506E-02, 0.9122557E-03, 0.8258818E-03, 0.1738138E-02,-0.1191311E-02,-0.1972477E-01,-0.2091608E-01, 0.5504620E+03, 0.2636007E+03, 0.7192798E+02, 0.4928615E+03, 0.2019940E-01, 0.2518810E-01
 0.7141781E+02, 0.2302171E-02, 0.1363482E-01, 0.1593699E-01, 0.4734570E-03, 0.6108049E-02, 0.6581506E-02, 0.9094303E-03, 0.8407072E-03, 0.1750138E-02,-0.1189555E-02,-0.1974287E-01,-0.2093242E-01, 0.5506188E+03, 0.2622440E+03, 0.7170521E+02, 0.4929314E+03, 0.2022129E-01, 0.2521550E-01
 0.7151781E+02, 0.2304867E-02, 0.1366012E-01, 0.1596499E-01, 0.4666726E-03, 0.6100833E-02, 0.6567506E-02, 0.9067008E-03, 0.8554367E-03, 0.1762138E-02,-0.1187803E-02,-0.1976095E-01,-0.2094876E-01, 0.5507676E+03, 0.2608979E+03, 0.7148999E+02, 0.4930021E+03, 0.2024319E-01, 0.2524292E-01
 0.7161781E+02, 0.2307512E-02, 0.1368548E-01, 0.1599299E-01, 0.4599504E-03, 0.6093556E-02, 0.6553506E-02, 0.9040636E-03, 0.8700739E-03, 0.1774137E-02,-0.1186056E-02,-0.1977903E-01,-0.2096509E-01, 0.5509092E+03, 0.2595623E+03, 0.7128206E+02, 0.4930737E+03, 0.2026511E-01, 0.2527037E-01
 0.7171781E+02, 0.2310107E-02, 0.1371088E-01, 0.1602099E-01, 0.4532898E-03, 0.6086216E-02, 0.6539506E-02, 0.9015154E-03, 0.8846222E-03, 0.1786138E-02,-0.1184314E-02,-0.1979710E-01,-0.2098141E-01, 0.5510437E+03, 0.2582373E+03, 0.7108114E+02, 0.4931462E+03, 0.2028705E-01, 0.2529783E-01
 0.7181781E+02, 0.2312655E-02, 0.1373633E-01, 0.1604899E-01, 0.4466901E-03, 0.6078816E-02, 0.6525506E-02, 0.8990529E-03, 0.8990846E-03, 0.1798137E-02,-0.1182577E-02,-0.1981515E-01,-0.2099773E-01, 0.5511716E+03, 0.2569227E+03, 0.7088698E+02, 0.4932198E+03, 0.2030900E-01, 0.2532532E-01
 0.7191781E+02, 0.2315156E-02, 0.1376183E-01, 0.1607699E-01, 0.4401507E-03, 0.6071356E-02, 0.6511506E-02, 0.8966731E-03, 0.9134644E-03, 0.1810138E-02,-0.1180846E-02,-0.1983319E-01,-0.2101403E-01, 0.5512932E+03, 0.2556186E+03, 0.7069934E+02, 0.4932945E+03, 0.2033096E-01, 0.2535282E-01
 0.7200000E+02, 0.2317180E-02, 0.1378282E-01, 0.1610000E-01, 0.4348170E-03, 0.6065183E-02, 0.6500000E-02, 0.8947706E-03, 0.9252294E-03, 0.1820000E-02,-0.1179428E-02,-0.1984800E-01,-0.2102743E-01, 0.5513883E+03, 0.2545539E+03, 0.7054928E+02, 0.4933562E+03, 0.2034902E-01, 0.2537544E-01
 0.7201000E+02, 0.2317494E-02, 0.1378561E-01, 0.1610310E-01, 0.4336380E-03, 0.6064362E-02, 0.6498000E-02, 0.8943113E-03, 0.9267887E-03, 0.1821100E-02,-0.1179057E-02,-0.1984997E-01,-0.2102902E-01, 0.5513792E+03, 0.2543095E+03, 0.7051301E+02, 0.4933433E+03, 0.2035141E-01, 0.2537844E-01
 0.7202000E+02, 0.2317808E-02, 0.1378839E-01, 0.1610620E-01, 0.4324609E-03, 0.6063539E-02, 0.6496000E-02, 0.8938536E-03, 0.9283464E-03, 0.1822200E-02,-0.1178687E-02,-0.1985193E-01,-0.2103062E-01, 0.5513702E+03, 0.2540656E+03, 0.7047691E+02, 0.4933308E+03, 0.2035381E-01, 0.2538144E-01
 0.7203500E+02, 0.2318275E-02, 0.1379257E-01, 0.1611085E-01, 0.4306998E-03, 0.6062300E-02, 0.6493000E-02, 0.8931705E-03, 0.9306796E-03, 0.1823850E-02,-0.1178132E-02,-0.1985488E-01,-0.2103301E-01, 0.5513566E+03, 0.2537004E+03, 0.7042306E+02, 0.4933121E+03, 0.2035740E-01, 0.2538594E-01
 0.7205750E+02, 0.2318972E-02, 0.1379885E-01, 0.1611783E-01, 0.4280682E-03, 0.6060432E-02, 0.6488500E-02, 0.8921536E-03, 0.9341714E-03, 0.1826325E-02,-0.1177303E-02,-0.1985929E-01,-0.2103659E-01, 0.5513356E+03, 0.2531546E+03, 0.7034288E+02, 0.4932843E+03, 0.2036279E-01, 0.2539270E-01
 0.7209125E+02, 0.2320005E-02, 0.1380828E-01, 0.1612829E-01, 0.4241428E-03, 0.6057607E-02, 0.6481750E-02, 0.8906457E-03, 0.9393918E-03, 0.1830038E-02,-0.1176063E-02,-0.1986589E-01,-0.2104195E-01, 0.5513031E+03, 0.2523402E+03, 0.7022399E+02, 0.4932433E+03, 0.2037086E-01, 0.2540283E-01
 0.7214187E+02, 0.2321531E-02, 0.1382245E-01, 0.1614398E-01, 0.4183037E-03, 0.6053322E-02, 0.6471625E-02, 0.8884221E-03, 0.9471842E-03, 0.1835606E-02,-0.1174215E-02,-0.1987577E-01,-0.2104999E-01, 0.5512522E+03, 0.2511279E+03, 0.7004868E+02, 0.4931834E+03, 0.2038296E-01, 0.2541804E-01
 0.7221781E+02, 0.2323766E-02, 0.1384376E-01, 0.1616752E-01, 0.4096520E-03, 0.6046786E-02, 0.6456437E-02, 0.8851699E-03, 0.9587894E-03, 0.1843959E-02,-0.1171465E-02,-0.1989054E-01,-0.2106201E-01, 0.5511713E+03, 0.2493299E+03, 0.6979230E+02, 0.4930970E+03, 0.2040109E-01, 0.2544088E-01
 0.7231781E+02, 0.2326621E-02, 0.1387190E-01, 0.1619852E-01, 0.3984385E-03, 0.6037999E-02, 0.6436437E-02, 0.8810243E-03, 0.9739351E-03, 0.1854959E-02,-0.1167883E-02,-0.1990990E-01,-0.2107778E-01, 0.5510569E+03, 0.2469966E+03, 0.6946554E+02, 0.4929891E+03, 0.2042491E-01, 0.2547098E-01
 0.7241781E+02, 0.2329383E-02, 0.1390014E-01, 0.1622952E-01, 0.3874008E-03, 0.6029037E-02, 0.6416438E-02, 0.8770072E-03, 0.9889522E-03, 0.1865959E-02,-0.1164337E-02,-0.1992918E-01,-0.2109351E-01, 0.5509334E+03, 0.2446968E+03, 0.6914880E+02, 0.4928866E+03, 0.2044870E-01, 0.2550111E-01
 0.7251781E+02, 0.2332059E-02, 0.1392846E-01, 0.1626052E-01, 0.3765332E-03, 0.6019904E-02, 0.6396437E-02, 0.8731139E-03, 0.1003845E-02, 0.1876959E-02,-0.1160826E-02,-0.1994837E-01,-0.2110919E-01, 0.5508018E+03, 0.2424295E+03, 0.6884183E+02, 0.4927897E+03, 0.2047246E-01, 0.2553127E-01
 0.7261781E+02, 0.2334654E-02, 0.1395687E-01, 0.1629152E-01, 0.3658300E-03, 0.6010607E-02, 0.6376437E-02, 0.8693401E-03, 0.1018619E-02, 0.1887959E-02,-0.1157351E-02,-0.1996748E-01,-0.2112483E-01, 0.5506630E+03, 0.2401936E+03, 0.6854428E+02, 0.4926986E+03, 0.2049619E-01, 0.2556147E-01
 0.7271781E+02, 0.2337171E-02, 0.1398535E-01, 0.1632252E-01, 0.3552861E-03, 0.6001151E-02, 0.6356437E-02, 0.8656817E-03, 0.1033278E-02, 0.1898959E-02,-0.1153911E-02,-0.1998650E-01,-0.2114041E-01, 0.5505174E+03, 0.2379885E+03, 0.6825583E+02, 0.4926131E+03, 0.2051988E-01, 0.2559169E-01
 0.7281781E+02, 0.2339614E-02, 0.1401391E-01, 0.1635352E-01, 0.3448966E-03, 0.5991541E-02, 0.6336437E-02, 0.8621345E-03, 0.1047825E-02, 0.1909959E-02,-0.1150506E-02,-0.2000545E-01,-0.2115595E-01, 0.5503657E+03, 0.2358131E+03, 0.6797614E+02, 0.4925333E+03, 0.2054353E-01, 0.2562194E-01
 0.7291781E+02, 0.2341988E-02, 0.1404253E-01, 0.1638452E-01, 0.3346567E-03, 0.5981781E-02, 0.6316438E-02, 0.8586947E-03, 0.1062265E-02, 0.1920959E-02,-0.1147134E-02,-0.2002431E-01,-0.2117145E-01, 0.5502084E+03, 0.2336667E+03, 0.6770493E+02, 0.4924590E+03, 0.2056716E-01, 0.2565222E-01
 0.7300000E+02, 0.2343890E-02, 0.1406611E-01, 0.1641000E-01, 0.3263405E-03, 0.5973659E-02, 0.6300000E-02, 0.8559367E-03, 0.1074063E-02, 0.1930000E-02,-0.1144385E-02,-0.2003977E-01,-0.2118415E-01, 0.5500745E+03, 0.2319220E+03, 0.6748739E+02, 0.4924013E+03, 0.2058655E-01, 0.2567712E-01
 0.7301000E+02, 0.2344152E-02, 0.1406895E-01, 0.1641310E-01, 0.3253194E-03, 0.5972681E-02, 0.6298000E-02, 0.8554183E-03, 0.1075482E-02, 0.1930900E-02,-0.1144059E-02,-0.2004163E-01,-0.2118569E-01, 0.5500641E+03, 0.2317097E+03, 0.6744644E+02, 0.4923940E+03, 0.2058889E-01, 0.2568012E-01
 0.7302000E+02, 0.2344413E-02, 0.1407179E-01, 0.1641620E-01, 0.3242999E-03, 0.5971700E-02, 0.6296000E-02, 0.8549016E-03, 0.1076898E-02, 0.1931800E-02,-0.1143734E-02,-0.2004349E-01,-0.2118722E-01, 0.5500540E+03, 0.2314977E+03, 0.6740570E+02, 0.4923870E+03, 0.2059122E-01, 0.2568311E-01
 0.7303500E+02, 0.2344803E-02, 0.1407605E-01, 0.1642085E-01, 0.3227740E-03, 0.5970226E-02, 0.6293000E-02, 0.8541300E-03, 0.1079020E-02, 0.1933150E-02,-0.1143247E-02,-0.2004627E-01,-0.2118952E-01, 0.5500388E+03, 0.2311803E+03, 0.6734487E+02, 0.4923767E+03, 0.2059472E-01, 0.2568761E-01
 0.7305750E+02, 0.2345385E-02, 0.1408244E-01, 0.1642782E-01, 0.3204926E-03, 0.5968007E-02, 0.6288500E-02, 0.8529809E-03, 0.1082194E-02, 0.1935175E-02,-0.1142519E-02,-0.2005045E-01,-0.2119297E-01, 0.5500155E+03, 0.2307056E+03, 0.6725426E+02, 0.4923615E+03, 0.2059997E-01, 0.2569436E-01
 0.7309125E+02, 0.2346248E-02, 0.1409204E-01, 0.1643829E-01, 0.3170872E-03, 0.5964663E-02, 0.6281750E-02, 0.8512751E-03, 0.1086937E-02, 0.1938213E-02,-0.1141430E-02,-0.2005670E-01,-0.2119813E-01, 0.5499799E+03, 0.2299969E+03, 0.6711977E+02, 0.4923393E+03, 0.2060784E-01, 0.2570448E-01
 0.7314187E+02, 0.2347526E-02, 0.1410646E-01, 0.1645398E-01, 0.3120162E-03, 0.5959609E-02, 0.6271625E-02, 0.8487559E-03, 0.1094013E-02, 0.1942769E-02,-0.1139804E-02,-0.2006606E-01,-0.2120587E-01, 0.5499251E+03, 0.2289408E+03, 0.6692114E+02, 0.4923074E+03, 0.2061964E-01, 0.2571967E-01
 0.7321781E+02, 0.2349404E-02, 0.1412812E-01, 0.1647752E-01, 0.3044909E-03, 0.5951947E-02, 0.6256437E-02, 0.8450631E-03, 0.1104540E-02, 0.1949603E-02,-0.1137384E-02,-0.2008007E-01,-0.2121745E-01, 0.5498397E+03, 0.2273724E+03, 0.6663003E+02, 0.4922624E+03, 0.2063732E-01, 0.2574246E-01
 0.7331781E+02, 0.2351810E-02, 0.1415671E-01, 0.1650852E-01, 0.2947181E-03, 0.5941719E-02, 0.6236437E-02, 0.8403425E-03, 0.1118261E-02, 0.1958603E-02,-0.1134227E-02,-0.2009843E-01,-0.2123266E-01, 0.5497219E+03, 0.2253334E+03, 0.6625791E+02, 0.4922082E+03, 0.2066057E-01, 0.2577250E-01
 0.7341781E+02, 0.2354149E-02, 0.1418537E-01, 0.1653952E-01, 0.2850803E-03, 0.5931357E-02, 0.6216438E-02, 0.8357562E-03, 0.1131847E-02, 0.1967603E-02,-0.1131099E-02,-0.2011673E-01,-0.2124783E-01, 0.5495974E+03, 0.2233203E+03, 0.6589630E+02, 0.4921585E+03, 0.2068380E-01, 0.2580257E-01
 0.7351781E+02, 0.2356423E-02, 0.1421410E-01, 0.1657052E-01, 0.2755735E-03, 0.5920864E-02, 0.6196438E-02, 0.8312994E-03, 0.1145304E-02, 0.1976603E-02,-0.1127999E-02,-0.2013496E-01,-0.2126296E-01, 0.5494672E+03, 0.2213323E+03, 0.6554490E+02, 0.4921135E+03, 0.2070700E-01, 0.2583266E-01
 0.7361781E+02, 0.2358635E-02, 0.1424289E-01, 0.1660152E-01, 0.2661941E-03, 0.5910243E-02, 0.6176437E-02, 0.8269675E-03, 0.1158636E-02, 0.1985603E-02,-0.1124928E-02,-0.2015313E-01,-0.2127806E-01, 0.5493317E+03, 0.2193689E+03, 0.6520334E+02, 0.4920734E+03, 0.2073018E-01, 0.2586278E-01
 0.7371781E+02, 0.2360789E-02, 0.1427173E-01, 0.1663252E-01, 0.2569385E-03, 0.5899499E-02, 0.6156438E-02, 0.8227559E-03, 0.1171847E-02, 0.1994603E-02,-0.1121884E-02,-0.2017123E-01,-0.2129312E-01, 0.5491914E+03, 0.2174294E+03, 0.6487128E+02, 0.4920378E+03, 0.2075334E-01, 0.2589292E-01
 0.7381781E+02, 0.2362887E-02, 0.1430064E-01, 0.1666352E-01, 0.2478033E-03, 0.5888634E-02, 0.6136438E-02, 0.8186605E-03, 0.1184943E-02, 0.2003603E-02,-0.1118868E-02,-0.2018927E-01,-0.2130814E-01, 0.5490466E+03, 0.2155132E+03, 0.6454836E+02, 0.4920069E+03, 0.2077647E-01, 0.2592308E-01
 0.7391781E+02, 0.2364932E-02, 0.1432959E-01, 0.1669452E-01, 0.2387853E-03, 0.5877652E-02, 0.6116438E-02, 0.8146771E-03, 0.1197926E-02, 0.2012603E-02,-0.1115880E-02,-0.2020724E-01,-0.2132312E-01, 0.5488978E+03, 0.2136199E+03, 0.6423429E+02, 0.4919806E+03, 0.2079958E-01, 0.2595326E-01
 0.7400000E+02, 0.2366575E-02, 0.1435342E-01, 0.1672000E-01, 0.2314522E-03, 0.5868548E-02, 0.6100000E-02, 0.8114758E-03, 0.1208524E-02, 0.2020000E-02,-0.1113441E-02,-0.2022197E-01,-0.2133541E-01, 0.5487720E+03, 0.2120791E+03, 0.6398181E+02, 0.4919616E+03, 0.2081857E-01, 0.2597808E-01
 0.7401000E+02, 0.2366883E-02, 0.1435732E-01, 0.1672420E-01, 0.2299419E-03, 0.5867058E-02, 0.6097000E-02, 0.8105492E-03, 0.1210251E-02, 0.2020800E-02,-0.1112925E-02,-0.2022438E-01,-0.2133730E-01, 0.5487388E+03, 0.2117597E+03, 0.6390869E+02, 0.4919438E+03, 0.2082167E-01, 0.2598213E-01
 0.7402000E+02, 0.2367188E-02, 0.1436121E-01, 0.1672840E-01, 0.2284349E-03, 0.5865565E-02, 0.6094000E-02, 0.8096261E-03, 0.1211974E-02, 0.2021600E-02,-0.1112410E-02,-0.2022678E-01,-0.2133919E-01, 0.5487058E+03, 0.2114409E+03, 0.6383591E+02, 0.4919264E+03, 0.2082476E-01, 0.2598618E-01
 0.7403500E+02, 0.2367643E-02, 0.1436706E-01, 0.1673470E-01, 0.2261817E-03, 0.5863318E-02, 0.6089500E-02, 0.8082497E-03, 0.1214550E-02, 0.2022800E-02,-0.1111639E-02,-0.2023038E-01,-0.2134201E-01, 0.5486561E+03, 0.2109641E+03, 0.6372738E+02, 0.4919005E+03, 0.2082941E-01, 0.2599226E-01
 0.7405750E+02, 0.2368318E-02, 0.1437583E-01, 0.1674415E-01, 0.2228182E-03, 0.5859932E-02, 0.6082750E-02, 0.8062030E-03, 0.1218397E-02, 0.2024600E-02,-0.1110487E-02,-0.2023576E-01,-0.2134625E-01, 0.5485809E+03, 0.2102520E+03, 0.6356601E+02, 0.4918623E+03, 0.2083637E-01, 0.2600139E-01
 0.7409125E+02, 0.2369315E-02, 0.1438901E-01, 0.1675832E-01, 0.2178089E-03, 0.5854816E-02, 0.6072625E-02, 0.8031726E-03, 0.1224127E-02, 0.2027300E-02,-0.1108768E-02,-0.2024383E-01,-0.2135259E-01, 0.5484669E+03, 0.2091909E+03, 0.6332708E+02, 0.4918063E+03, 0.2084681E-01, 0.2601508E-01
 0.7414187E+02, 0.2370776E-02, 0.1440881E-01, 0.1677959E-01, 0.2103737E-03, 0.5847064E-02, 0.6057438E-02, 0.7987140E-03, 0.1232636E-02, 0.2031350E-02,-0.1106207E-02,-0.2025587E-01,-0.2136208E-01, 0.5482936E+03, 0.2076146E+03, 0.6297556E+02, 0.4917253E+03, 0.2086244E-01, 0.2603564E-01
 0.7421781E+02, 0.2372894E-02, 0.1443859E-01, 0.1681148E-01, 0.1993918E-03, 0.5835264E-02, 0.6034656E-02, 0.7922131E-03, 0.1245212E-02, 0.2037425E-02,-0.1102409E-02,-0.2027385E-01,-0.2137626E-01, 0.5480292E+03, 0.2052836E+03, 0.6246309E+02, 0.4916105E+03, 0.2088584E-01, 0.2606649E-01
 0.7431781E+02, 0.2375559E-02, 0.1447792E-01, 0.1685348E-01, 0.1852145E-03, 0.5819442E-02, 0.6004656E-02, 0.7839576E-03, 0.1261467E-02, 0.2045425E-02,-0.1097477E-02,-0.2029736E-01,-0.2139484E-01, 0.5476731E+03, 0.2022695E+03, 0.6181242E+02, 0.4914708E+03, 0.2091658E-01, 0.2610717E-01
 0.7441781E+02, 0.2378101E-02, 0.1451738E-01, 0.1689548E-01, 0.1713138E-03, 0.5803342E-02, 0.5974656E-02, 0.7759884E-03, 0.1277437E-02, 0.2053425E-02,-0.1092609E-02,-0.2032072E-01,-0.2141333E-01, 0.5473062E+03, 0.1993097E+03, 0.6118407E+02, 0.4913404E+03, 0.2094725E-01, 0.2614791E-01
 0.7451781E+02, 0.2380527E-02, 0.1455695E-01, 0.1693748E-01, 0.1576778E-03, 0.5786979E-02, 0.5944656E-02, 0.7682921E-03, 0.1293133E-02, 0.2061425E-02,-0.1087802E-02,-0.2034393E-01,-0.2143174E-01, 0.5469288E+03, 0.1964026E+03, 0.6057688E+02, 0.4912184E+03, 0.2097786E-01, 0.2618870E-01
 0.7461781E+02, 0.2382846E-02, 0.1459664E-01, 0.1697948E-01, 0.1442962E-03, 0.5770360E-02, 0.5914656E-02, 0.7608559E-03, 0.1308569E-02, 0.2069425E-02,-0.1083061E-02,-0.2036700E-01,-0.2145006E-01, 0.5465468E+03, 0.1935448E+03, 0.5999055E+02, 0.4911092E+03, 0.2100840E-01, 0.2622954E-01
 0.7471781E+02, 0.2385065E-02, 0.1463642E-01, 0.1702148E-01, 0.1311585E-03, 0.5753498E-02, 0.5884656E-02, 0.7536677E-03, 0.1323757E-02, 0.2077425E-02,-0.1078381E-02,-0.2038991E-01,-0.2146830E-01, 0.5461589E+03, 0.1907352E+03, 0.5942380E+02, 0.4910105E+03, 0.2103889E-01, 0.2627042E-01
 0.7481781E+02, 0.2387192E-02, 0.1467629E-01, 0.1706348E-01, 0.1182555E-03, 0.5736401E-02, 0.5854656E-02, 0.7467166E-03, 0.1338708E-02, 0.2085425E-02,-0.1073763E-02,-0.2041269E-01,-0.2148645E-01, 0.5457659E+03, 0.1879722E+03, 0.5887573E+02, 0.4909218E+03, 0.2106931E-01, 0.2631135E-01
 0.7491781E+02, 0.2389232E-02, 0.1471625E-01, 0.1710548E-01, 0.1055782E-03, 0.5719078E-02, 0.5824656E-02, 0.7399918E-03, 0.1353433E-02, 0.2093425E-02,-0.1069204E-02,-0.2043533E-01,-0.2150453E-01, 0.5453688E+03, 0.1852542E+03, 0.5834551E+02, 0.4908431E+03, 0.2109967E-01, 0.2635232E-01
 0.7500000E+02, 0.2390848E-02, 0.1474915E-01, 0.1714000E-01, 0.9530965E-04, 0.5704690E-02, 0.5800000E-02, 0.7346107E-03, 0.1365389E-02, 0.2100000E-02,-0.1065497E-02,-0.2045384E-01,-0.2151934E-01, 0.5450401E+03, 0.1830497E+03, 0.5792138E+02, 0.4907862E+03, 0.2112460E-01, 0.2638602E-01
 0.7501000E+02, 0.2391140E-02, 0.1475336E-01, 0.1714450E-01, 0.9415152E-04, 0.5702849E-02, 0.5797000E-02, 0.7334861E-03, 0.1366914E-02, 0.2100400E-02,-0.1065125E-02,-0.2045621E-01,-0.2152133E-01, 0.5450262E+03, 0.1828089E+03, 0.5783256E+02, 0.4907860E+03, 0.2112778E-01, 0.2639034E-01
 0.7502000E+02, 0.2391429E-02, 0.1475757E-01, 0.1714900E-01, 0.9299554E-04, 0.5701005E-02, 0.5794000E-02, 0.7323658E-03, 0.1368434E-02, 0.2100800E-02,-0.1064753E-02,-0.2045858E-01,-0.2152333E-01, 0.5450134E+03, 0.1825681E+03, 0.5774423E+02, 0.4907870E+03, 0.2113097E-01, 0.2639465E-01
 0.7503500E+02, 0.2391861E-02, 0.1476389E-01, 0.1715575E-01, 0.9126600E-04, 0.5698234E-02, 0.5789500E-02, 0.7306953E-03, 0.1370705E-02, 0.2101400E-02,-0.1064197E-02,-0.2046212E-01,-0.2152632E-01, 0.5449938E+03, 0.1822077E+03, 0.5761251E+02, 0.4907886E+03, 0.2113575E-01, 0.2640112E-01
 0.7505750E+02, 0.2392503E-02, 0.1477337E-01, 0.1716587E-01, 0.8868154E-04, 0.5694069E-02, 0.5782750E-02, 0.7282111E-03, 0.1374089E-02, 0.2102300E-02,-0.1063365E-02,-0.2046744E-01,-0.2153080E-01, 0.5449638E+03, 0.1816689E+03, 0.5741664E+02, 0.4907914E+03, 0.2114293E-01, 0.2641082E-01
 0.7509125E+02, 0.2393454E-02, 0.1478761E-01, 0.1718106E-01, 0.8482673E-04, 0.5687798E-02, 0.5772625E-02, 0.7245326E-03, 0.1379117E-02, 0.2103650E-02,-0.1062120E-02,-0.2047541E-01,-0.2153753E-01, 0.5449174E+03, 0.1808647E+03, 0.5712662E+02, 0.4907964E+03, 0.2115369E-01, 0.2642538E-01
 0.7514187E+02, 0.2394852E-02, 0.1480899E-01, 0.1720384E-01, 0.7909268E-04, 0.5678345E-02, 0.5757438E-02, 0.7191196E-03, 0.1386555E-02, 0.2105675E-02,-0.1060262E-02,-0.2048734E-01,-0.2154760E-01, 0.5448450E+03, 0.1796674E+03, 0.5669984E+02, 0.4908057E+03, 0.2116982E-01, 0.2644724E-01
 0.7521781E+02, 0.2396890E-02, 0.1484113E-01, 0.1723802E-01, 0.7059673E-04, 0.5664059E-02, 0.5734656E-02, 0.7112244E-03, 0.1397488E-02, 0.2108713E-02,-0.1057495E-02,-0.2050518E-01,-0.2156268E-01, 0.5447309E+03, 0.1778909E+03, 0.5607744E+02, 0.4908241E+03, 0.2119402E-01, 0.2648005E-01
 0.7531781E+02, 0.2399476E-02, 0.1488354E-01, 0.1728302E-01, 0.5958524E-04, 0.5645071E-02, 0.5704656E-02, 0.7011945E-03, 0.1411518E-02, 0.2112712E-02,-0.1053884E-02,-0.2052861E-01,-0.2158249E-01, 0.5445683E+03, 0.1755855E+03, 0.5528649E+02, 0.4908527E+03, 0.2122587E-01, 0.2652331E-01
 0.7541781E+02, 0.2401963E-02, 0.1492605E-01, 0.1732802E-01, 0.4874854E-04, 0.5625908E-02, 0.5674656E-02, 0.6915095E-03, 0.1425203E-02, 0.2116712E-02,-0.1050305E-02,-0.2055196E-01,-0.2160227E-01, 0.5443961E+03, 0.1733123E+03, 0.5452287E+02, 0.4908890E+03, 0.2125773E-01, 0.2656662E-01
 0.7551781E+02, 0.2404357E-02, 0.1496866E-01, 0.1737302E-01, 0.3808068E-04, 0.5606575E-02, 0.5644656E-02, 0.6821523E-03, 0.1438560E-02, 0.2120713E-02,-0.1046759E-02,-0.2057523E-01,-0.2162199E-01, 0.5442145E+03, 0.1710709E+03, 0.5378509E+02, 0.4909317E+03, 0.2128958E-01, 0.2660998E-01
 0.7561781E+02, 0.2406665E-02, 0.1501135E-01, 0.1741802E-01, 0.2757616E-04, 0.5587080E-02, 0.5614656E-02, 0.6731068E-03, 0.1451606E-02, 0.2124713E-02,-0.1043246E-02,-0.2059843E-01,-0.2164168E-01, 0.5440244E+03, 0.1688604E+03, 0.5307188E+02, 0.4909807E+03, 0.2132143E-01, 0.2665338E-01
 0.7571781E+02, 0.2408892E-02, 0.1505412E-01, 0.1746302E-01, 0.1722983E-04, 0.5567426E-02, 0.5584656E-02, 0.6643577E-03, 0.1464355E-02, 0.2128712E-02,-0.1039766E-02,-0.2062155E-01,-0.2166132E-01, 0.5438269E+03, 0.1666802E+03, 0.5238205E+02, 0.4910361E+03, 0.2135327E-01, 0.2669683E-01
 0.7581781E+02, 0.2411044E-02, 0.1509697E-01, 0.1750802E-01, 0.7036824E-05, 0.5547619E-02, 0.5554656E-02, 0.6558910E-03, 0.1476821E-02, 0.2132712E-02,-0.1036320E-02,-0.2064459E-01,-0.2168091E-01, 0.5436227E+03, 0.1645294E+03, 0.5171448E+02, 0.4910976E+03, 0.2138511E-01, 0.2674032E-01
 0.7591781E+02, 0.2413125E-02, 0.1513989E-01, 0.1755302E-01,-0.3007420E-05, 0.5527664E-02, 0.5524656E-02, 0.6476934E-03, 0.1489019E-02, 0.2136713E-02,-0.1032907E-02,-0.2066755E-01,-0.2170046E-01, 0.5434128E+03, 0.1624073E+03, 0.5106813E+02, 0.4911652E+03, 0.2141694E-01, 0.2678384E-01
 0.7600000E+02, 0.2414786E-02, 0.1517521E-01, 0.1759000E-01,-0.1116216E-04, 0.5511162E-02, 0.5500000E-02, 0.6411301E-03, 0.1498870E-02, 0.2140000E-02,-0.1030126E-02,-0.2068638E-01,-0.2171650E-01, 0.5432372E+03, 0.1606820E+03, 0.5055078E+02, 0.4912261E+03, 0.2144310E-01, 0.2681965E-01
 0.7601000E+02, 0.2415139E-02, 0.1518216E-01, 0.1759730E-01,-0.1291323E-04, 0.5507913E-02, 0.5495000E-02, 0.6393043E-03, 0.1500796E-02, 0.2140100E-02,-0.1029525E-02,-0.2069007E-01,-0.2171960E-01, 0.5431971E+03, 0.1603119E+03, 0.5040669E+02, 0.4912276E+03, 0.2144824E-01, 0.2682669E-01
 0.7602000E+02, 0.2415489E-02, 0.1518911E-01, 0.1760460E-01,-0.1465918E-04, 0.5504659E-02, 0.5490000E-02, 0.6374891E-03, 0.1502711E-02, 0.2140200E-02,-0.1028927E-02,-0.2069377E-01,-0.2172270E-01, 0.5431580E+03, 0.1599423E+03, 0.5026357E+02, 0.4912306E+03, 0.2145338E-01, 0.2683373E-01
 0.7603500E+02, 0.2416010E-02, 0.1519954E-01, 0.1761555E-01,-0.1726736E-04, 0.5499767E-02, 0.5482500E-02, 0.6347902E-03, 0.1505560E-02, 0.2140350E-02,-0.1028033E-02,-0.2069931E-01,-0.2172734E-01, 0.5430991E+03, 0.1593899E+03, 0.5005077E+02, 0.4912357E+03, 0.2146110E-01, 0.2684429E-01
 0.7605750E+02, 0.2416781E-02, 0.1521519E-01, 0.1763197E-01,-0.2115582E-04, 0.5492406E-02, 0.5471250E-02, 0.6307941E-03, 0.1509781E-02, 0.2140575E-02,-0.1026696E-02,-0.2070760E-01,-0.2173430E-01, 0.5430099E+03, 0.1585660E+03, 0.4973569E+02, 0.4912443E+03, 0.2147267E-01, 0.2686014E-01
 0.7609125E+02, 0.2417913E-02, 0.1523870E-01, 0.1765661E-01,-0.2693627E-04, 0.5481311E-02, 0.5454375E-02, 0.6249141E-03, 0.1515998E-02, 0.2140912E-02,-0.1024705E-02,-0.2072001E-01,-0.2174472E-01, 0.5428746E+03, 0.1573402E+03, 0.4927210E+02, 0.4912596E+03, 0.2149001E-01, 0.2688394E-01
 0.7614187E+02, 0.2419562E-02, 0.1527401E-01, 0.1769357E-01,-0.3549340E-04, 0.5464556E-02, 0.5429062E-02, 0.6163386E-03, 0.1525080E-02, 0.2141419E-02,-0.1021745E-02,-0.2073856E-01,-0.2176031E-01, 0.5426688E+03, 0.1555235E+03, 0.4859605E+02, 0.4912880E+03, 0.2151600E-01, 0.2691964E-01
 0.7621781E+02, 0.2421933E-02, 0.1532707E-01, 0.1774900E-01,-0.4808696E-04, 0.5439181E-02, 0.5391094E-02, 0.6039892E-03, 0.1538189E-02, 0.2142178E-02,-0.1017362E-02,-0.2076625E-01,-0.2178361E-01, 0.5423504E+03, 0.1528473E+03, 0.4762222E+02, 0.4913381E+03, 0.2155495E-01, 0.2697326E-01
 0.7631781E+02, 0.2424889E-02, 0.1539711E-01, 0.1782200E-01,-0.6427159E-04, 0.5405365E-02, 0.5341094E-02, 0.5885423E-03, 0.1554636E-02, 0.2143178E-02,-0.1011693E-02,-0.2080248E-01,-0.2181417E-01, 0.5419225E+03, 0.1494011E+03, 0.4640430E+02, 0.4914234E+03, 0.2160618E-01, 0.2704396E-01
 0.7641781E+02, 0.2427678E-02, 0.1546733E-01, 0.1789500E-01,-0.8006908E-04, 0.5371163E-02, 0.5291094E-02, 0.5738466E-03, 0.1570332E-02, 0.2144178E-02,-0.1006118E-02,-0.2083849E-01,-0.2184461E-01, 0.5414833E+03, 0.1460308E+03, 0.4524560E+02, 0.4915256E+03, 0.2165738E-01, 0.2711476E-01
 0.7651781E+02, 0.2430318E-02, 0.1553768E-01, 0.1796800E-01,-0.9549913E-04, 0.5336593E-02, 0.5241094E-02, 0.5598480E-03, 0.1585330E-02, 0.2145178E-02,-0.1000637E-02,-0.2087428E-01,-0.2187492E-01, 0.5410352E+03, 0.1427332E+03, 0.4414186E+02, 0.4916439E+03, 0.2170854E-01, 0.2718565E-01
 0.7661781E+02, 0.2432823E-02, 0.1560818E-01, 0.1804100E-01,-0.1105796E-03, 0.5301673E-02, 0.5191094E-02, 0.5464978E-03, 0.1599680E-02, 0.2146178E-02,-0.9952473E-03,-0.2090985E-01,-0.2190510E-01, 0.5405804E+03, 0.1395053E+03, 0.4308925E+02, 0.4917775E+03, 0.2175966E-01, 0.2725664E-01
 0.7671781E+02, 0.2435206E-02, 0.1567880E-01, 0.1811400E-01,-0.1253266E-03, 0.5266421E-02, 0.5141094E-02, 0.5337516E-03, 0.1613426E-02, 0.2147178E-02,-0.9899484E-03,-0.2094522E-01,-0.2193517E-01, 0.5401205E+03, 0.1363442E+03, 0.4208426E+02, 0.4919257E+03, 0.2181076E-01, 0.2732770E-01
 0.7681781E+02, 0.2437478E-02, 0.1574953E-01, 0.1818700E-01,-0.1397552E-03, 0.5230849E-02, 0.5091094E-02, 0.5215693E-03, 0.1626609E-02, 0.2148178E-02,-0.9847385E-03,-0.2098037E-01,-0.2196511E-01, 0.5396572E+03, 0.1332474E+03, 0.4112373E+02, 0.4920878E+03, 0.2186181E-01, 0.2739883E-01
 0.7691781E+02, 0.2439649E-02, 0.1582035E-01, 0.1826000E-01,-0.1538788E-03, 0.5194973E-02, 0.5041094E-02, 0.5099140E-03, 0.1639264E-02, 0.2149178E-02,-0.9796156E-03,-0.2101533E-01,-0.2199494E-01, 0.5391917E+03, 0.1302123E+03, 0.4020476E+02, 0.4922629E+03, 0.2191284E-01, 0.2747004E-01
 0.7700000E+02, 0.2441361E-02, 0.1587864E-01, 0.1832000E-01,-0.1652831E-03, 0.5165283E-02, 0.5000000E-02, 0.5006723E-03, 0.1649328E-02, 0.2150000E-02,-0.9754621E-03,-0.2104392E-01,-0.2201938E-01, 0.5388068E+03, 0.1277590E+03, 0.3947608E+02, 0.4924152E+03, 0.2195477E-01, 0.2752862E-01
 0.7701000E+02, 0.2441554E-02, 0.1588305E-01, 0.1832460E-01,-0.1660373E-03, 0.5163037E-02, 0.4997000E-02, 0.4994159E-03, 0.1650084E-02, 0.2149500E-02,-0.9752212E-03,-0.2104608E-01,-0.2202130E-01, 0.5387991E+03, 0.1276021E+03, 0.3937703E+02, 0.4924292E+03, 0.2195795E-01, 0.2753305E-01
 0.7702000E+02, 0.2441745E-02, 0.1588745E-01, 0.1832920E-01,-0.1667905E-03, 0.5160790E-02, 0.4994000E-02, 0.4981642E-03, 0.1650836E-02, 0.2149000E-02,-0.9749805E-03,-0.2104825E-01,-0.2202323E-01, 0.5387913E+03, 0.1274454E+03, 0.3927832E+02, 0.4924432E+03, 0.2196112E-01, 0.2753748E-01
 0.7703500E+02, 0.2442030E-02, 0.1589407E-01, 0.1833610E-01,-0.1679182E-03, 0.5157418E-02, 0.4989500E-02, 0.4962966E-03, 0.1651953E-02, 0.2148250E-02,-0.9746195E-03,-0.2105149E-01,-0.2202611E-01, 0.5387794E+03, 0.1272106E+03, 0.3913108E+02, 0.4924643E+03, 0.2196588E-01, 0.2754412E-01
 0.7705750E+02, 0.2442455E-02, 0.1590399E-01, 0.1834645E-01,-0.1696053E-03, 0.5152355E-02, 0.4982750E-02, 0.4935179E-03, 0.1653607E-02, 0.2147125E-02,-0.9740786E-03,-0.2105635E-01,-0.2203043E-01, 0.5387611E+03, 0.1268592E+03, 0.3891199E+02, 0.4924961E+03, 0.2197303E-01, 0.2755409E-01
 0.7709125E+02, 0.2443085E-02, 0.1591889E-01, 0.1836197E-01,-0.1721256E-03, 0.5144751E-02, 0.4972625E-02, 0.4893995E-03, 0.1656038E-02, 0.2145438E-02,-0.9732682E-03,-0.2106364E-01,-0.2203691E-01, 0.5387326E+03, 0.1263340E+03, 0.3858727E+02, 0.4925442E+03, 0.2198375E-01, 0.2756906E-01
 0.7714187E+02, 0.2444012E-02, 0.1594125E-01, 0.1838526E-01,-0.1758835E-03, 0.5133321E-02, 0.4957438E-02, 0.4833302E-03, 0.1659576E-02, 0.2142906E-02,-0.9720551E-03,-0.2107457E-01,-0.2204663E-01, 0.5386877E+03, 0.1255500E+03, 0.3810873E+02, 0.4926173E+03, 0.2199984E-01, 0.2759151E-01
 0.7721781E+02, 0.2445366E-02, 0.1597483E-01, 0.1842019E-01,-0.1814709E-03, 0.5116127E-02, 0.4934656E-02, 0.4744584E-03, 0.1664651E-02, 0.2139109E-02,-0.9702420E-03,-0.2109095E-01,-0.2206120E-01, 0.5386162E+03, 0.1243825E+03, 0.3740926E+02, 0.4927295E+03, 0.2202398E-01, 0.2762522E-01
 0.7731781E+02, 0.2447092E-02, 0.1601910E-01, 0.1846619E-01,-0.1887451E-03, 0.5093401E-02, 0.4904656E-02, 0.4631549E-03, 0.1670954E-02, 0.2134109E-02,-0.9678627E-03,-0.2111250E-01,-0.2208037E-01, 0.5385120E+03, 0.1228608E+03, 0.3651798E+02, 0.4928778E+03, 0.2205581E-01, 0.2766965E-01
 0.7741781E+02, 0.2448755E-02, 0.1606344E-01, 0.1851219E-01,-0.1959346E-03, 0.5070591E-02, 0.4874656E-02, 0.4522096E-03, 0.1676900E-02, 0.2129109E-02,-0.9654945E-03,-0.2113403E-01,-0.2209952E-01, 0.5384009E+03, 0.1213537E+03, 0.3565499E+02, 0.4930306E+03, 0.2208768E-01, 0.2771413E-01
 0.7751781E+02, 0.2450362E-02, 0.1610783E-01, 0.1855819E-01,-0.2030419E-03, 0.5047698E-02, 0.4844656E-02, 0.4416038E-03, 0.1682506E-02, 0.2124109E-02,-0.9631374E-03,-0.2115553E-01,-0.2211867E-01, 0.5382827E+03, 0.1198612E+03, 0.3481876E+02, 0.4931863E+03, 0.2211957E-01, 0.2775864E-01
 0.7761781E+02, 0.2451918E-02, 0.1615228E-01, 0.1860419E-01,-0.2100694E-03, 0.5024726E-02, 0.4814656E-02, 0.4313202E-03, 0.1687789E-02, 0.2119109E-02,-0.9607921E-03,-0.2117700E-01,-0.2213779E-01, 0.5381581E+03, 0.1183832E+03, 0.3400793E+02, 0.4933452E+03, 0.2215150E-01, 0.2780320E-01
 0.7771781E+02, 0.2453425E-02, 0.1619677E-01, 0.1865019E-01,-0.2170193E-03, 0.5001676E-02, 0.4784656E-02, 0.4213427E-03, 0.1692767E-02, 0.2114109E-02,-0.9584595E-03,-0.2119844E-01,-0.2215690E-01, 0.5380279E+03, 0.1169194E+03, 0.3322125E+02, 0.4935071E+03, 0.2218346E-01, 0.2784780E-01
 0.7781781E+02, 0.2454887E-02, 0.1624131E-01, 0.1869619E-01,-0.2238935E-03, 0.4978550E-02, 0.4754656E-02, 0.4116563E-03, 0.1697453E-02, 0.2109109E-02,-0.9561401E-03,-0.2121986E-01,-0.2217600E-01, 0.5378928E+03, 0.1154697E+03, 0.3245752E+02, 0.4936720E+03, 0.2221544E-01, 0.2789243E-01
 0.7791781E+02, 0.2456308E-02, 0.1628589E-01, 0.1874219E-01,-0.2306939E-03, 0.4955350E-02, 0.4724656E-02, 0.4022471E-03, 0.1701862E-02, 0.2104109E-02,-0.9538344E-03,-0.2124124E-01,-0.2219507E-01, 0.5377532E+03, 0.1140337E+03, 0.3171564E+02, 0.4938399E+03, 0.2224745E-01, 0.2793709E-01
 0.7800000E+02, 0.2457445E-02, 0.1632256E-01, 0.1878000E-01,-0.2362321E-03, 0.4936232E-02, 0.4700000E-02, 0.3946940E-03, 0.1705306E-02, 0.2100000E-02,-0.9519499E-03,-0.2125879E-01,-0.2221074E-01, 0.5376367E+03, 0.1128623E+03, 0.3112011E+02, 0.4939814E+03, 0.2227378E-01, 0.2797383E-01
 0.7801000E+02, 0.2457572E-02, 0.1632693E-01, 0.1878450E-01,-0.2369512E-03, 0.4933951E-02, 0.4697000E-02, 0.3935869E-03, 0.1705713E-02, 0.2099300E-02,-0.9516944E-03,-0.2126088E-01,-0.2221257E-01, 0.5376151E+03, 0.1127095E+03, 0.3103281E+02, 0.4939921E+03, 0.2227693E-01, 0.2797821E-01
 0.7802000E+02, 0.2457697E-02, 0.1633130E-01, 0.1878900E-01,-0.2376692E-03, 0.4931669E-02, 0.4694000E-02, 0.3924832E-03, 0.1706117E-02, 0.2098600E-02,-0.9514407E-03,-0.2126297E-01,-0.2221441E-01, 0.5375948E+03, 0.1125563E+03, 0.3094579E+02, 0.4940044E+03, 0.2228007E-01, 0.2798259E-01
 0.7803500E+02, 0.2457885E-02, 0.1633786E-01, 0.1879575E-01,-0.2387440E-03, 0.4928244E-02, 0.4689500E-02, 0.3908357E-03, 0.1706714E-02, 0.2097550E-02,-0.9510604E-03,-0.2126611E-01,-0.2221717E-01, 0.5375645E+03, 0.1123268E+03, 0.3081589E+02, 0.4940231E+03, 0.2228478E-01, 0.2798916E-01
 0.7805750E+02, 0.2458165E-02, 0.1634771E-01, 0.1880587E-01,-0.2403518E-03, 0.4923102E-02, 0.4682750E-02, 0.3883820E-03, 0.1707593E-02, 0.2095975E-02,-0.9504913E-03,-0.2127081E-01,-0.2222130E-01, 0.5375189E+03, 0.1119835E+03, 0.3062242E+02, 0.4940514E+03, 0.2229185E-01, 0.2799902E-01
 0.7809125E+02, 0.2458580E-02, 0.1636248E-01, 0.1882106E-01,-0.2427533E-03, 0.4915378E-02, 0.4672625E-02, 0.3847400E-03, 0.1708872E-02, 0.2093613E-02,-0.9496402E-03,-0.2127786E-01,-0.2222750E-01, 0.5374502E+03, 0.1114706E+03, 0.3033527E+02, 0.4940943E+03, 0.2230245E-01, 0.2801382E-01
 0.7814187E+02, 0.2459195E-02, 0.1638465E-01, 0.1884384E-01,-0.2463331E-03, 0.4903771E-02, 0.4657437E-02, 0.3793617E-03, 0.1710707E-02, 0.2090069E-02,-0.9483694E-03,-0.2128842E-01,-0.2223679E-01, 0.5373469E+03, 0.1107056E+03, 0.2991121E+02, 0.4941600E+03, 0.2231836E-01, 0.2803602E-01
 0.7821781E+02, 0.2460097E-02, 0.1641792E-01, 0.1887802E-01,-0.2516539E-03, 0.4886310E-02, 0.4634656E-02, 0.3714763E-03, 0.1713277E-02, 0.2084753E-02,-0.9464765E-03,-0.2130423E-01,-0.2225071E-01, 0.5371913E+03, 0.1095676E+03, 0.2928947E+02, 0.4942615E+03, 0.2234222E-01, 0.2806934E-01
 0.7831781E+02, 0.2461253E-02, 0.1646176E-01, 0.1892302E-01,-0.2585781E-03, 0.4863234E-02, 0.4604656E-02, 0.3613912E-03, 0.1716362E-02, 0.2077753E-02,-0.9440033E-03,-0.2132500E-01,-0.2226900E-01, 0.5369827E+03, 0.1080863E+03, 0.2849430E+02, 0.4943969E+03, 0.2237363E-01, 0.2811324E-01
 0.7841781E+02, 0.2462373E-02, 0.1650564E-01, 0.1896801E-01,-0.2654194E-03, 0.4840076E-02, 0.4574656E-02, 0.3515902E-03, 0.1719163E-02, 0.2070753E-02,-0.9415515E-03,-0.2134572E-01,-0.2228727E-01, 0.5367727E+03, 0.1066208E+03, 0.2772153E+02, 0.4945374E+03, 0.2240506E-01, 0.2815717E-01
 0.7851781E+02, 0.2463460E-02, 0.1654956E-01, 0.1901302E-01,-0.2721804E-03, 0.4816837E-02, 0.4544656E-02, 0.3420598E-03, 0.1721693E-02, 0.2063753E-02,-0.9391200E-03,-0.2136639E-01,-0.2230551E-01, 0.5365607E+03, 0.1051712E+03, 0.2697010E+02, 0.4946815E+03, 0.2243650E-01, 0.2820113E-01
 0.7861781E+02, 0.2464517E-02, 0.1659350E-01, 0.1905802E-01,-0.2788634E-03, 0.4793520E-02, 0.4514656E-02, 0.3327875E-03, 0.1723966E-02, 0.2056753E-02,-0.9367088E-03,-0.2138702E-01,-0.2232373E-01, 0.5363472E+03, 0.1037372E+03, 0.2623902E+02, 0.4948293E+03, 0.2246794E-01, 0.2824512E-01
 0.7871781E+02, 0.2465546E-02, 0.1663747E-01, 0.1910302E-01,-0.2854707E-03, 0.4770127E-02, 0.4484656E-02, 0.3237617E-03, 0.1725991E-02, 0.2049753E-02,-0.9343178E-03,-0.2140760E-01,-0.2234191E-01, 0.5361323E+03, 0.1023182E+03, 0.2552736E+02, 0.4949805E+03, 0.2249940E-01, 0.2828914E-01
 0.7881781E+02, 0.2466547E-02, 0.1668147E-01, 0.1914802E-01,-0.2920044E-03, 0.4746661E-02, 0.4454656E-02, 0.3149713E-03, 0.1727782E-02, 0.2042753E-02,-0.9319469E-03,-0.2142813E-01,-0.2236008E-01, 0.5359164E+03, 0.1009140E+03, 0.2483427E+02, 0.4951351E+03, 0.2253086E-01, 0.2833318E-01
 0.7891781E+02, 0.2467524E-02, 0.1672549E-01, 0.1919302E-01,-0.2984662E-03, 0.4723122E-02, 0.4424656E-02, 0.3064060E-03, 0.1729347E-02, 0.2035753E-02,-0.9295960E-03,-0.2144861E-01,-0.2237821E-01, 0.5356996E+03, 0.9952431E+02, 0.2415893E+02, 0.4952929E+03, 0.2256233E-01, 0.2837725E-01
 0.7900000E+02, 0.2468308E-02, 0.1676169E-01, 0.1923000E-01,-0.3037280E-03, 0.4703728E-02, 0.4400000E-02, 0.2995135E-03, 0.1730487E-02, 0.2030000E-02,-0.9276782E-03,-0.2146542E-01,-0.2239310E-01, 0.5355221E+03, 0.9839133E+02, 0.2361545E+02, 0.4954262E+03, 0.2258821E-01, 0.2841349E-01
 0.7901000E+02, 0.2468356E-02, 0.1676584E-01, 0.1923420E-01,-0.3045027E-03, 0.4701503E-02, 0.4397000E-02, 0.2980876E-03, 0.1730612E-02, 0.2028700E-02,-0.9273657E-03,-0.2146735E-01,-0.2239471E-01, 0.5354792E+03, 0.9822070E+02, 0.2350306E+02, 0.4954264E+03, 0.2259118E-01, 0.2841764E-01
 0.7902000E+02, 0.2468404E-02, 0.1677000E-01, 0.1923840E-01,-0.3052759E-03, 0.4699276E-02, 0.4394000E-02, 0.2966665E-03, 0.1730734E-02, 0.2027400E-02,-0.9270547E-03,-0.2146927E-01,-0.2239633E-01, 0.5354376E+03, 0.9804974E+02, 0.2339101E+02, 0.4954282E+03, 0.2259415E-01, 0.2842180E-01
 0.7903500E+02, 0.2468474E-02, 0.1677623E-01, 0.1924470E-01,-0.3064327E-03, 0.4695933E-02, 0.4389500E-02, 0.2945454E-03, 0.1730905E-02, 0.2025450E-02,-0.9265892E-03,-0.2147216E-01,-0.2239875E-01, 0.5353754E+03, 0.9779391E+02, 0.2322377E+02, 0.4954311E+03, 0.2259860E-01, 0.2842803E-01
 0.7905750E+02, 0.2468578E-02, 0.1678557E-01, 0.1925415E-01,-0.3081614E-03, 0.4690911E-02, 0.4382750E-02, 0.2913874E-03, 0.1731138E-02, 0.2022525E-02,-0.9258929E-03,-0.2147648E-01,-0.2240238E-01, 0.5352820E+03, 0.9741151E+02, 0.2297477E+02, 0.4954359E+03, 0.2260528E-01, 0.2843739E-01
 0.7909125E+02, 0.2468730E-02, 0.1679960E-01, 0.1926833E-01,-0.3107400E-03, 0.4683365E-02, 0.4372625E-02, 0.2867022E-03, 0.1731435E-02, 0.2018137E-02,-0.9248529E-03,-0.2148296E-01,-0.2240781E-01, 0.5351420E+03, 0.9684085E+02, 0.2260536E+02, 0.4954437E+03, 0.2261529E-01, 0.2845143E-01
 0.7914187E+02, 0.2468949E-02, 0.1682064E-01, 0.1928959E-01,-0.3145764E-03, 0.4672014E-02, 0.4357438E-02, 0.2797876E-03, 0.1731769E-02, 0.2011556E-02,-0.9233027E-03,-0.2149265E-01,-0.2241596E-01, 0.5349321E+03, 0.9599134E+02, 0.2206017E+02, 0.4954572E+03, 0.2263029E-01, 0.2847249E-01
 0.7921781E+02, 0.2469259E-02, 0.1685222E-01, 0.1932148E-01,-0.3202628E-03, 0.4654919E-02, 0.4334656E-02, 0.2696592E-03, 0.1732025E-02, 0.2001684E-02,-0.9209992E-03,-0.2150714E-01,-0.2242814E-01, 0.5346185E+03, 0.9473101E+02, 0.2126156E+02, 0.4954817E+03, 0.2265278E-01, 0.2850411E-01
 0.7931781E+02, 0.2469637E-02, 0.1689384E-01, 0.1936348E-01,-0.3276374E-03, 0.4632294E-02, 0.4304656E-02, 0.2567201E-03, 0.1731964E-02, 0.1988684E-02,-0.9180000E-03,-0.2152614E-01,-0.2244414E-01, 0.5342043E+03, 0.9309564E+02, 0.2024139E+02, 0.4955180E+03, 0.2268237E-01, 0.2854579E-01
 0.7941781E+02, 0.2469982E-02, 0.1693550E-01, 0.1940548E-01,-0.3348998E-03, 0.4609556E-02, 0.4274656E-02, 0.2441590E-03, 0.1731525E-02, 0.1975684E-02,-0.9150353E-03,-0.2154505E-01,-0.2246009E-01, 0.5337912E+03, 0.9148290E+02, 0.1925099E+02, 0.4955615E+03, 0.2271193E-01, 0.2858750E-01
 0.7951781E+02, 0.2470297E-02, 0.1697718E-01, 0.1944748E-01,-0.3420552E-03, 0.4586712E-02, 0.4244656E-02, 0.2319566E-03, 0.1730728E-02, 0.1962684E-02,-0.9121036E-03,-0.2156390E-01,-0.2247600E-01, 0.5333785E+03, 0.8989225E+02, 0.1828889E+02, 0.4956109E+03, 0.2274147E-01, 0.2862925E-01
 0.7961781E+02, 0.2470586E-02, 0.1701890E-01, 0.1948948E-01,-0.3491084E-03, 0.4563765E-02, 0.4214656E-02, 0.2200952E-03, 0.1729589E-02, 0.1949684E-02,-0.9092045E-03,-0.2158266E-01,-0.2249186E-01, 0.5329669E+03, 0.8832285E+02, 0.1735366E+02, 0.4956662E+03, 0.2277100E-01, 0.2867104E-01
 0.7971781E+02, 0.2470851E-02, 0.1706063E-01, 0.1953148E-01,-0.3560637E-03, 0.4540720E-02, 0.4184656E-02, 0.2085582E-03, 0.1728126E-02, 0.1936684E-02,-0.9063375E-03,-0.2160135E-01,-0.2250769E-01, 0.5325566E+03, 0.8677394E+02, 0.1644401E+02, 0.4957272E+03, 0.2280051E-01, 0.2871286E-01
 0.7981781E+02, 0.2471096E-02, 0.1710238E-01, 0.1957348E-01,-0.3629249E-03, 0.4517581E-02, 0.4154656E-02, 0.1973301E-03, 0.1726354E-02, 0.1923684E-02,-0.9035018E-03,-0.2161997E-01,-0.2252347E-01, 0.5321480E+03, 0.8524482E+02, 0.1555872E+02, 0.4957939E+03, 0.2283000E-01, 0.2875471E-01
 0.7991781E+02, 0.2471321E-02, 0.1714416E-01, 0.1961548E-01,-0.3696955E-03, 0.4494352E-02, 0.4124656E-02, 0.1863965E-03, 0.1724288E-02, 0.1910684E-02,-0.9006968E-03,-0.2163851E-01,-0.2253921E-01, 0.5317413E+03, 0.8373483E+02, 0.1469664E+02, 0.4958660E+03, 0.2285947E-01, 0.2879659E-01
 0.8000000E+02, 0.2471493E-02, 0.1717851E-01, 0.1965000E-01,-0.3751989E-03, 0.4475199E-02, 0.4100000E-02, 0.1776024E-03, 0.1722398E-02, 0.1900000E-02,-0.8984126E-03,-0.2165371E-01,-0.2255212E-01, 0.5314092E+03, 0.8250607E+02, 0.1400318E+02, 0.4959302E+03, 0.2288369E-01, 0.2883103E-01
 0.8001000E+02, 0.2471559E-02, 0.1718294E-01, 0.1965450E-01,-0.3757266E-03, 0.4472726E-02, 0.4097000E-02, 0.1760516E-03, 0.1722148E-02, 0.1898200E-02,-0.8982140E-03,-0.2165567E-01,-0.2255388E-01, 0.5313873E+03, 0.8239225E+02, 0.1388099E+02, 0.4959403E+03, 0.2288682E-01, 0.2883547E-01
 0.8002000E+02, 0.2471625E-02, 0.1718738E-01, 0.1965900E-01,-0.3762537E-03, 0.4470254E-02, 0.4094000E-02, 0.1745060E-03, 0.1721894E-02, 0.1896400E-02,-0.8980164E-03,-0.2165763E-01,-0.2255565E-01, 0.5313666E+03, 0.8227798E+02, 0.1375913E+02, 0.4959519E+03, 0.2288994E-01, 0.2883992E-01
 0.8003500E+02, 0.2471723E-02, 0.1719403E-01, 0.1966575E-01,-0.3770432E-03, 0.4466543E-02, 0.4089500E-02, 0.1721992E-03, 0.1721501E-02, 0.1893700E-02,-0.8977200E-03,-0.2166057E-01,-0.2255829E-01, 0.5313353E+03, 0.8210673E+02, 0.1357724E+02, 0.4959693E+03, 0.2289464E-01, 0.2884659E-01
 0.8005750E+02, 0.2471868E-02, 0.1720401E-01, 0.1967588E-01,-0.3782253E-03, 0.4460975E-02, 0.4082750E-02, 0.1687646E-03, 0.1720885E-02, 0.1889650E-02,-0.8972756E-03,-0.2166498E-01,-0.2256226E-01, 0.5312881E+03, 0.8185024E+02, 0.1330644E+02, 0.4959956E+03, 0.2290168E-01, 0.2885660E-01
 0.8009125E+02, 0.2472082E-02, 0.1721898E-01, 0.1969106E-01,-0.3799934E-03, 0.4452618E-02, 0.4072625E-02, 0.1636692E-03, 0.1719906E-02, 0.1883575E-02,-0.8966093E-03,-0.2167160E-01,-0.2256821E-01, 0.5312167E+03, 0.8146634E+02, 0.1290468E+02, 0.4960356E+03, 0.2291224E-01, 0.2887162E-01
 0.8014187E+02, 0.2472393E-02, 0.1724145E-01, 0.1971384E-01,-0.3826344E-03, 0.4440072E-02, 0.4057438E-02, 0.1561493E-03, 0.1718313E-02, 0.1874463E-02,-0.8956110E-03,-0.2168152E-01,-0.2257713E-01, 0.5311085E+03, 0.8089231E+02, 0.1231175E+02, 0.4960967E+03, 0.2292810E-01, 0.2889416E-01
 0.8021781E+02, 0.2472841E-02, 0.1727518E-01, 0.1974802E-01,-0.3865716E-03, 0.4421228E-02, 0.4034656E-02, 0.1451342E-03, 0.1715660E-02, 0.1860794E-02,-0.8941163E-03,-0.2169640E-01,-0.2259052E-01, 0.5309442E+03, 0.8003524E+02, 0.1144318E+02, 0.4961915E+03, 0.2295190E-01, 0.2892799E-01
 0.8031781E+02, 0.2473400E-02, 0.1731962E-01, 0.1979302E-01,-0.3917143E-03, 0.4396371E-02, 0.4004656E-02, 0.1310621E-03, 0.1711732E-02, 0.1842794E-02,-0.8921509E-03,-0.2171599E-01,-0.2260814E-01, 0.5307214E+03, 0.7891500E+02, 0.1033374E+02, 0.4963177E+03, 0.2298327E-01, 0.2897260E-01
 0.8041781E+02, 0.2473925E-02, 0.1736409E-01, 0.1983801E-01,-0.3968122E-03, 0.4371468E-02, 0.3974656E-02, 0.1174013E-03, 0.1707393E-02, 0.1824794E-02,-0.8901910E-03,-0.2173556E-01,-0.2262575E-01, 0.5304952E+03, 0.7780204E+02, 0.9256639E+01, 0.4964491E+03, 0.2301468E-01, 0.2901725E-01
 0.8051781E+02, 0.2474419E-02, 0.1740860E-01, 0.1988302E-01,-0.4018667E-03, 0.4346523E-02, 0.3944656E-02, 0.1041307E-03, 0.1702663E-02, 0.1806794E-02,-0.8882369E-03,-0.2175512E-01,-0.2264336E-01, 0.5302650E+03, 0.7669682E+02, 0.8210309E+01, 0.4965843E+03, 0.2304613E-01, 0.2906195E-01
 0.8061781E+02, 0.2474887E-02, 0.1745313E-01, 0.1992802E-01,-0.4068790E-03, 0.4321535E-02, 0.3914656E-02, 0.9123104E-04, 0.1697563E-02, 0.1788794E-02,-0.8862892E-03,-0.2177466E-01,-0.2266095E-01, 0.5300317E+03, 0.7559931E+02, 0.7193216E+01, 0.4967233E+03, 0.2307761E-01, 0.2910668E-01
 0.8071781E+02, 0.2475331E-02, 0.1749768E-01, 0.1997302E-01,-0.4118499E-03, 0.4296506E-02, 0.3884656E-02, 0.7868405E-04, 0.1692110E-02, 0.1770794E-02,-0.8843490E-03,-0.2179419E-01,-0.2267854E-01, 0.5297957E+03, 0.7450948E+02, 0.6203935E+01, 0.4968659E+03, 0.2310912E-01, 0.2915146E-01
 0.8081781E+02, 0.2475753E-02, 0.1754226E-01, 0.2001801E-01,-0.4167804E-03, 0.4271436E-02, 0.3854656E-02, 0.6647298E-04, 0.1686321E-02, 0.1752794E-02,-0.8824168E-03,-0.2181370E-01,-0.2269612E-01, 0.5295576E+03, 0.7342730E+02, 0.5241139E+01, 0.4970123E+03, 0.2314066E-01, 0.2919628E-01
 0.8091781E+02, 0.2476156E-02, 0.1758686E-01, 0.2006301E-01,-0.4216712E-03, 0.4246328E-02, 0.3824656E-02, 0.5458216E-04, 0.1680212E-02, 0.1734794E-02,-0.8804934E-03,-0.2183319E-01,-0.2271368E-01, 0.5293177E+03, 0.7235274E+02, 0.4303594E+01, 0.4971621E+03, 0.2317223E-01, 0.2924114E-01
 0.8100000E+02, 0.2476472E-02, 0.1762353E-01, 0.2010000E-01,-0.4256625E-03, 0.4225662E-02, 0.3800000E-02, 0.4501854E-04, 0.1674981E-02, 0.1720000E-02,-0.8789196E-03,-0.2184919E-01,-0.2272811E-01, 0.5291208E+03, 0.7147425E+02, 0.3549360E+01, 0.4972893E+03, 0.2319820E-01, 0.2927803E-01
 0.8101000E+02, 0.2476482E-02, 0.1762652E-01, 0.2010300E-01,-0.4259775E-03, 0.4223978E-02, 0.3798000E-02, 0.4394729E-04, 0.1674553E-02, 0.1718500E-02,-0.8787877E-03,-0.2185049E-01,-0.2272928E-01, 0.5291002E+03, 0.7140468E+02, 0.3465075E+01, 0.4972941E+03, 0.2320032E-01, 0.2928104E-01
 0.8102000E+02, 0.2476492E-02, 0.1762951E-01, 0.2010600E-01,-0.4262922E-03, 0.4222292E-02, 0.3796000E-02, 0.4287844E-04, 0.1674122E-02, 0.1717000E-02,-0.8786571E-03,-0.2185180E-01,-0.2273046E-01, 0.5290812E+03, 0.7133446E+02, 0.3380800E+01, 0.4973008E+03, 0.2320244E-01, 0.2928404E-01
 0.8103500E+02, 0.2476507E-02, 0.1763399E-01, 0.2011050E-01,-0.4267638E-03, 0.4219764E-02, 0.3793000E-02, 0.4128041E-04, 0.1673470E-02, 0.1714750E-02,-0.8784613E-03,-0.2185376E-01,-0.2273222E-01, 0.5290527E+03, 0.7122921E+02, 0.3254802E+01, 0.4973109E+03, 0.2320562E-01, 0.2928856E-01
 0.8105750E+02, 0.2476529E-02, 0.1764072E-01, 0.2011725E-01,-0.4274704E-03, 0.4215970E-02, 0.3788500E-02, 0.3889506E-04, 0.1672480E-02, 0.1711375E-02,-0.8781677E-03,-0.2185669E-01,-0.2273486E-01, 0.5290098E+03, 0.7107151E+02, 0.3066726E+01, 0.4973260E+03, 0.2321039E-01, 0.2929533E-01
 0.8109125E+02, 0.2476560E-02, 0.1765081E-01, 0.2012737E-01,-0.4285281E-03, 0.4210278E-02, 0.3781750E-02, 0.3534296E-04, 0.1670970E-02, 0.1706312E-02,-0.8777279E-03,-0.2186109E-01,-0.2273882E-01, 0.5289454E+03, 0.7083533E+02, 0.2786655E+01, 0.4973491E+03, 0.2321754E-01, 0.2930549E-01
 0.8114187E+02, 0.2476605E-02, 0.1766596E-01, 0.2014256E-01,-0.4301104E-03, 0.4201735E-02, 0.3771625E-02, 0.3007191E-04, 0.1668647E-02, 0.1698719E-02,-0.8770690E-03,-0.2186769E-01,-0.2274476E-01, 0.5288486E+03, 0.7048191E+02, 0.2371048E+01, 0.4973843E+03, 0.2322827E-01, 0.2932073E-01
 0.8121781E+02, 0.2476667E-02, 0.1768868E-01, 0.2016534E-01,-0.4324739E-03, 0.4188912E-02, 0.3756438E-02, 0.2228983E-04, 0.1665038E-02, 0.1687328E-02,-0.8760832E-03,-0.2187759E-01,-0.2275367E-01, 0.5287032E+03, 0.6995363E+02, 0.1757436E+01, 0.4974386E+03, 0.2324437E-01, 0.2934361E-01
 0.8131781E+02, 0.2476742E-02, 0.1771860E-01, 0.2019534E-01,-0.4355690E-03, 0.4172007E-02, 0.3736438E-02, 0.1224942E-04, 0.1660079E-02, 0.1672328E-02,-0.8747888E-03,-0.2189061E-01,-0.2276540E-01, 0.5285112E+03, 0.6926117E+02, 0.9657276E+00, 0.4975125E+03, 0.2326559E-01, 0.2937375E-01
 0.8141781E+02, 0.2476805E-02, 0.1774854E-01, 0.2022534E-01,-0.4386458E-03, 0.4155083E-02, 0.3716437E-02, 0.2409421E-05, 0.1654919E-02, 0.1657328E-02,-0.8734976E-03,-0.2190362E-01,-0.2277712E-01, 0.5283176E+03, 0.6857236E+02, 0.1898786E+00, 0.4975880E+03, 0.2328681E-01, 0.2940392E-01
 0.8151781E+02, 0.2476860E-02, 0.1777848E-01, 0.2025534E-01,-0.4417047E-03, 0.4138142E-02, 0.3696438E-02,-0.7237425E-05, 0.1649566E-02, 0.1642328E-02,-0.8722100E-03,-0.2191663E-01,-0.2278884E-01, 0.5281232E+03, 0.6788696E+02,-0.5707406E+00, 0.4976656E+03, 0.2330805E-01, 0.2943411E-01
 0.8161781E+02, 0.2476906E-02, 0.1780844E-01, 0.2028534E-01,-0.4447462E-03, 0.4121184E-02, 0.3676438E-02,-0.1669800E-04, 0.1644026E-02, 0.1627328E-02,-0.8709264E-03,-0.2192962E-01,-0.2280055E-01, 0.5279281E+03, 0.6720492E+02,-0.1316673E+01, 0.4977453E+03, 0.2332930E-01, 0.2946432E-01
 0.8171781E+02, 0.2476945E-02, 0.1783840E-01, 0.2031534E-01,-0.4477707E-03, 0.4104208E-02, 0.3656437E-02,-0.2597884E-04, 0.1638307E-02, 0.1612328E-02,-0.8696468E-03,-0.2194261E-01,-0.2281225E-01, 0.5277325E+03, 0.6652620E+02,-0.2048434E+01, 0.4978271E+03, 0.2335056E-01, 0.2949455E-01
 0.8181781E+02, 0.2476977E-02, 0.1786837E-01, 0.2034534E-01,-0.4507787E-03, 0.4087216E-02, 0.3636438E-02,-0.3508613E-04, 0.1632414E-02, 0.1597328E-02,-0.8683715E-03,-0.2195558E-01,-0.2282395E-01, 0.5275364E+03, 0.6585076E+02,-0.2766511E+01, 0.4979109E+03, 0.2337183E-01, 0.2952480E-01
 0.8191781E+02, 0.2477004E-02, 0.1789834E-01, 0.2037534E-01,-0.4537704E-03, 0.4070208E-02, 0.3616438E-02,-0.4402577E-04, 0.1626354E-02, 0.1582328E-02,-0.8671006E-03,-0.2196855E-01,-0.2283565E-01, 0.5273401E+03, 0.6517858E+02,-0.3471370E+01, 0.4979967E+03, 0.2339312E-01, 0.2955507E-01
 0.8200000E+02, 0.2477020E-02, 0.1792298E-01, 0.2040000E-01,-0.4562176E-03, 0.4056218E-02, 0.3600000E-02,-0.5126246E-04, 0.1621263E-02, 0.1570000E-02,-0.8660586E-03,-0.2197920E-01,-0.2284526E-01, 0.5271781E+03, 0.6462857E+02,-0.4041899E+01, 0.4980681E+03, 0.2341062E-01, 0.2957996E-01
 0.8201000E+02, 0.2477097E-02, 0.1792640E-01, 0.2040350E-01,-0.4562743E-03, 0.4054274E-02, 0.3598000E-02,-0.5245220E-04, 0.1620552E-02, 0.1568100E-02,-0.8660667E-03,-0.2198068E-01,-0.2284675E-01, 0.5271911E+03, 0.6462111E+02,-0.4135654E+01, 0.4980863E+03, 0.2341305E-01, 0.2958342E-01
 0.8202000E+02, 0.2477173E-02, 0.1792983E-01, 0.2040700E-01,-0.4563314E-03, 0.4052331E-02, 0.3596000E-02,-0.5363907E-04, 0.1619839E-02, 0.1566200E-02,-0.8660748E-03,-0.2198216E-01,-0.2284823E-01, 0.5272043E+03, 0.6461337E+02,-0.4229234E+01, 0.4981049E+03, 0.2341548E-01, 0.2958687E-01
 0.8203500E+02, 0.2477286E-02, 0.1793496E-01, 0.2041225E-01,-0.4564181E-03, 0.4049418E-02, 0.3593000E-02,-0.5541297E-04, 0.1618763E-02, 0.1563350E-02,-0.8660861E-03,-0.2198438E-01,-0.2285047E-01, 0.5272240E+03, 0.6460149E+02,-0.4369100E+01, 0.4981328E+03, 0.2341914E-01, 0.2959206E-01
 0.8205750E+02, 0.2477454E-02, 0.1794267E-01, 0.2042012E-01,-0.4565506E-03, 0.4045051E-02, 0.3588500E-02,-0.5805963E-04, 0.1617135E-02, 0.1559075E-02,-0.8661015E-03,-0.2198772E-01,-0.2285382E-01, 0.5272531E+03, 0.6458303E+02,-0.4577779E+01, 0.4981747E+03, 0.2342462E-01, 0.2959985E-01
 0.8209125E+02, 0.2477704E-02, 0.1795423E-01, 0.2043194E-01,-0.4567545E-03, 0.4038504E-02, 0.3581750E-02,-0.6199815E-04, 0.1614661E-02, 0.1552662E-02,-0.8661212E-03,-0.2199274E-01,-0.2285886E-01, 0.5272955E+03, 0.6455396E+02,-0.4888319E+01, 0.4982374E+03, 0.2343286E-01, 0.2961153E-01
 0.8214187E+02, 0.2478072E-02, 0.1797158E-01, 0.2044966E-01,-0.4570718E-03, 0.4028697E-02, 0.3571625E-02,-0.6783682E-04, 0.1610881E-02, 0.1543044E-02,-0.8661429E-03,-0.2200028E-01,-0.2286642E-01, 0.5273570E+03, 0.6450732E+02,-0.5348686E+01, 0.4983312E+03, 0.2344523E-01, 0.2962907E-01
 0.8221781E+02, 0.2478610E-02, 0.1799762E-01, 0.2047623E-01,-0.4575726E-03, 0.4014010E-02, 0.3556437E-02,-0.7644461E-04, 0.1605060E-02, 0.1528616E-02,-0.8661591E-03,-0.2201163E-01,-0.2287779E-01, 0.5274446E+03, 0.6443071E+02,-0.6027430E+01, 0.4984722E+03, 0.2346383E-01, 0.2965540E-01
 0.8231781E+02, 0.2479294E-02, 0.1803194E-01, 0.2051123E-01,-0.4582720E-03, 0.3994709E-02, 0.3536437E-02,-0.8753030E-04, 0.1597146E-02, 0.1509616E-02,-0.8661532E-03,-0.2202665E-01,-0.2289280E-01, 0.5275523E+03, 0.6431904E+02,-0.6901623E+01, 0.4986578E+03, 0.2348840E-01, 0.2969010E-01
 0.8241781E+02, 0.2479952E-02, 0.1806628E-01, 0.2054623E-01,-0.4590076E-03, 0.3975445E-02, 0.3516437E-02,-0.9837551E-04, 0.1588991E-02, 0.1490616E-02,-0.8661201E-03,-0.2204173E-01,-0.2290785E-01, 0.5276509E+03, 0.6419782E+02,-0.7756731E+01, 0.4988420E+03, 0.2351305E-01, 0.2972485E-01
 0.8251781E+02, 0.2480587E-02, 0.1810065E-01, 0.2058123E-01,-0.4597778E-03, 0.3956215E-02, 0.3496438E-02,-0.1089896E-03, 0.1580605E-02, 0.1471616E-02,-0.8660621E-03,-0.2205686E-01,-0.2292292E-01, 0.5277419E+03, 0.6406722E+02,-0.8593618E+01, 0.4990257E+03, 0.2353776E-01, 0.2975964E-01
 0.8261781E+02, 0.2481200E-02, 0.1813503E-01, 0.2061623E-01,-0.4605811E-03, 0.3937019E-02, 0.3476437E-02,-0.1193816E-03, 0.1571997E-02, 0.1452616E-02,-0.8659807E-03,-0.2207205E-01,-0.2293803E-01, 0.5278257E+03, 0.6392771E+02,-0.9412988E+01, 0.4992093E+03, 0.2356255E-01, 0.2979446E-01
 0.8271781E+02, 0.2481794E-02, 0.1816944E-01, 0.2065123E-01,-0.4614159E-03, 0.3917853E-02, 0.3456437E-02,-0.1295598E-03, 0.1563175E-02, 0.1433616E-02,-0.8658772E-03,-0.2208729E-01,-0.2295317E-01, 0.5279030E+03, 0.6377975E+02,-0.1021550E+02, 0.4993926E+03, 0.2358740E-01, 0.2982931E-01
 0.8281781E+02, 0.2482368E-02, 0.1820387E-01, 0.2068623E-01,-0.4622809E-03, 0.3898718E-02, 0.3436437E-02,-0.1395321E-03, 0.1554148E-02, 0.1414616E-02,-0.8657529E-03,-0.2210259E-01,-0.2296834E-01, 0.5279741E+03, 0.6362375E+02,-0.1100179E+02, 0.4995758E+03, 0.2361232E-01, 0.2986420E-01
 0.8291781E+02, 0.2482926E-02, 0.1823831E-01, 0.2072123E-01,-0.4631746E-03, 0.3879612E-02, 0.3416438E-02,-0.1493062E-03, 0.1544922E-02, 0.1395616E-02,-0.8656090E-03,-0.2211792E-01,-0.2298353E-01, 0.5280394E+03, 0.6346013E+02,-0.1177244E+02, 0.4997590E+03, 0.2363730E-01, 0.2989912E-01
 0.8300000E+02, 0.2483372E-02, 0.1826663E-01, 0.2075000E-01,-0.4639269E-03, 0.3863927E-02, 0.3400000E-02,-0.1572085E-03, 0.1537209E-02, 0.1380000E-02,-0.8654772E-03,-0.2213055E-01,-0.2299603E-01, 0.5280883E+03, 0.6332108E+02,-0.1239539E+02, 0.4999086E+03, 0.2365788E-01, 0.2992784E-01
 0.8301000E+02, 0.2483380E-02, 0.1827012E-01, 0.2075350E-01,-0.4639931E-03, 0.3861993E-02, 0.3398000E-02,-0.1586536E-03, 0.1536254E-02, 0.1377600E-02,-0.8654516E-03,-0.2213211E-01,-0.2299757E-01, 0.5280850E+03, 0.6330692E+02,-0.1250923E+02, 0.4999196E+03, 0.2366041E-01, 0.2993138E-01
 0.8302000E+02, 0.2483388E-02, 0.1827361E-01, 0.2075700E-01,-0.4640595E-03, 0.3860059E-02, 0.3396000E-02,-0.1600948E-03, 0.1535295E-02, 0.1375200E-02,-0.8654264E-03,-0.2213367E-01,-0.2299910E-01, 0.5280822E+03, 0.6329247E+02,-0.1262286E+02, 0.4999311E+03, 0.2366295E-01, 0.2993492E-01
 0.8303500E+02, 0.2483399E-02, 0.1827885E-01, 0.2076225E-01,-0.4641598E-03, 0.3857160E-02, 0.3393000E-02,-0.1622481E-03, 0.1533848E-02, 0.1371600E-02,-0.8653881E-03,-0.2213601E-01,-0.2300140E-01, 0.5280779E+03, 0.6327061E+02,-0.1279264E+02, 0.4999486E+03, 0.2366676E-01, 0.2994024E-01
 0.8305750E+02, 0.2483414E-02, 0.1828671E-01, 0.2077012E-01,-0.4643119E-03, 0.3852812E-02, 0.3388500E-02,-0.1654590E-03, 0.1531659E-02, 0.1366200E-02,-0.8653296E-03,-0.2213952E-01,-0.2300485E-01, 0.5280712E+03, 0.6323742E+02,-0.1304581E+02, 0.4999749E+03, 0.2367248E-01, 0.2994821E-01
 0.8309125E+02, 0.2483436E-02, 0.1829850E-01, 0.2078194E-01,-0.4645433E-03, 0.3846293E-02, 0.3381750E-02,-0.1702336E-03, 0.1528334E-02, 0.1358100E-02,-0.8652398E-03,-0.2214479E-01,-0.2301003E-01, 0.5280604E+03, 0.6318674E+02,-0.1342227E+02, 0.5000144E+03, 0.2368106E-01, 0.2996018E-01
 0.8314187E+02, 0.2483465E-02, 0.1831619E-01, 0.2079966E-01,-0.4648981E-03, 0.3836523E-02, 0.3371625E-02,-0.1773036E-03, 0.1523254E-02, 0.1345950E-02,-0.8651004E-03,-0.2215271E-01,-0.2301781E-01, 0.5280432E+03, 0.6310876E+02,-0.1397972E+02, 0.5000744E+03, 0.2369395E-01, 0.2997814E-01
 0.8321781E+02, 0.2483502E-02, 0.1834273E-01, 0.2082623E-01,-0.4654469E-03, 0.3821884E-02, 0.3356437E-02,-0.1877094E-03, 0.1515434E-02, 0.1327725E-02,-0.8648813E-03,-0.2216462E-01,-0.2302950E-01, 0.5280147E+03, 0.6298749E+02,-0.1480026E+02, 0.5001658E+03, 0.2371330E-01, 0.3000511E-01
 0.8331781E+02, 0.2483539E-02, 0.1837770E-01, 0.2086123E-01,-0.4661965E-03, 0.3802634E-02, 0.3336438E-02,-0.2010831E-03, 0.1504808E-02, 0.1303725E-02,-0.8645764E-03,-0.2218033E-01,-0.2304491E-01, 0.5279731E+03, 0.6282074E+02,-0.1585489E+02, 0.5002885E+03, 0.2373884E-01, 0.3004067E-01
 0.8341781E+02, 0.2483560E-02, 0.1841267E-01, 0.2089623E-01,-0.4669699E-03, 0.3783407E-02, 0.3316437E-02,-0.2141403E-03, 0.1493865E-02, 0.1279725E-02,-0.8642541E-03,-0.2219608E-01,-0.2306034E-01, 0.5279257E+03, 0.6264795E+02,-0.1688441E+02, 0.5004119E+03, 0.2376444E-01, 0.3007627E-01
 0.8351781E+02, 0.2483568E-02, 0.1844767E-01, 0.2093123E-01,-0.4677667E-03, 0.3764204E-02, 0.3296438E-02,-0.2268949E-03, 0.1482620E-02, 0.1255725E-02,-0.8639162E-03,-0.2221187E-01,-0.2307579E-01, 0.5278738E+03, 0.6246903E+02,-0.1789006E+02, 0.5005372E+03, 0.2379008E-01, 0.3011191E-01
 0.8361781E+02, 0.2483566E-02, 0.1848267E-01, 0.2096623E-01,-0.4685863E-03, 0.3745024E-02, 0.3276438E-02,-0.2393596E-03, 0.1471085E-02, 0.1231725E-02,-0.8635640E-03,-0.2222769E-01,-0.2309126E-01, 0.5278178E+03, 0.6228423E+02,-0.1887286E+02, 0.5006644E+03, 0.2381577E-01, 0.3014760E-01
 0.8371781E+02, 0.2483554E-02, 0.1851768E-01, 0.2100123E-01,-0.4694281E-03, 0.3725866E-02, 0.3256437E-02,-0.2515466E-03, 0.1459272E-02, 0.1207725E-02,-0.8631981E-03,-0.2224355E-01,-0.2310674E-01, 0.5277582E+03, 0.6209377E+02,-0.1983377E+02, 0.5007934E+03, 0.2384151E-01, 0.3018332E-01
 0.8381781E+02, 0.2483534E-02, 0.1855270E-01, 0.2103623E-01,-0.4702917E-03, 0.3706729E-02, 0.3236438E-02,-0.2634673E-03, 0.1447192E-02, 0.1183725E-02,-0.8628194E-03,-0.2225943E-01,-0.2312225E-01, 0.5276954E+03, 0.6189790E+02,-0.2077367E+02, 0.5009243E+03, 0.2386730E-01, 0.3021907E-01
 0.8391781E+02, 0.2483508E-02, 0.1858773E-01, 0.2107123E-01,-0.4711763E-03, 0.3687614E-02, 0.3216437E-02,-0.2751322E-03, 0.1434857E-02, 0.1159725E-02,-0.8624290E-03,-0.2227534E-01,-0.2313777E-01, 0.5276296E+03, 0.6169683E+02,-0.2169341E+02, 0.5010572E+03, 0.2389313E-01, 0.3025487E-01
 0.8400000E+02, 0.2483480E-02, 0.1861652E-01, 0.2110000E-01,-0.4719161E-03, 0.3671916E-02, 0.3200000E-02,-0.2845513E-03, 0.1424551E-02, 0.1140000E-02,-0.8620993E-03,-0.2228844E-01,-0.2315054E-01, 0.5275727E+03, 0.6152856E+02,-0.2243592E+02, 0.5011667E+03, 0.2391439E-01, 0.3028430E-01
 0.8401000E+02, 0.2483583E-02, 0.1862142E-01, 0.2110500E-01,-0.4717480E-03, 0.3669248E-02, 0.3197500E-02,-0.2859946E-03, 0.1422795E-02, 0.1136800E-02,-0.8622149E-03,-0.2229067E-01,-0.2315288E-01, 0.5276066E+03, 0.6157362E+02,-0.2254957E+02, 0.5011974E+03, 0.2391801E-01, 0.3028931E-01
 0.8402000E+02, 0.2483685E-02, 0.1862632E-01, 0.2111000E-01,-0.4715812E-03, 0.3666581E-02, 0.3195000E-02,-0.2874336E-03, 0.1421034E-02, 0.1133600E-02,-0.8623301E-03,-0.2229290E-01,-0.2315523E-01, 0.5276408E+03, 0.6161810E+02,-0.2266304E+02, 0.5012287E+03, 0.2392163E-01, 0.3029432E-01
 0.8403500E+02, 0.2483837E-02, 0.1863366E-01, 0.2111750E-01,-0.4713344E-03, 0.3662584E-02, 0.3191250E-02,-0.2895833E-03, 0.1418383E-02, 0.1128800E-02,-0.8625013E-03,-0.2229625E-01,-0.2315875E-01, 0.5276918E+03, 0.6168401E+02,-0.2283253E+02, 0.5012758E+03, 0.2392706E-01, 0.3030184E-01
 0.8405750E+02, 0.2484064E-02, 0.1864469E-01, 0.2112875E-01,-0.4709714E-03, 0.3656596E-02, 0.3185625E-02,-0.2927875E-03, 0.1414387E-02, 0.1121600E-02,-0.8627539E-03,-0.2230128E-01,-0.2316404E-01, 0.5277674E+03, 0.6178108E+02,-0.2308517E+02, 0.5013462E+03, 0.2393522E-01, 0.3031311E-01
 0.8409125E+02, 0.2484399E-02, 0.1866123E-01, 0.2114562E-01,-0.4704429E-03, 0.3647630E-02, 0.3177187E-02,-0.2975495E-03, 0.1408349E-02, 0.1110800E-02,-0.8631240E-03,-0.2230886E-01,-0.2317198E-01, 0.5278787E+03, 0.6192276E+02,-0.2346065E+02, 0.5014517E+03, 0.2394749E-01, 0.3033003E-01
 0.8414187E+02, 0.2484892E-02, 0.1868604E-01, 0.2117094E-01,-0.4696852E-03, 0.3634216E-02, 0.3164531E-02,-0.3045954E-03, 0.1399195E-02, 0.1094600E-02,-0.8636604E-03,-0.2232026E-01,-0.2318392E-01, 0.5280413E+03, 0.6212667E+02,-0.2401626E+02, 0.5016096E+03, 0.2396593E-01, 0.3035544E-01
 0.8421781E+02, 0.2485611E-02, 0.1872330E-01, 0.2120891E-01,-0.4686233E-03, 0.3614170E-02, 0.3145547E-02,-0.3149545E-03, 0.1385254E-02, 0.1070300E-02,-0.8644249E-03,-0.2233747E-01,-0.2320189E-01, 0.5282763E+03, 0.6241399E+02,-0.2483334E+02, 0.5018462E+03, 0.2399369E-01, 0.3039358E-01
 0.8431781E+02, 0.2486523E-02, 0.1877238E-01, 0.2125891E-01,-0.4673464E-03, 0.3587893E-02, 0.3120547E-02,-0.3282502E-03, 0.1366550E-02, 0.1038300E-02,-0.8653615E-03,-0.2236028E-01,-0.2322564E-01, 0.5285665E+03, 0.6276392E+02,-0.2588126E+02, 0.5021518E+03, 0.2403041E-01, 0.3044388E-01
 0.8441781E+02, 0.2487399E-02, 0.1882151E-01, 0.2130891E-01,-0.4661808E-03, 0.3561728E-02, 0.3095547E-02,-0.3412126E-03, 0.1347513E-02, 0.1006300E-02,-0.8662362E-03,-0.2238324E-01,-0.2324947E-01, 0.5288424E+03, 0.6308567E+02,-0.2690330E+02, 0.5024570E+03, 0.2406730E-01, 0.3049425E-01
 0.8451781E+02, 0.2488241E-02, 0.1887067E-01, 0.2135891E-01,-0.4651205E-03, 0.3535667E-02, 0.3070547E-02,-0.3538562E-03, 0.1328156E-02, 0.9743000E-03,-0.8670514E-03,-0.2240633E-01,-0.2327339E-01, 0.5291037E+03, 0.6338140E+02,-0.2790020E+02, 0.5027602E+03, 0.2410434E-01, 0.3054470E-01
 0.8461781E+02, 0.2489052E-02, 0.1891985E-01, 0.2140891E-01,-0.4641603E-03, 0.3509707E-02, 0.3045547E-02,-0.3661948E-03, 0.1308495E-02, 0.9423000E-03,-0.8678108E-03,-0.2242956E-01,-0.2329737E-01, 0.5293514E+03, 0.6365258E+02,-0.2887305E+02, 0.5030616E+03, 0.2414153E-01, 0.3059520E-01
 0.8471781E+02, 0.2489836E-02, 0.1896907E-01, 0.2145891E-01,-0.4632948E-03, 0.3483842E-02, 0.3020547E-02,-0.3782411E-03, 0.1288541E-02, 0.9103001E-03,-0.8685177E-03,-0.2245291E-01,-0.2332143E-01, 0.5295866E+03, 0.6390055E+02,-0.2982285E+02, 0.5033613E+03, 0.2417886E-01, 0.3064577E-01
 0.8481781E+02, 0.2490595E-02, 0.1901831E-01, 0.2150891E-01,-0.4625192E-03, 0.3458066E-02, 0.2995547E-02,-0.3900070E-03, 0.1268307E-02, 0.8783000E-03,-0.8691754E-03,-0.2247638E-01,-0.2334555E-01, 0.5298100E+03, 0.6412656E+02,-0.3075055E+02, 0.5036594E+03, 0.2421633E-01, 0.3069639E-01
 0.8491781E+02, 0.2491331E-02, 0.1906757E-01, 0.2155891E-01,-0.4618289E-03, 0.3432376E-02, 0.2970547E-02,-0.4015038E-03, 0.1247804E-02, 0.8463000E-03,-0.8697867E-03,-0.2249995E-01,-0.2336974E-01, 0.5300225E+03, 0.6433181E+02,-0.3165703E+02, 0.5039559E+03, 0.2425393E-01, 0.3074707E-01
 0.8500000E+02, 0.2491919E-02, 0.1910808E-01, 0.2160000E-01,-0.4613156E-03, 0.3411316E-02, 0.2950000E-02,-0.4107753E-03, 0.1230775E-02, 0.8200000E-03,-0.8702587E-03,-0.2251940E-01,-0.2338966E-01, 0.5301896E+03, 0.6448719E+02,-0.3238805E+02, 0.5041985E+03, 0.2428493E-01, 0.3078877E-01
 0.8501000E+02, 0.2491881E-02, 0.1911112E-01, 0.2160300E-01,-0.4612364E-03, 0.3409736E-02, 0.2948500E-02,-0.4119953E-03, 0.1229495E-02, 0.8175000E-03,-0.8702764E-03,-0.2252086E-01,-0.2339113E-01, 0.5301864E+03, 0.6450246E+02,-0.3248424E+02, 0.5042078E+03, 0.2428725E-01, 0.3079190E-01
 0.8502000E+02, 0.2491843E-02, 0.1911416E-01, 0.2160600E-01,-0.4611575E-03, 0.3408157E-02, 0.2947000E-02,-0.4132124E-03, 0.1228212E-02, 0.8150000E-03,-0.8702938E-03,-0.2252231E-01,-0.2339261E-01, 0.5301831E+03, 0.6451765E+02,-0.3258020E+02, 0.5042171E+03, 0.2428958E-01, 0.3079502E-01
 0.8503500E+02, 0.2491786E-02, 0.1911871E-01, 0.2161050E-01,-0.4610402E-03, 0.3405790E-02, 0.2944750E-02,-0.4150317E-03, 0.1226282E-02, 0.8112501E-03,-0.8703196E-03,-0.2252450E-01,-0.2339482E-01, 0.5301782E+03, 0.6454023E+02,-0.3272365E+02, 0.5042311E+03, 0.2429307E-01, 0.3079971E-01
 0.8505750E+02, 0.2491700E-02, 0.1912555E-01, 0.2161725E-01,-0.4608661E-03, 0.3402241E-02, 0.2941375E-02,-0.4177467E-03, 0.1223372E-02, 0.8056249E-03,-0.8703576E-03,-0.2252779E-01,-0.2339815E-01, 0.5301707E+03, 0.6457365E+02,-0.3293772E+02, 0.5042522E+03, 0.2429831E-01, 0.3080676E-01
 0.8509125E+02, 0.2491572E-02, 0.1913580E-01, 0.2162738E-01,-0.4606095E-03, 0.3396922E-02, 0.2936313E-02,-0.4217880E-03, 0.1218976E-02, 0.7971875E-03,-0.8704127E-03,-0.2253272E-01,-0.2340314E-01, 0.5301592E+03, 0.6462280E+02,-0.3325636E+02, 0.5042841E+03, 0.2430617E-01, 0.3081732E-01
 0.8514187E+02, 0.2491381E-02, 0.1915118E-01, 0.2164256E-01,-0.4602346E-03, 0.3388953E-02, 0.2928719E-02,-0.4277817E-03, 0.1212313E-02, 0.7845313E-03,-0.8704916E-03,-0.2254014E-01,-0.2341063E-01, 0.5301415E+03, 0.6469434E+02,-0.3372895E+02, 0.5043324E+03, 0.2431797E-01, 0.3083318E-01
 0.8521781E+02, 0.2491097E-02, 0.1917425E-01, 0.2166534E-01,-0.4596941E-03, 0.3377022E-02, 0.2917328E-02,-0.4366238E-03, 0.1202171E-02, 0.7655468E-03,-0.8706016E-03,-0.2255127E-01,-0.2342187E-01, 0.5301143E+03, 0.6479683E+02,-0.3442618E+02, 0.5044061E+03, 0.2433568E-01, 0.3085698E-01
 0.8531781E+02, 0.2490726E-02, 0.1920462E-01, 0.2169534E-01,-0.4590185E-03, 0.3361347E-02, 0.2902328E-02,-0.4480208E-03, 0.1188568E-02, 0.7405468E-03,-0.8707326E-03,-0.2256596E-01,-0.2343670E-01, 0.5300768E+03, 0.6492377E+02,-0.3532492E+02, 0.5045052E+03, 0.2435905E-01, 0.3088835E-01
 0.8541781E+02, 0.2490355E-02, 0.1923499E-01, 0.2172534E-01,-0.4583767E-03, 0.3345705E-02, 0.2887328E-02,-0.4591795E-03, 0.1174726E-02, 0.7155469E-03,-0.8708488E-03,-0.2258069E-01,-0.2345154E-01, 0.5300367E+03, 0.6504330E+02,-0.3620475E+02, 0.5046054E+03, 0.2438246E-01, 0.3091976E-01
 0.8551781E+02, 0.2489986E-02, 0.1926536E-01, 0.2175534E-01,-0.4577679E-03, 0.3330096E-02, 0.2872328E-02,-0.4701097E-03, 0.1160657E-02, 0.6905468E-03,-0.8709515E-03,-0.2259545E-01,-0.2346641E-01, 0.5299947E+03, 0.6515549E+02,-0.3706656E+02, 0.5047072E+03, 0.2440590E-01, 0.3095120E-01
 0.8561781E+02, 0.2489619E-02, 0.1929572E-01, 0.2178534E-01,-0.4571915E-03, 0.3314520E-02, 0.2857328E-02,-0.4808205E-03, 0.1146367E-02, 0.6655469E-03,-0.8710411E-03,-0.2261025E-01,-0.2348129E-01, 0.5299509E+03, 0.6526054E+02,-0.3791107E+02, 0.5048106E+03, 0.2442937E-01, 0.3098267E-01
 0.8571781E+02, 0.2489254E-02, 0.1932609E-01, 0.2181534E-01,-0.4566467E-03, 0.3298975E-02, 0.2842328E-02,-0.4913204E-03, 0.1131867E-02, 0.6405468E-03,-0.8711184E-03,-0.2262506E-01,-0.2349618E-01, 0.5299056E+03, 0.6535863E+02,-0.3873895E+02, 0.5049158E+03, 0.2445288E-01, 0.3101417E-01
 0.8581781E+02, 0.2488893E-02, 0.1935645E-01, 0.2184534E-01,-0.4561328E-03, 0.3283461E-02, 0.2827328E-02,-0.5016176E-03, 0.1117165E-02, 0.6155469E-03,-0.8711840E-03,-0.2263991E-01,-0.2351110E-01, 0.5298591E+03, 0.6544999E+02,-0.3955085E+02, 0.5050226E+03, 0.2447642E-01, 0.3104570E-01
 0.8591781E+02, 0.2488536E-02, 0.1938681E-01, 0.2187534E-01,-0.4556492E-03, 0.3267977E-02, 0.2812328E-02,-0.5117197E-03, 0.1102267E-02, 0.5905469E-03,-0.8712382E-03,-0.2265478E-01,-0.2352602E-01, 0.5298113E+03, 0.6553481E+02,-0.4034735E+02, 0.5051311E+03, 0.2450000E-01, 0.3107725E-01
 0.8600000E+02, 0.2488244E-02, 0.1941176E-01, 0.2190000E-01,-0.4552710E-03, 0.3255271E-02, 0.2800000E-02,-0.5198936E-03, 0.1089894E-02, 0.5700000E-03,-0.8712746E-03,-0.2266703E-01,-0.2353830E-01, 0.5297706E+03, 0.6560038E+02,-0.4099172E+02, 0.5052208E+03, 0.2451940E-01, 0.3110321E-01
 0.8601000E+02, 0.2488400E-02, 0.1941600E-01, 0.2190440E-01,-0.4546124E-03, 0.3253112E-02, 0.2798500E-02,-0.5209867E-03, 0.1087787E-02, 0.5668000E-03,-0.8716233E-03,-0.2266911E-01,-0.2354074E-01, 0.5298499E+03, 0.6575942E+02,-0.4107779E+02, 0.5052571E+03, 0.2452270E-01, 0.3110762E-01
 0.8602000E+02, 0.2488555E-02, 0.1942024E-01, 0.2190880E-01,-0.4539560E-03, 0.3250956E-02, 0.2797000E-02,-0.5220770E-03, 0.1085677E-02, 0.5636000E-03,-0.8719711E-03,-0.2267120E-01,-0.2354317E-01, 0.5299291E+03, 0.6591778E+02,-0.4116376E+02, 0.5052936E+03, 0.2452600E-01, 0.3111204E-01
 0.8603500E+02, 0.2488786E-02, 0.1942661E-01, 0.2191540E-01,-0.4529766E-03, 0.3247726E-02, 0.2794750E-02,-0.5237067E-03, 0.1082507E-02, 0.5587999E-03,-0.8724898E-03,-0.2267434E-01,-0.2354683E-01, 0.5300474E+03, 0.6615401E+02,-0.4129226E+02, 0.5053483E+03, 0.2453097E-01, 0.3111867E-01
 0.8605750E+02, 0.2489129E-02, 0.1943617E-01, 0.2192530E-01,-0.4515192E-03, 0.3242894E-02, 0.2791375E-02,-0.5261382E-03, 0.1077738E-02, 0.5516000E-03,-0.8732612E-03,-0.2267907E-01,-0.2355233E-01, 0.5302230E+03, 0.6650548E+02,-0.4148397E+02, 0.5054300E+03, 0.2453843E-01, 0.3112861E-01
 0.8609125E+02, 0.2489634E-02, 0.1945052E-01, 0.2194015E-01,-0.4493589E-03, 0.3235671E-02, 0.2786313E-02,-0.5297568E-03, 0.1070557E-02, 0.5407999E-03,-0.8744037E-03,-0.2268619E-01,-0.2356059E-01, 0.5304829E+03, 0.6702629E+02,-0.4176929E+02, 0.5055515E+03, 0.2454965E-01, 0.3114354E-01
 0.8614187E+02, 0.2490374E-02, 0.1947205E-01, 0.2196243E-01,-0.4461750E-03, 0.3224894E-02, 0.2778719E-02,-0.5351218E-03, 0.1059722E-02, 0.5246000E-03,-0.8760856E-03,-0.2269694E-01,-0.2357303E-01, 0.5308650E+03, 0.6779350E+02,-0.4219236E+02, 0.5057321E+03, 0.2456656E-01, 0.3116597E-01
 0.8621781E+02, 0.2491446E-02, 0.1950439E-01, 0.2199584E-01,-0.4415218E-03, 0.3208850E-02, 0.2767328E-02,-0.5430331E-03, 0.1043333E-02, 0.5003000E-03,-0.8785400E-03,-0.2271324E-01,-0.2359178E-01, 0.5314218E+03, 0.6891396E+02,-0.4281637E+02, 0.5059996E+03, 0.2459205E-01, 0.3119967E-01
 0.8631781E+02, 0.2492794E-02, 0.1954704E-01, 0.2203984E-01,-0.4355960E-03, 0.3187924E-02, 0.2752328E-02,-0.5532251E-03, 0.1021525E-02, 0.4683000E-03,-0.8816563E-03,-0.2273497E-01,-0.2361662E-01, 0.5321249E+03, 0.7034028E+02,-0.4361967E+02, 0.5063426E+03, 0.2462587E-01, 0.3124414E-01
 0.8641781E+02, 0.2494078E-02, 0.1958976E-01, 0.2208384E-01,-0.4298601E-03, 0.3167188E-02, 0.2737328E-02,-0.5631963E-03, 0.9994962E-03, 0.4362999E-03,-0.8846648E-03,-0.2275695E-01,-0.2364161E-01, 0.5328017E+03, 0.7171920E+02,-0.4440586E+02, 0.5066802E+03, 0.2465993E-01, 0.3128871E-01
 0.8651781E+02, 0.2495303E-02, 0.1963254E-01, 0.2212784E-01,-0.4243064E-03, 0.3146634E-02, 0.2722328E-02,-0.5729559E-03, 0.9772560E-03, 0.4043001E-03,-0.8875699E-03,-0.2277917E-01,-0.2366674E-01, 0.5334530E+03, 0.7305310E+02,-0.4517537E+02, 0.5070117E+03, 0.2469421E-01, 0.3133339E-01
 0.8661781E+02, 0.2496474E-02, 0.1967536E-01, 0.2217184E-01,-0.4189277E-03, 0.3126256E-02, 0.2707328E-02,-0.5825128E-03, 0.9548127E-03, 0.3723000E-03,-0.8903772E-03,-0.2280162E-01,-0.2369200E-01, 0.5340804E+03, 0.7434395E+02,-0.4592889E+02, 0.5073378E+03, 0.2472870E-01, 0.3137815E-01
 0.8671781E+02, 0.2497597E-02, 0.1971824E-01, 0.2221584E-01,-0.4137171E-03, 0.3106045E-02, 0.2692328E-02,-0.5918746E-03, 0.9321747E-03, 0.3403000E-03,-0.8930914E-03,-0.2282429E-01,-0.2371738E-01, 0.5346855E+03, 0.7559363E+02,-0.4666704E+02, 0.5076589E+03, 0.2476340E-01, 0.3142300E-01
 0.8681781E+02, 0.2498675E-02, 0.1976116E-01, 0.2225984E-01,-0.4086680E-03, 0.3085996E-02, 0.2677328E-02,-0.6010492E-03, 0.9093491E-03, 0.3083000E-03,-0.8957172E-03,-0.2284716E-01,-0.2374288E-01, 0.5352695E+03, 0.7680390E+02,-0.4739041E+02, 0.5079755E+03, 0.2479829E-01, 0.3146793E-01
 0.8691781E+02, 0.2499711E-02, 0.1980413E-01, 0.2230384E-01,-0.4037741E-03, 0.3066102E-02, 0.2662328E-02,-0.6100433E-03, 0.8863433E-03, 0.2763000E-03,-0.8982588E-03,-0.2287023E-01,-0.2376849E-01, 0.5358337E+03, 0.7797643E+02,-0.4809957E+02, 0.5082877E+03, 0.2483337E-01, 0.3151293E-01
 0.8700000E+02, 0.2500534E-02, 0.1983947E-01, 0.2234000E-01,-0.3998522E-03, 0.3049852E-02, 0.2650000E-02,-0.6173152E-03, 0.8673152E-03, 0.2500000E-03,-0.9002942E-03,-0.2288932E-01,-0.2378961E-01, 0.5362858E+03, 0.7891528E+02,-0.4867335E+02, 0.5085432E+03, 0.2486233E-01, 0.3154998E-01
 0.8701000E+02, 0.2500684E-02, 0.1984292E-01, 0.2234360E-01,-0.3991676E-03, 0.3048268E-02, 0.2649100E-02,-0.6179567E-03, 0.8654566E-03, 0.2475000E-03,-0.9006499E-03,-0.2289118E-01,-0.2379183E-01, 0.5363642E+03, 0.7907989E+02,-0.4872351E+02, 0.5085730E+03, 0.2486516E-01, 0.3155359E-01
 0.8702000E+02, 0.2500833E-02, 0.1984637E-01, 0.2234720E-01,-0.3984846E-03, 0.3046685E-02, 0.2648200E-02,-0.6185969E-03, 0.8635969E-03, 0.2450000E-03,-0.9010063E-03,-0.2289305E-01,-0.2379406E-01, 0.5364438E+03, 0.7924380E+02,-0.4877398E+02, 0.5086044E+03, 0.2486799E-01, 0.3155721E-01
 0.8703500E+02, 0.2501055E-02, 0.1985154E-01, 0.2235260E-01,-0.3974639E-03, 0.3044314E-02, 0.2646850E-02,-0.6195548E-03, 0.8608048E-03, 0.2412500E-03,-0.9015388E-03,-0.2289586E-01,-0.2379740E-01, 0.5365628E+03, 0.7948873E+02,-0.4884951E+02, 0.5086514E+03, 0.2487224E-01, 0.3156264E-01
 0.8705750E+02, 0.2501384E-02, 0.1985932E-01, 0.2236070E-01,-0.3959415E-03, 0.3040767E-02, 0.2644825E-02,-0.6209864E-03, 0.8566114E-03, 0.2356250E-03,-0.9023327E-03,-0.2290008E-01,-0.2380241E-01, 0.5367400E+03, 0.7985400E+02,-0.4896239E+02, 0.5087215E+03, 0.2487863E-01, 0.3157079E-01
 0.8709125E+02, 0.2501873E-02, 0.1987098E-01, 0.2237285E-01,-0.3936767E-03, 0.3035464E-02, 0.2641788E-02,-0.6231220E-03, 0.8503096E-03, 0.2271875E-03,-0.9035127E-03,-0.2290644E-01,-0.2380995E-01, 0.5370031E+03, 0.8039720E+02,-0.4913078E+02, 0.5088261E+03, 0.2488823E-01, 0.3158302E-01
 0.8714187E+02, 0.2502592E-02, 0.1988848E-01, 0.2239108E-01,-0.3903215E-03, 0.3027553E-02, 0.2637231E-02,-0.6262995E-03, 0.8408308E-03, 0.2145313E-03,-0.9052589E-03,-0.2291604E-01,-0.2382129E-01, 0.5373920E+03, 0.8120164E+02,-0.4938134E+02, 0.5089816E+03, 0.2490269E-01, 0.3160138E-01
 0.8721781E+02, 0.2503641E-02, 0.1991477E-01, 0.2241841E-01,-0.3853803E-03, 0.3015777E-02, 0.2630397E-02,-0.6310092E-03, 0.8265560E-03, 0.1955468E-03,-0.9078269E-03,-0.2293055E-01,-0.2383837E-01, 0.5379627E+03, 0.8238563E+02,-0.4975278E+02, 0.5092120E+03, 0.2492448E-01, 0.3162898E-01
 0.8731781E+02, 0.2504974E-02, 0.1994944E-01, 0.2245441E-01,-0.3790257E-03, 0.3000423E-02, 0.2621397E-02,-0.6371154E-03, 0.8076623E-03, 0.1705469E-03,-0.9111224E-03,-0.2294986E-01,-0.2386098E-01, 0.5386932E+03, 0.8390707E+02,-0.5023449E+02, 0.5095107E+03, 0.2495336E-01, 0.3166540E-01
 0.8741781E+02, 0.2506255E-02, 0.1998416E-01, 0.2249041E-01,-0.3728166E-03, 0.2985213E-02, 0.2612397E-02,-0.6431267E-03, 0.7886736E-03, 0.1455469E-03,-0.9143326E-03,-0.2296937E-01,-0.2388370E-01, 0.5394016E+03, 0.8539242E+02,-0.5070846E+02, 0.5098030E+03, 0.2498241E-01, 0.3170189E-01
 0.8751781E+02, 0.2507489E-02, 0.2001892E-01, 0.2252641E-01,-0.3667486E-03, 0.2970146E-02, 0.2603397E-02,-0.6490462E-03, 0.7695930E-03, 0.1205468E-03,-0.9174620E-03,-0.2298907E-01,-0.2390653E-01, 0.5400896E+03, 0.8684277E+02,-0.5117519E+02, 0.5100904E+03, 0.2501163E-01, 0.3173846E-01
 0.8761781E+02, 0.2508678E-02, 0.2005374E-01, 0.2256241E-01,-0.3608174E-03, 0.2955214E-02, 0.2594397E-02,-0.6548767E-03, 0.7504236E-03, 0.9554689E-04,-0.9205136E-03,-0.2300895E-01,-0.2392946E-01, 0.5407584E+03, 0.8825932E+02,-0.5163490E+02, 0.5103732E+03, 0.2504102E-01, 0.3177509E-01
 0.8771781E+02, 0.2509826E-02, 0.2008859E-01, 0.2259841E-01,-0.3550189E-03, 0.2940416E-02, 0.2585397E-02,-0.6606213E-03, 0.7311681E-03, 0.7054687E-04,-0.9234907E-03,-0.2302900E-01,-0.2395249E-01, 0.5414088E+03, 0.8964315E+02,-0.5208784E+02, 0.5106518E+03, 0.2507056E-01, 0.3181180E-01
 0.8781781E+02, 0.2510935E-02, 0.2012348E-01, 0.2263441E-01,-0.3493492E-03, 0.2925746E-02, 0.2576397E-02,-0.6662825E-03, 0.7118294E-03, 0.4554685E-04,-0.9263958E-03,-0.2304922E-01,-0.2397562E-01, 0.5420418E+03, 0.9099535E+02,-0.5253421E+02, 0.5109263E+03, 0.2510026E-01, 0.3184858E-01
 0.8791781E+02, 0.2512007E-02, 0.2015840E-01, 0.2267041E-01,-0.3438044E-03, 0.2911201E-02, 0.2567397E-02,-0.6718631E-03, 0.6924100E-03, 0.2054690E-04,-0.9292318E-03,-0.2306961E-01,-0.2399884E-01, 0.5426581E+03, 0.9231694E+02,-0.5297422E+02, 0.5111972E+03, 0.2513010E-01, 0.3188541E-01
 0.8800000E+02, 0.2512863E-02, 0.2018714E-01, 0.2270000E-01,-0.3393289E-03, 0.2899329E-02, 0.2560000E-02,-0.6763951E-03, 0.6763951E-03, 0.0000000E+00,-0.9315157E-03,-0.2308647E-01,-0.2401798E-01, 0.5431526E+03, 0.9338309E+02,-0.5333135E+02, 0.5114163E+03, 0.2515472E-01, 0.3191573E-01
 0.8801000E+02, 0.2512856E-02, 0.2019014E-01, 0.2270300E-01,-0.3384879E-03, 0.2898088E-02, 0.2559600E-02,-0.6775157E-03, 0.6747157E-03,-0.2800021E-05,-0.9318718E-03,-0.2308823E-01,-0.2402010E-01, 0.5432070E+03, 0.9357208E+02,-0.5341951E+02, 0.5114309E+03, 0.2515730E-01, 0.3191891E-01
 0.8802000E+02, 0.2512847E-02, 0.2019315E-01, 0.2270600E-01,-0.3376486E-03, 0.2896849E-02, 0.2559200E-02,-0.6786330E-03, 0.6730330E-03,-0.5599984E-05,-0.9322280E-03,-0.2309000E-01,-0.2402223E-01, 0.5432618E+03, 0.9376059E+02,-0.5350760E+02, 0.5114461E+03, 0.2515989E-01, 0.3192208E-01
 0.8803500E+02, 0.2512834E-02, 0.2019767E-01, 0.2271050E-01,-0.3363937E-03, 0.2894994E-02, 0.2558600E-02,-0.6803020E-03, 0.6705021E-03,-0.9799958E-05,-0.9327602E-03,-0.2309266E-01,-0.2402542E-01, 0.5433438E+03, 0.9404241E+02,-0.5363920E+02, 0.5114690E+03, 0.2516376E-01, 0.3192685E-01
 0.8805750E+02, 0.2512813E-02, 0.2020444E-01, 0.2271725E-01,-0.3345202E-03, 0.2892220E-02, 0.2557700E-02,-0.6827904E-03, 0.6666904E-03,-0.1610001E-04,-0.9335542E-03,-0.2309666E-01,-0.2403021E-01, 0.5434656E+03, 0.9446306E+02,-0.5383539E+02, 0.5115032E+03, 0.2516958E-01, 0.3193400E-01
 0.8809125E+02, 0.2512779E-02, 0.2021460E-01, 0.2272738E-01,-0.3317296E-03, 0.2888079E-02, 0.2556350E-02,-0.6864889E-03, 0.6609389E-03,-0.2555002E-04,-0.9347353E-03,-0.2310268E-01,-0.2403741E-01, 0.5436465E+03, 0.9508937E+02,-0.5412701E+02, 0.5115542E+03, 0.2517834E-01, 0.3194475E-01
 0.8814187E+02, 0.2512721E-02, 0.2022984E-01, 0.2274256E-01,-0.3275876E-03, 0.2881913E-02, 0.2554325E-02,-0.6919625E-03, 0.6522375E-03,-0.3972504E-04,-0.9364857E-03,-0.2311176E-01,-0.2404824E-01, 0.5439134E+03, 0.9601853E+02,-0.5455860E+02, 0.5116302E+03, 0.2519150E-01, 0.3196089E-01
 0.8821781E+02, 0.2512621E-02, 0.2025272E-01, 0.2276534E-01,-0.3214710E-03, 0.2872759E-02, 0.2551287E-02,-0.7000123E-03, 0.6390248E-03,-0.6098754E-04,-0.9390646E-03,-0.2312548E-01,-0.2406455E-01, 0.5443044E+03, 0.9738967E+02,-0.5519336E+02, 0.5117435E+03, 0.2521134E-01, 0.3198515E-01
 0.8831781E+02, 0.2512466E-02, 0.2028288E-01, 0.2279534E-01,-0.3135775E-03, 0.2860865E-02, 0.2547288E-02,-0.7103461E-03, 0.6213586E-03,-0.8898752E-04,-0.9423821E-03,-0.2314374E-01,-0.2408612E-01, 0.5448037E+03, 0.9915742E+02,-0.5600830E+02, 0.5118913E+03, 0.2523761E-01, 0.3201719E-01
 0.8841781E+02, 0.2512285E-02, 0.2031306E-01, 0.2282534E-01,-0.3058384E-03, 0.2849126E-02, 0.2543288E-02,-0.7204218E-03, 0.6034343E-03,-0.1169875E-03,-0.9456213E-03,-0.2316218E-01,-0.2410781E-01, 0.5452859E+03, 0.1008886E+03,-0.5680274E+02, 0.5120369E+03, 0.2526403E-01, 0.3204934E-01
 0.8851781E+02, 0.2512081E-02, 0.2034326E-01, 0.2285534E-01,-0.2982503E-03, 0.2837538E-02, 0.2539287E-02,-0.7302515E-03, 0.5852641E-03,-0.1449875E-03,-0.9487859E-03,-0.2318080E-01,-0.2412959E-01, 0.5457527E+03, 0.1025842E+03,-0.5757778E+02, 0.5121812E+03, 0.2529059E-01, 0.3208157E-01
 0.8861781E+02, 0.2511856E-02, 0.2037349E-01, 0.2288534E-01,-0.2908094E-03, 0.2826097E-02, 0.2535288E-02,-0.7398469E-03, 0.5668594E-03,-0.1729875E-03,-0.9518786E-03,-0.2319958E-01,-0.2415146E-01, 0.5462051E+03, 0.1042453E+03,-0.5833434E+02, 0.5123246E+03, 0.2531728E-01, 0.3211388E-01
 0.8871781E+02, 0.2511614E-02, 0.2040373E-01, 0.2291534E-01,-0.2835123E-03, 0.2814800E-02, 0.2531288E-02,-0.7492185E-03, 0.5482310E-03,-0.2009875E-03,-0.9549021E-03,-0.2321853E-01,-0.2417343E-01, 0.5466437E+03, 0.1058728E+03,-0.5907327E+02, 0.5124672E+03, 0.2534411E-01, 0.3214628E-01
 0.8881781E+02, 0.2511357E-02, 0.2043399E-01, 0.2294534E-01,-0.2763553E-03, 0.2803643E-02, 0.2527287E-02,-0.7583766E-03, 0.5293891E-03,-0.2289875E-03,-0.9578591E-03,-0.2323763E-01,-0.2419549E-01, 0.5470693E+03, 0.1074677E+03,-0.5979535E+02, 0.5126093E+03, 0.2537106E-01, 0.3217876E-01
 0.8891781E+02, 0.2511086E-02, 0.2046426E-01, 0.2297534E-01,-0.2693351E-03, 0.2792623E-02, 0.2523288E-02,-0.7673305E-03, 0.5103429E-03,-0.2569875E-03,-0.9607518E-03,-0.2325688E-01,-0.2421763E-01, 0.5474828E+03, 0.1090309E+03,-0.6050133E+02, 0.5127513E+03, 0.2539813E-01, 0.3221131E-01
 0.8900000E+02, 0.2510853E-02, 0.2048915E-01, 0.2300000E-01,-0.2636550E-03, 0.2783655E-02, 0.2520000E-02,-0.7745545E-03, 0.4945545E-03,-0.2800000E-03,-0.9630856E-03,-0.2327280E-01,-0.2423589E-01, 0.5478138E+03, 0.1102947E+03,-0.6107077E+02, 0.5128672E+03, 0.2542046E-01, 0.3223812E-01
 0.8901000E+02, 0.2510807E-02, 0.2049219E-01, 0.2300300E-01,-0.2617621E-03, 0.2782562E-02, 0.2520800E-02,-0.7758185E-03, 0.4926185E-03,-0.2832000E-03,-0.9638765E-03,-0.2327476E-01,-0.2423863E-01, 0.5479309E+03, 0.1107181E+03,-0.6117031E+02, 0.5128804E+03, 0.2542319E-01, 0.3224141E-01
 0.8902000E+02, 0.2510759E-02, 0.2049524E-01, 0.2300600E-01,-0.2598729E-03, 0.2781473E-02, 0.2521600E-02,-0.7770773E-03, 0.4906774E-03,-0.2864000E-03,-0.9646656E-03,-0.2327671E-01,-0.2424138E-01, 0.5480478E+03, 0.1111404E+03,-0.6126956E+02, 0.5128939E+03, 0.2542594E-01, 0.3224469E-01
 0.8903500E+02, 0.2510683E-02, 0.2049982E-01, 0.2301050E-01,-0.2570479E-03, 0.2779848E-02, 0.2522800E-02,-0.7789547E-03, 0.4877546E-03,-0.2912000E-03,-0.9658437E-03,-0.2327967E-01,-0.2424551E-01, 0.5482216E+03, 0.1117717E+03,-0.6141758E+02, 0.5129137E+03, 0.2543006E-01, 0.3224963E-01
 0.8905750E+02, 0.2510561E-02, 0.2050669E-01, 0.2301725E-01,-0.2528300E-03, 0.2777430E-02, 0.2524600E-02,-0.7817463E-03, 0.4833463E-03,-0.2984000E-03,-0.9675990E-03,-0.2328412E-01,-0.2425172E-01, 0.5484791E+03, 0.1127136E+03,-0.6163770E+02, 0.5129427E+03, 0.2543627E-01, 0.3225705E-01
 0.8909125E+02, 0.2510359E-02, 0.2051702E-01, 0.2302738E-01,-0.2465472E-03, 0.2773847E-02, 0.2527300E-02,-0.7858804E-03, 0.4766804E-03,-0.3092000E-03,-0.9702052E-03,-0.2329086E-01,-0.2426107E-01, 0.5488582E+03, 0.1141153E+03,-0.6196365E+02, 0.5129844E+03, 0.2544563E-01, 0.3226822E-01
 0.8914187E+02, 0.2510018E-02, 0.2053254E-01, 0.2304256E-01,-0.2372210E-03, 0.2768571E-02, 0.2531350E-02,-0.7919646E-03, 0.4665646E-03,-0.3254000E-03,-0.9740558E-03,-0.2330112E-01,-0.2427517E-01, 0.5494117E+03, 0.1161932E+03,-0.6244338E+02, 0.5130436E+03, 0.2545979E-01, 0.3228506E-01
 0.8921781E+02, 0.2509425E-02, 0.2055592E-01, 0.2306534E-01,-0.2234492E-03, 0.2760874E-02, 0.2537425E-02,-0.8008391E-03, 0.4511391E-03,-0.3497000E-03,-0.9797044E-03,-0.2331679E-01,-0.2429650E-01, 0.5502091E+03, 0.1192556E+03,-0.6314319E+02, 0.5131254E+03, 0.2548127E-01, 0.3231049E-01
 0.8931781E+02, 0.2508509E-02, 0.2058684E-01, 0.2309534E-01,-0.2056807E-03, 0.2751106E-02, 0.2545425E-02,-0.8121067E-03, 0.4304067E-03,-0.3817000E-03,-0.9869279E-03,-0.2333794E-01,-0.2432487E-01, 0.5512042E+03, 0.1231965E+03,-0.6403181E+02, 0.5132224E+03, 0.2550998E-01, 0.3234429E-01
 0.8941781E+02, 0.2507449E-02, 0.2061789E-01, 0.2312534E-01,-0.1882674E-03, 0.2741692E-02, 0.2553425E-02,-0.8229626E-03, 0.4092625E-03,-0.4137000E-03,-0.9939367E-03,-0.2335959E-01,-0.2435352E-01, 0.5521423E+03, 0.1270477E+03,-0.6488776E+02, 0.5133080E+03, 0.2553910E-01, 0.3237840E-01
 0.8951781E+02, 0.2506263E-02, 0.2064908E-01, 0.2315534E-01,-0.1712050E-03, 0.2732630E-02, 0.2561425E-02,-0.8334306E-03, 0.3877306E-03,-0.4457000E-03,-0.1000741E-02,-0.2338171E-01,-0.2438245E-01, 0.5530283E+03, 0.1308112E+03,-0.6571314E+02, 0.5133851E+03, 0.2556862E-01, 0.3241281E-01
 0.8961781E+02, 0.2504966E-02, 0.2068038E-01, 0.2318534E-01,-0.1544889E-03, 0.2723914E-02, 0.2569425E-02,-0.8435334E-03, 0.3658333E-03,-0.4777000E-03,-0.1007349E-02,-0.2340429E-01,-0.2441164E-01, 0.5538660E+03, 0.1344894E+03,-0.6650971E+02, 0.5134554E+03, 0.2559851E-01, 0.3244750E-01
 0.8971781E+02, 0.2503573E-02, 0.2071177E-01, 0.2321534E-01,-0.1381133E-03, 0.2715538E-02, 0.2577425E-02,-0.8532918E-03, 0.3435918E-03,-0.5097000E-03,-0.1013770E-02,-0.2342731E-01,-0.2444108E-01, 0.5546588E+03, 0.1380842E+03,-0.6727914E+02, 0.5135206E+03, 0.2562875E-01, 0.3248246E-01
 0.8981781E+02, 0.2502095E-02, 0.2074325E-01, 0.2324534E-01,-0.1220724E-03, 0.2707497E-02, 0.2585425E-02,-0.8627255E-03, 0.3210255E-03,-0.5417000E-03,-0.1020012E-02,-0.2345075E-01,-0.2447076E-01, 0.5554099E+03, 0.1415980E+03,-0.6802296E+02, 0.5135821E+03, 0.2565933E-01, 0.3251766E-01
 0.8991781E+02, 0.2500544E-02, 0.2077480E-01, 0.2327534E-01,-0.1063598E-03, 0.2699785E-02, 0.2593425E-02,-0.8718529E-03, 0.2981528E-03,-0.5737000E-03,-0.1026081E-02,-0.2347459E-01,-0.2450067E-01, 0.5561224E+03, 0.1450328E+03,-0.6874263E+02, 0.5136412E+03, 0.2569023E-01, 0.3255311E-01
 0.9000000E+02, 0.2499215E-02, 0.2080078E-01, 0.2330000E-01,-0.9366249E-04, 0.2693662E-02, 0.2600000E-02,-0.8791498E-03, 0.2791498E-03,-0.6000000E-03,-0.1030952E-02,-0.2349445E-01,-0.2452540E-01, 0.5566807E+03, 0.1478033E+03,-0.6931776E+02, 0.5136874E+03, 0.2571584E-01, 0.3258241E-01
 0.9001000E+02, 0.2499037E-02, 0.2080396E-01, 0.2330300E-01,-0.9191765E-04, 0.2692918E-02, 0.2601000E-02,-0.8800229E-03, 0.2768229E-03,-0.6032000E-03,-0.1031623E-02,-0.2349688E-01,-0.2452850E-01, 0.5567579E+03, 0.1481842E+03,-0.6938642E+02, 0.5136911E+03, 0.2571897E-01, 0.3258600E-01
 0.9002000E+02, 0.2498858E-02, 0.2080714E-01, 0.2330600E-01,-0.9017660E-04, 0.2692176E-02, 0.2602000E-02,-0.8808927E-03, 0.2744927E-03,-0.6064000E-03,-0.1032292E-02,-0.2349932E-01,-0.2453161E-01, 0.5568351E+03, 0.1485643E+03,-0.6945499E+02, 0.5136953E+03, 0.2572211E-01, 0.3258959E-01
 0.9003500E+02, 0.2498588E-02, 0.2081191E-01, 0.2331050E-01,-0.8757372E-04, 0.2691074E-02, 0.2603500E-02,-0.8821907E-03, 0.2709907E-03,-0.6112000E-03,-0.1033292E-02,-0.2350299E-01,-0.2453628E-01, 0.5569502E+03, 0.1491324E+03,-0.6955734E+02, 0.5137016E+03, 0.2572683E-01, 0.3259498E-01
 0.9005750E+02, 0.2498179E-02, 0.2081907E-01, 0.2331725E-01,-0.8368881E-04, 0.2689439E-02, 0.2605750E-02,-0.8841228E-03, 0.2657228E-03,-0.6184000E-03,-0.1034782E-02,-0.2350851E-01,-0.2454329E-01, 0.5571208E+03, 0.1499800E+03,-0.6970969E+02, 0.5137109E+03, 0.2573392E-01, 0.3260307E-01
 0.9009125E+02, 0.2497561E-02, 0.2082981E-01, 0.2332737E-01,-0.7790464E-04, 0.2687030E-02, 0.2609125E-02,-0.8869883E-03, 0.2577883E-03,-0.6292000E-03,-0.1036996E-02,-0.2351684E-01,-0.2455384E-01, 0.5573724E+03, 0.1512413E+03,-0.6993562E+02, 0.5137248E+03, 0.2574460E-01, 0.3261524E-01
 0.9014187E+02, 0.2496620E-02, 0.2084594E-01, 0.2334256E-01,-0.6932412E-04, 0.2683512E-02, 0.2614188E-02,-0.8912152E-03, 0.2458152E-03,-0.6454000E-03,-0.1040270E-02,-0.2352945E-01,-0.2456972E-01, 0.5577405E+03, 0.1531107E+03,-0.7026892E+02, 0.5137455E+03, 0.2576069E-01, 0.3263355E-01
 0.9021781E+02, 0.2495184E-02, 0.2087016E-01, 0.2336534E-01,-0.5666383E-04, 0.2678445E-02, 0.2621781E-02,-0.8974022E-03, 0.2277022E-03,-0.6697000E-03,-0.1045081E-02,-0.2354860E-01,-0.2459369E-01, 0.5582728E+03, 0.1558657E+03,-0.7075686E+02, 0.5137768E+03, 0.2578501E-01, 0.3266116E-01
 0.9031781E+02, 0.2493246E-02, 0.2090210E-01, 0.2339534E-01,-0.4034521E-04, 0.2672127E-02, 0.2631781E-02,-0.9052937E-03, 0.2035937E-03,-0.7017000E-03,-0.1051246E-02,-0.2357422E-01,-0.2462547E-01, 0.5589401E+03, 0.1594112E+03,-0.7137935E+02, 0.5138187E+03, 0.2581734E-01, 0.3269774E-01
 0.9041781E+02, 0.2491255E-02, 0.2093409E-01, 0.2342534E-01,-0.2436845E-04, 0.2666150E-02, 0.2641781E-02,-0.9129315E-03, 0.1792315E-03,-0.7337000E-03,-0.1057239E-02,-0.2360024E-01,-0.2465748E-01, 0.5595712E+03, 0.1628758E+03,-0.7198157E+02, 0.5138598E+03, 0.2584997E-01, 0.3273455E-01
 0.9051781E+02, 0.2489218E-02, 0.2096613E-01, 0.2345534E-01,-0.8725733E-05, 0.2660507E-02, 0.2651781E-02,-0.9203300E-03, 0.1546300E-03,-0.7657000E-03,-0.1063070E-02,-0.2362663E-01,-0.2468970E-01, 0.5601694E+03, 0.1662620E+03,-0.7256493E+02, 0.5139017E+03, 0.2588290E-01, 0.3277158E-01
 0.9061781E+02, 0.2487142E-02, 0.2099820E-01, 0.2348534E-01, 0.6590811E-05, 0.2655190E-02, 0.2661781E-02,-0.9275028E-03, 0.1298028E-03,-0.7977000E-03,-0.1068745E-02,-0.2365339E-01,-0.2472214E-01, 0.5607370E+03, 0.1695722E+03,-0.7313048E+02, 0.5139450E+03, 0.2591609E-01, 0.3280883E-01
 0.9071781E+02, 0.2485035E-02, 0.2103031E-01, 0.2351534E-01, 0.2158902E-04, 0.2650192E-02, 0.2671781E-02,-0.9344625E-03, 0.1047625E-03,-0.8297000E-03,-0.1074270E-02,-0.2368050E-01,-0.2475477E-01, 0.5612759E+03, 0.1728085E+03,-0.7367923E+02, 0.5139903E+03, 0.2594955E-01, 0.3284629E-01
 0.9081781E+02, 0.2482901E-02, 0.2106244E-01, 0.2354534E-01, 0.3627667E-04, 0.2645505E-02, 0.2681781E-02,-0.9412208E-03, 0.7952076E-04,-0.8617000E-03,-0.1079650E-02,-0.2370795E-01,-0.2478760E-01, 0.5617880E+03, 0.1759731E+03,-0.7421210E+02, 0.5140379E+03, 0.2598326E-01, 0.3288394E-01
 0.9091781E+02, 0.2480747E-02, 0.2109460E-01, 0.2357534E-01, 0.5066148E-04, 0.2641120E-02, 0.2691781E-02,-0.9477885E-03, 0.5408853E-04,-0.8937000E-03,-0.1084892E-02,-0.2373572E-01,-0.2482061E-01, 0.5622749E+03, 0.1790681E+03,-0.7472995E+02, 0.5140882E+03, 0.2601722E-01, 0.3292178E-01
 0.9100000E+02, 0.2478959E-02, 0.2112104E-01, 0.2360000E-01, 0.6228394E-04, 0.2637716E-02, 0.2700000E-02,-0.9530578E-03, 0.3305781E-04,-0.9200000E-03,-0.1089105E-02,-0.2375876E-01,-0.2484786E-01, 0.5626568E+03, 0.1815653E+03,-0.7514517E+02, 0.5141304E+03, 0.2604528E-01, 0.3295301E-01
 0.9101000E+02, 0.2478739E-02, 0.2112396E-01, 0.2360270E-01, 0.6415552E-04, 0.2637344E-02, 0.2701500E-02,-0.9533351E-03, 0.3073509E-04,-0.9226000E-03,-0.1089812E-02,-0.2376131E-01,-0.2485112E-01, 0.5627331E+03, 0.1819718E+03,-0.7516680E+02, 0.5141312E+03, 0.2604838E-01, 0.3295646E-01
 0.9102000E+02, 0.2478519E-02, 0.2112688E-01, 0.2360540E-01, 0.6602305E-04, 0.2636977E-02, 0.2703000E-02,-0.9536108E-03, 0.2841082E-04,-0.9252000E-03,-0.1090518E-02,-0.2376386E-01,-0.2485438E-01, 0.5628096E+03, 0.1823776E+03,-0.7518855E+02, 0.5141326E+03, 0.2605149E-01, 0.3295991E-01
 0.9103500E+02, 0.2478186E-02, 0.2113126E-01, 0.2360945E-01, 0.6881512E-04, 0.2636435E-02, 0.2705250E-02,-0.9540216E-03, 0.2492167E-04,-0.9291000E-03,-0.1091572E-02,-0.2376770E-01,-0.2485927E-01, 0.5629232E+03, 0.1829841E+03,-0.7522094E+02, 0.5141345E+03, 0.2605616E-01, 0.3296510E-01
 0.9105750E+02, 0.2477683E-02, 0.2113784E-01, 0.2361553E-01, 0.7298261E-04, 0.2635642E-02, 0.2708625E-02,-0.9546319E-03, 0.1968189E-04,-0.9349500E-03,-0.1093142E-02,-0.2377348E-01,-0.2486663E-01, 0.5630916E+03, 0.1838889E+03,-0.7526905E+02, 0.5141374E+03, 0.2606318E-01, 0.3297289E-01
 0.9109125E+02, 0.2476921E-02, 0.2114772E-01, 0.2362464E-01, 0.7918795E-04, 0.2634499E-02, 0.2713687E-02,-0.9555340E-03, 0.1180901E-04,-0.9437250E-03,-0.1095475E-02,-0.2378222E-01,-0.2487769E-01, 0.5633395E+03, 0.1852354E+03,-0.7534019E+02, 0.5141416E+03, 0.2607375E-01, 0.3298461E-01
 0.9114187E+02, 0.2475763E-02, 0.2116254E-01, 0.2363831E-01, 0.8839423E-04, 0.2632887E-02, 0.2721281E-02,-0.9568587E-03,-0.2878453E-07,-0.9568875E-03,-0.1098925E-02,-0.2379543E-01,-0.2489435E-01, 0.5637009E+03, 0.1872311E+03,-0.7544466E+02, 0.5141474E+03, 0.2608969E-01, 0.3300225E-01
 0.9121781E+02, 0.2473996E-02, 0.2118481E-01, 0.2365881E-01, 0.1019799E-03, 0.2630692E-02, 0.2732672E-02,-0.9587858E-03,-0.1784546E-04,-0.9766312E-03,-0.1103990E-02,-0.2381551E-01,-0.2491950E-01, 0.5642211E+03, 0.1901722E+03,-0.7559669E+02, 0.5141559E+03, 0.2611379E-01, 0.3302887E-01
 0.9131781E+02, 0.2471613E-02, 0.2121420E-01, 0.2368581E-01, 0.1194941E-03, 0.2628178E-02, 0.2747672E-02,-0.9612225E-03,-0.4140878E-04,-0.1002631E-02,-0.1110477E-02,-0.2384237E-01,-0.2495285E-01, 0.5648687E+03, 0.1939570E+03,-0.7578904E+02, 0.5141670E+03, 0.2614586E-01, 0.3306417E-01
 0.9141781E+02, 0.2469168E-02, 0.2124364E-01, 0.2371281E-01, 0.1366423E-03, 0.2626030E-02, 0.2762672E-02,-0.9635534E-03,-0.6507788E-04,-0.1028631E-02,-0.1116778E-02,-0.2386967E-01,-0.2498645E-01, 0.5654768E+03, 0.1976548E+03,-0.7597282E+02, 0.5141769E+03, 0.2617826E-01, 0.3309973E-01
 0.9151781E+02, 0.2466670E-02, 0.2127314E-01, 0.2373981E-01, 0.1534330E-03, 0.2624239E-02, 0.2777672E-02,-0.9657879E-03,-0.8884340E-04,-0.1054631E-02,-0.1122903E-02,-0.2389738E-01,-0.2502028E-01, 0.5660488E+03, 0.2012685E+03,-0.7614901E+02, 0.5141872E+03, 0.2621096E-01, 0.3313554E-01
 0.9161781E+02, 0.2464127E-02, 0.2130268E-01, 0.2376681E-01, 0.1698748E-03, 0.2622797E-02, 0.2792672E-02,-0.9679345E-03,-0.1126968E-03,-0.1080631E-02,-0.1128860E-02,-0.2392548E-01,-0.2505434E-01, 0.5665870E+03, 0.2048006E+03,-0.7631827E+02, 0.5141986E+03, 0.2624396E-01, 0.3317159E-01
 0.9171781E+02, 0.2461546E-02, 0.2133226E-01, 0.2379381E-01, 0.1859764E-03, 0.2621695E-02, 0.2807672E-02,-0.9700010E-03,-0.1366302E-03,-0.1106631E-02,-0.1134655E-02,-0.2395396E-01,-0.2508861E-01, 0.5670939E+03, 0.2082535E+03,-0.7648121E+02, 0.5142119E+03, 0.2627724E-01, 0.3320786E-01
 0.9181781E+02, 0.2458935E-02, 0.2136187E-01, 0.2382081E-01, 0.2017462E-03, 0.2620926E-02, 0.2822672E-02,-0.9719947E-03,-0.1606366E-03,-0.1132631E-02,-0.1140294E-02,-0.2398280E-01,-0.2512309E-01, 0.5675715E+03, 0.2116296E+03,-0.7663840E+02, 0.5142275E+03, 0.2631079E-01, 0.3324435E-01
 0.9191781E+02, 0.2456299E-02, 0.2139151E-01, 0.2384781E-01, 0.2171928E-03, 0.2620479E-02, 0.2837672E-02,-0.9739217E-03,-0.1847096E-03,-0.1158631E-02,-0.1145785E-02,-0.2401199E-01,-0.2515777E-01, 0.5680217E+03, 0.2149312E+03,-0.7679034E+02, 0.5142458E+03, 0.2634459E-01, 0.3328105E-01
 0.9200000E+02, 0.2454113E-02, 0.2141589E-01, 0.2387000E-01, 0.2296736E-03, 0.2620326E-02, 0.2850000E-02,-0.9754579E-03,-0.2045421E-03,-0.1180000E-02,-0.1150195E-02,-0.2403621E-01,-0.2518641E-01, 0.5683721E+03, 0.2175948E+03,-0.7691128E+02, 0.5142621E+03, 0.2637255E-01, 0.3331136E-01
 0.9201000E+02, 0.2453688E-02, 0.2141761E-01, 0.2387130E-01, 0.2311820E-03, 0.2620318E-02, 0.2851500E-02,-0.9758534E-03,-0.2059466E-03,-0.1181800E-02,-0.1150662E-02,-0.2403793E-01,-0.2518859E-01, 0.5683792E+03, 0.2179063E+03,-0.7694273E+02, 0.5142424E+03, 0.2637453E-01, 0.3331350E-01
 0.9202000E+02, 0.2453263E-02, 0.2141934E-01, 0.2387260E-01, 0.2326881E-03, 0.2620312E-02, 0.2853000E-02,-0.9762472E-03,-0.2073528E-03,-0.1183600E-02,-0.1151125E-02,-0.2403965E-01,-0.2519077E-01, 0.5683853E+03, 0.2182169E+03,-0.7697377E+02, 0.5142218E+03, 0.2637651E-01, 0.3331565E-01
 0.9203500E+02, 0.2452626E-02, 0.2142192E-01, 0.2387455E-01, 0.2349419E-03, 0.2620308E-02, 0.2855250E-02,-0.9768343E-03,-0.2094657E-03,-0.1186300E-02,-0.1151815E-02,-0.2404223E-01,-0.2519405E-01, 0.5683925E+03, 0.2186808E+03,-0.7701963E+02, 0.5141895E+03, 0.2637948E-01, 0.3331888E-01
 0.9205750E+02, 0.2451669E-02, 0.2142581E-01, 0.2387747E-01, 0.2383106E-03, 0.2620314E-02, 0.2858625E-02,-0.9777073E-03,-0.2126426E-03,-0.1190350E-02,-0.1152848E-02,-0.2404612E-01,-0.2519897E-01, 0.5684046E+03, 0.2193751E+03,-0.7708846E+02, 0.5141433E+03, 0.2638396E-01, 0.3332372E-01
 0.9209125E+02, 0.2450232E-02, 0.2143163E-01, 0.2388186E-01, 0.2433372E-03, 0.2620350E-02, 0.2863688E-02,-0.9789998E-03,-0.2174252E-03,-0.1196425E-02,-0.1154387E-02,-0.2405198E-01,-0.2520637E-01, 0.5684207E+03, 0.2204103E+03,-0.7719037E+02, 0.5140740E+03, 0.2639068E-01, 0.3333101E-01
 0.9214187E+02, 0.2448075E-02, 0.2144037E-01, 0.2388844E-01, 0.2508177E-03, 0.2620463E-02, 0.2871281E-02,-0.9809009E-03,-0.2246365E-03,-0.1205537E-02,-0.1156669E-02,-0.2406083E-01,-0.2521750E-01, 0.5684404E+03, 0.2219497E+03,-0.7734027E+02, 0.5139703E+03, 0.2640082E-01, 0.3334199E-01
 0.9221781E+02, 0.2444837E-02, 0.2145348E-01, 0.2389831E-01, 0.2619067E-03, 0.2620765E-02, 0.2882672E-02,-0.9836716E-03,-0.2355346E-03,-0.1219206E-02,-0.1160033E-02,-0.2407424E-01,-0.2523428E-01, 0.5684604E+03, 0.2242290E+03,-0.7755874E+02, 0.5138158E+03, 0.2641612E-01, 0.3335854E-01
 0.9231781E+02, 0.2440567E-02, 0.2147075E-01, 0.2391132E-01, 0.2762852E-03, 0.2621387E-02, 0.2897672E-02,-0.9871823E-03,-0.2500239E-03,-0.1237206E-02,-0.1164366E-02,-0.2409214E-01,-0.2525650E-01, 0.5684702E+03, 0.2271796E+03,-0.7783558E+02, 0.5136139E+03, 0.2643643E-01, 0.3338051E-01
 0.9241781E+02, 0.2436283E-02, 0.2148803E-01, 0.2392432E-01, 0.2904422E-03, 0.2622230E-02, 0.2912672E-02,-0.9905521E-03,-0.2646542E-03,-0.1255206E-02,-0.1168597E-02,-0.2411026E-01,-0.2527886E-01, 0.5684618E+03, 0.2300792E+03,-0.7810127E+02, 0.5134135E+03, 0.2645690E-01, 0.3340265E-01
 0.9251781E+02, 0.2431989E-02, 0.2150533E-01, 0.2393731E-01, 0.3043811E-03, 0.2623291E-02, 0.2927672E-02,-0.9937887E-03,-0.2794176E-03,-0.1273206E-02,-0.1172730E-02,-0.2412862E-01,-0.2530135E-01, 0.5684366E+03, 0.2329291E+03,-0.7835647E+02, 0.5132153E+03, 0.2647754E-01, 0.3342495E-01
 0.9261781E+02, 0.2427691E-02, 0.2152262E-01, 0.2395032E-01, 0.3181053E-03, 0.2624567E-02, 0.2942672E-02,-0.9968993E-03,-0.2943069E-03,-0.1291206E-02,-0.1176770E-02,-0.2414719E-01,-0.2532396E-01, 0.5683958E+03, 0.2357304E+03,-0.7860173E+02, 0.5130196E+03, 0.2649833E-01, 0.3344741E-01
 0.9271781E+02, 0.2423392E-02, 0.2153992E-01, 0.2396331E-01, 0.3316184E-03, 0.2626054E-02, 0.2957672E-02,-0.9998911E-03,-0.3093152E-03,-0.1309206E-02,-0.1180719E-02,-0.2416598E-01,-0.2534670E-01, 0.5683408E+03, 0.2384840E+03,-0.7883762E+02, 0.5128272E+03, 0.2651926E-01, 0.3347002E-01
 0.9281781E+02, 0.2419097E-02, 0.2155722E-01, 0.2397632E-01, 0.3449240E-03, 0.2627748E-02, 0.2972672E-02,-0.1002770E-02,-0.3244359E-03,-0.1327206E-02,-0.1184581E-02,-0.2418497E-01,-0.2536955E-01, 0.5682724E+03, 0.2411912E+03,-0.7906464E+02, 0.5126383E+03, 0.2654033E-01, 0.3349278E-01
 0.9291781E+02, 0.2414809E-02, 0.2157451E-01, 0.2398932E-01, 0.3580258E-03, 0.2629646E-02, 0.2987672E-02,-0.1005543E-02,-0.3396628E-03,-0.1345206E-02,-0.1188358E-02,-0.2420415E-01,-0.2539251E-01, 0.5681918E+03, 0.2438529E+03,-0.7928329E+02, 0.5124534E+03, 0.2656154E-01, 0.3351568E-01
 0.9300000E+02, 0.2411285E-02, 0.2158871E-01, 0.2400000E-01, 0.3686574E-03, 0.2631343E-02, 0.3000000E-02,-0.1007749E-02,-0.3522508E-03,-0.1360000E-02,-0.1191404E-02,-0.2422006E-01,-0.2541146E-01, 0.5681165E+03, 0.2460097E+03,-0.7945718E+02, 0.5123039E+03, 0.2657906E-01, 0.3353460E-01
 0.9301000E+02, 0.2410751E-02, 0.2159105E-01, 0.2400180E-01, 0.3703750E-03, 0.2631625E-02, 0.3002000E-02,-0.1007980E-02,-0.3543204E-03,-0.1362300E-02,-0.1191911E-02,-0.2422267E-01,-0.2541459E-01, 0.5681121E+03, 0.2463605E+03,-0.7947532E+02, 0.5122826E+03, 0.2658194E-01, 0.3353771E-01
 0.9302000E+02, 0.2410217E-02, 0.2159338E-01, 0.2400360E-01, 0.3720891E-03, 0.2631911E-02, 0.3004000E-02,-0.1008209E-02,-0.3563913E-03,-0.1364600E-02,-0.1192417E-02,-0.2422529E-01,-0.2541771E-01, 0.5681076E+03, 0.2467106E+03,-0.7949338E+02, 0.5122615E+03, 0.2658483E-01, 0.3354082E-01
 0.9303500E+02, 0.2409416E-02, 0.2159688E-01, 0.2400630E-01, 0.3746523E-03, 0.2632348E-02, 0.3007000E-02,-0.1008550E-02,-0.3595003E-03,-0.1368050E-02,-0.1193172E-02,-0.2422923E-01,-0.2542240E-01, 0.5681005E+03, 0.2472339E+03,-0.7952026E+02, 0.5122299E+03, 0.2658916E-01, 0.3354550E-01
 0.9305750E+02, 0.2408218E-02, 0.2160213E-01, 0.2401035E-01, 0.3784794E-03, 0.2633021E-02, 0.3011500E-02,-0.1009056E-02,-0.3641692E-03,-0.1373225E-02,-0.1194299E-02,-0.2423515E-01,-0.2542945E-01, 0.5680892E+03, 0.2480150E+03,-0.7956017E+02, 0.5121831E+03, 0.2659566E-01, 0.3355252E-01
 0.9309125E+02, 0.2406424E-02, 0.2161000E-01, 0.2401643E-01, 0.3841805E-03, 0.2634069E-02, 0.3018250E-02,-0.1009803E-02,-0.3711846E-03,-0.1380987E-02,-0.1195973E-02,-0.2424407E-01,-0.2544004E-01, 0.5680704E+03, 0.2491781E+03,-0.7961908E+02, 0.5121138E+03, 0.2660544E-01, 0.3356308E-01
 0.9314187E+02, 0.2403744E-02, 0.2162179E-01, 0.2402554E-01, 0.3926449E-03, 0.2635730E-02, 0.3028375E-02,-0.1010897E-02,-0.3817338E-03,-0.1392631E-02,-0.1198452E-02,-0.2425752E-01,-0.2545598E-01, 0.5680387E+03, 0.2509038E+03,-0.7970539E+02, 0.5120122E+03, 0.2662016E-01, 0.3357896E-01
 0.9321781E+02, 0.2399748E-02, 0.2163946E-01, 0.2403921E-01, 0.4051493E-03, 0.2638413E-02, 0.3043562E-02,-0.1012484E-02,-0.3976131E-03,-0.1410097E-02,-0.1202099E-02,-0.2427787E-01,-0.2547997E-01, 0.5679836E+03, 0.2534508E+03,-0.7983052E+02, 0.5118648E+03, 0.2664234E-01, 0.3360290E-01
 0.9331781E+02, 0.2394523E-02, 0.2166268E-01, 0.2405721E-01, 0.4212920E-03, 0.2642270E-02, 0.3063562E-02,-0.1014479E-02,-0.4186174E-03,-0.1433097E-02,-0.1206779E-02,-0.2430495E-01,-0.2551173E-01, 0.5678981E+03, 0.2567345E+03,-0.7998800E+02, 0.5116796E+03, 0.2667173E-01, 0.3363461E-01
 0.9341781E+02, 0.2389328E-02, 0.2168588E-01, 0.2407521E-01, 0.4371168E-03, 0.2646446E-02, 0.3083563E-02,-0.1016378E-02,-0.4397191E-03,-0.1456097E-02,-0.1211335E-02,-0.2433232E-01,-0.2554366E-01, 0.5677971E+03, 0.2599483E+03,-0.8013768E+02, 0.5115026E+03, 0.2670131E-01, 0.3366651E-01
 0.9351781E+02, 0.2384164E-02, 0.2170904E-01, 0.2409321E-01, 0.4526320E-03, 0.2650931E-02, 0.3103563E-02,-0.1018187E-02,-0.4609103E-03,-0.1479097E-02,-0.1215771E-02,-0.2435997E-01,-0.2557574E-01, 0.5676825E+03, 0.2630945E+03,-0.8028030E+02, 0.5113343E+03, 0.2673106E-01, 0.3369861E-01
 0.9361781E+02, 0.2379037E-02, 0.2173217E-01, 0.2411121E-01, 0.4678456E-03, 0.2655717E-02, 0.3123562E-02,-0.1019913E-02,-0.4821837E-03,-0.1502097E-02,-0.1220094E-02,-0.2438789E-01,-0.2560798E-01, 0.5675556E+03, 0.2661753E+03,-0.8041644E+02, 0.5111749E+03, 0.2676098E-01, 0.3373090E-01
 0.9371781E+02, 0.2373948E-02, 0.2175526E-01, 0.2412921E-01, 0.4827654E-03, 0.2660797E-02, 0.3143562E-02,-0.1021564E-02,-0.5035328E-03,-0.1525097E-02,-0.1224307E-02,-0.2441606E-01,-0.2564036E-01, 0.5674175E+03, 0.2691924E+03,-0.8054661E+02, 0.5110245E+03, 0.2679106E-01, 0.3376336E-01
 0.9381781E+02, 0.2368900E-02, 0.2177831E-01, 0.2414721E-01, 0.4973994E-03, 0.2666163E-02, 0.3163563E-02,-0.1023146E-02,-0.5249514E-03,-0.1548097E-02,-0.1228416E-02,-0.2444447E-01,-0.2567288E-01, 0.5672694E+03, 0.2721479E+03,-0.8067130E+02, 0.5108830E+03, 0.2682130E-01, 0.3379598E-01
 0.9391781E+02, 0.2363896E-02, 0.2180131E-01, 0.2416521E-01, 0.5117548E-03, 0.2671808E-02, 0.3183563E-02,-0.1024663E-02,-0.5464337E-03,-0.1571097E-02,-0.1232423E-02,-0.2447312E-01,-0.2570554E-01, 0.5671121E+03, 0.2750436E+03,-0.8079095E+02, 0.5107505E+03, 0.2685167E-01, 0.3382877E-01
 0.9400000E+02, 0.2359807E-02, 0.2182019E-01, 0.2418000E-01, 0.5233674E-03, 0.2676633E-02, 0.3200000E-02,-0.1025865E-02,-0.5641350E-03,-0.1590000E-02,-0.1235647E-02,-0.2449683E-01,-0.2573247E-01, 0.5669756E+03, 0.2773831E+03,-0.8088561E+02, 0.5106473E+03, 0.2687674E-01, 0.3385583E-01
 0.9401000E+02, 0.2359306E-02, 0.2182209E-01, 0.2418140E-01, 0.5248787E-03, 0.2677121E-02, 0.3202000E-02,-0.1025683E-02,-0.5659169E-03,-0.1591600E-02,-0.1236084E-02,-0.2449922E-01,-0.2573530E-01, 0.5669666E+03, 0.2776910E+03,-0.8087183E+02, 0.5106297E+03, 0.2687927E-01, 0.3385856E-01
 0.9402000E+02, 0.2358806E-02, 0.2182399E-01, 0.2418280E-01, 0.5263872E-03, 0.2677613E-02, 0.3204000E-02,-0.1025501E-02,-0.5676990E-03,-0.1593200E-02,-0.1236516E-02,-0.2450161E-01,-0.2573812E-01, 0.5669558E+03, 0.2779970E+03,-0.8085748E+02, 0.5106104E+03, 0.2688179E-01, 0.3386129E-01
 0.9403500E+02, 0.2358056E-02, 0.2182684E-01, 0.2418490E-01, 0.5286435E-03, 0.2678356E-02, 0.3207000E-02,-0.1025228E-02,-0.5703719E-03,-0.1595600E-02,-0.1237157E-02,-0.2450520E-01,-0.2574236E-01, 0.5669373E+03, 0.2784531E+03,-0.8083529E+02, 0.5105797E+03, 0.2688559E-01, 0.3386538E-01
 0.9405750E+02, 0.2356932E-02, 0.2183112E-01, 0.2418805E-01, 0.5320137E-03, 0.2679486E-02, 0.3211500E-02,-0.1024819E-02,-0.5743808E-03,-0.1599200E-02,-0.1238120E-02,-0.2451060E-01,-0.2574872E-01, 0.5669120E+03, 0.2791364E+03,-0.8080305E+02, 0.5105369E+03, 0.2689129E-01, 0.3387154E-01
 0.9409125E+02, 0.2355250E-02, 0.2183753E-01, 0.2419278E-01, 0.5370372E-03, 0.2681213E-02, 0.3218250E-02,-0.1024207E-02,-0.5803930E-03,-0.1604600E-02,-0.1239552E-02,-0.2451874E-01,-0.2575829E-01, 0.5668726E+03, 0.2801544E+03,-0.8075478E+02, 0.5104735E+03, 0.2689986E-01, 0.3388078E-01
 0.9414187E+02, 0.2352735E-02, 0.2184713E-01, 0.2419986E-01, 0.5445018E-03, 0.2683873E-02, 0.3228375E-02,-0.1023292E-02,-0.5894082E-03,-0.1612700E-02,-0.1241673E-02,-0.2453100E-01,-0.2577267E-01, 0.5668105E+03, 0.2816660E+03,-0.8068262E+02, 0.5103800E+03, 0.2691275E-01, 0.3389469E-01
 0.9421781E+02, 0.2348982E-02, 0.2186151E-01, 0.2421049E-01, 0.5555433E-03, 0.2688019E-02, 0.3243563E-02,-0.1021927E-02,-0.6029234E-03,-0.1624850E-02,-0.1244797E-02,-0.2454953E-01,-0.2579433E-01, 0.5667114E+03, 0.2838998E+03,-0.8057502E+02, 0.5102437E+03, 0.2693217E-01, 0.3391565E-01
 0.9431781E+02, 0.2344071E-02, 0.2188042E-01, 0.2422449E-01, 0.5698207E-03, 0.2693742E-02, 0.3263563E-02,-0.1020141E-02,-0.6207090E-03,-0.1640850E-02,-0.1248812E-02,-0.2457416E-01,-0.2582298E-01, 0.5665701E+03, 0.2867844E+03,-0.8043430E+02, 0.5100711E+03, 0.2695788E-01, 0.3394340E-01
 0.9441781E+02, 0.2339183E-02, 0.2189931E-01, 0.2423849E-01, 0.5838389E-03, 0.2699723E-02, 0.3283562E-02,-0.1018361E-02,-0.6384889E-03,-0.1656850E-02,-0.1252725E-02,-0.2459903E-01,-0.2585176E-01, 0.5664164E+03, 0.2896121E+03,-0.8029396E+02, 0.5099050E+03, 0.2698376E-01, 0.3397132E-01
 0.9451781E+02, 0.2334322E-02, 0.2191817E-01, 0.2425249E-01, 0.5976046E-03, 0.2705958E-02, 0.3303563E-02,-0.1016590E-02,-0.6562598E-03,-0.1672850E-02,-0.1256541E-02,-0.2462413E-01,-0.2588067E-01, 0.5662516E+03, 0.2923846E+03,-0.8015434E+02, 0.5097456E+03, 0.2700977E-01, 0.3399939E-01
 0.9461781E+02, 0.2329490E-02, 0.2193700E-01, 0.2426649E-01, 0.6111242E-03, 0.2712438E-02, 0.3323563E-02,-0.1014831E-02,-0.6740187E-03,-0.1688850E-02,-0.1260264E-02,-0.2464944E-01,-0.2590971E-01, 0.5660767E+03, 0.2951036E+03,-0.8001566E+02, 0.5095932E+03, 0.2703592E-01, 0.3402762E-01
 0.9471781E+02, 0.2324689E-02, 0.2195580E-01, 0.2428049E-01, 0.6244041E-03, 0.2719158E-02, 0.3343562E-02,-0.1013087E-02,-0.6917631E-03,-0.1704850E-02,-0.1263898E-02,-0.2467496E-01,-0.2593886E-01, 0.5658927E+03, 0.2977708E+03,-0.7987811E+02, 0.5094480E+03, 0.2706220E-01, 0.3405599E-01
 0.9481781E+02, 0.2319921E-02, 0.2197457E-01, 0.2429449E-01, 0.6374505E-03, 0.2726112E-02, 0.3363563E-02,-0.1011359E-02,-0.7094907E-03,-0.1720850E-02,-0.1267446E-02,-0.2470068E-01,-0.2596813E-01, 0.5657004E+03, 0.3003877E+03,-0.7974191E+02, 0.5093099E+03, 0.2708861E-01, 0.3408450E-01
 0.9491781E+02, 0.2315189E-02, 0.2199331E-01, 0.2430849E-01, 0.6502696E-03, 0.2733293E-02, 0.3383563E-02,-0.1009651E-02,-0.7271994E-03,-0.1736850E-02,-0.1270912E-02,-0.2472660E-01,-0.2599751E-01, 0.5655006E+03, 0.3029556E+03,-0.7960718E+02, 0.5091791E+03, 0.2711513E-01, 0.3411315E-01
 0.9500000E+02, 0.2311319E-02, 0.2200868E-01, 0.2432000E-01, 0.6606528E-03, 0.2739347E-02, 0.3400000E-02,-0.1008256E-02,-0.7417442E-03,-0.1750000E-02,-0.1273703E-02,-0.2474803E-01,-0.2602173E-01, 0.5653305E+03, 0.3050331E+03,-0.7949715E+02, 0.5090763E+03, 0.2713701E-01, 0.3413678E-01
 0.9501000E+02, 0.2310944E-02, 0.2201066E-01, 0.2432160E-01, 0.6618728E-03, 0.2740127E-02, 0.3402000E-02,-0.1007888E-02,-0.7436120E-03,-0.1751500E-02,-0.1274071E-02,-0.2475078E-01,-0.2602485E-01, 0.5653306E+03, 0.3052844E+03,-0.7946883E+02, 0.5090742E+03, 0.2713982E-01, 0.3413982E-01
 0.9502000E+02, 0.2310569E-02, 0.2201263E-01, 0.2432320E-01, 0.6630907E-03, 0.2740909E-02, 0.3404000E-02,-0.1007521E-02,-0.7454790E-03,-0.1753000E-02,-0.1274432E-02,-0.2475354E-01,-0.2602797E-01, 0.5653283E+03, 0.3055334E+03,-0.7943990E+02, 0.5090699E+03, 0.2714264E-01, 0.3414286E-01
 0.9503500E+02, 0.2310006E-02, 0.2201559E-01, 0.2432560E-01, 0.6649130E-03, 0.2742087E-02, 0.3407000E-02,-0.1006973E-02,-0.7482769E-03,-0.1755250E-02,-0.1274965E-02,-0.2475768E-01,-0.2603265E-01, 0.5653224E+03, 0.3059039E+03,-0.7939595E+02, 0.5090614E+03, 0.2714686E-01, 0.3414742E-01
 0.9505750E+02, 0.2309164E-02, 0.2202004E-01, 0.2432920E-01, 0.6676362E-03, 0.2743864E-02, 0.3411500E-02,-0.1006156E-02,-0.7524689E-03,-0.1758625E-02,-0.1275772E-02,-0.2476390E-01,-0.2603967E-01, 0.5653167E+03, 0.3064604E+03,-0.7933154E+02, 0.5090523E+03, 0.2715320E-01, 0.3415427E-01
 0.9509125E+02, 0.2307903E-02, 0.2202670E-01, 0.2433460E-01, 0.6716981E-03, 0.2746552E-02, 0.3418250E-02,-0.1004942E-02,-0.7587452E-03,-0.1763687E-02,-0.1276972E-02,-0.2477325E-01,-0.2605022E-01, 0.5653072E+03, 0.3072903E+03,-0.7923583E+02, 0.5090394E+03, 0.2716273E-01, 0.3416456E-01
 0.9514187E+02, 0.2306018E-02, 0.2203668E-01, 0.2434270E-01, 0.6777402E-03, 0.2750635E-02, 0.3428375E-02,-0.1003147E-02,-0.7681344E-03,-0.1771281E-02,-0.1278753E-02,-0.2478732E-01,-0.2606607E-01, 0.5652908E+03, 0.3085240E+03,-0.7909428E+02, 0.5090213E+03, 0.2717704E-01, 0.3418002E-01
 0.9521781E+02, 0.2303204E-02, 0.2205165E-01, 0.2435485E-01, 0.6866917E-03, 0.2756871E-02, 0.3443562E-02,-0.1000510E-02,-0.7821622E-03,-0.1782672E-02,-0.1281384E-02,-0.2480852E-01,-0.2608990E-01, 0.5652620E+03, 0.3103505E+03,-0.7888638E+02, 0.5089974E+03, 0.2719858E-01, 0.3420326E-01
 0.9531781E+02, 0.2299520E-02, 0.2207133E-01, 0.2437085E-01, 0.6982901E-03, 0.2765273E-02, 0.3463563E-02,-0.9971284E-03,-0.8005435E-03,-0.1797672E-02,-0.1284777E-02,-0.2483660E-01,-0.2612138E-01, 0.5652164E+03, 0.3127146E+03,-0.7861987E+02, 0.5089714E+03, 0.2722704E-01, 0.3423398E-01
 0.9541781E+02, 0.2295855E-02, 0.2209100E-01, 0.2438685E-01, 0.7097007E-03, 0.2773862E-02, 0.3483563E-02,-0.9938309E-03,-0.8188410E-03,-0.1812672E-02,-0.1288097E-02,-0.2486486E-01,-0.2615295E-01, 0.5651619E+03, 0.3150375E+03,-0.7835987E+02, 0.5089501E+03, 0.2725561E-01, 0.3426482E-01
 0.9551781E+02, 0.2292209E-02, 0.2211064E-01, 0.2440285E-01, 0.7209281E-03, 0.2782634E-02, 0.3503563E-02,-0.9906151E-03,-0.8370568E-03,-0.1827672E-02,-0.1291346E-02,-0.2489327E-01,-0.2618462E-01, 0.5650993E+03, 0.3173203E+03,-0.7810632E+02, 0.5089339E+03, 0.2728429E-01, 0.3429576E-01
 0.9561781E+02, 0.2288584E-02, 0.2213027E-01, 0.2441885E-01, 0.7319764E-03, 0.2791586E-02, 0.3523562E-02,-0.9874795E-03,-0.8551924E-03,-0.1842672E-02,-0.1294527E-02,-0.2492185E-01,-0.2621638E-01, 0.5650293E+03, 0.3195642E+03,-0.7785909E+02, 0.5089227E+03, 0.2731307E-01, 0.3432682E-01
 0.9571781E+02, 0.2284981E-02, 0.2214987E-01, 0.2443485E-01, 0.7428498E-03, 0.2800713E-02, 0.3543562E-02,-0.9844222E-03,-0.8732497E-03,-0.1857672E-02,-0.1297643E-02,-0.2495058E-01,-0.2624823E-01, 0.5649525E+03, 0.3217702E+03,-0.7761803E+02, 0.5089167E+03, 0.2734195E-01, 0.3435797E-01
 0.9581781E+02, 0.2281401E-02, 0.2216945E-01, 0.2445085E-01, 0.7535526E-03, 0.2810010E-02, 0.3563563E-02,-0.9814416E-03,-0.8912303E-03,-0.1872672E-02,-0.1300696E-02,-0.2497946E-01,-0.2628015E-01, 0.5648694E+03, 0.3239394E+03,-0.7738303E+02, 0.5089156E+03, 0.2737092E-01, 0.3438923E-01
 0.9591781E+02, 0.2277846E-02, 0.2218900E-01, 0.2446685E-01, 0.7640886E-03, 0.2819474E-02, 0.3583562E-02,-0.9785359E-03,-0.9091361E-03,-0.1887672E-02,-0.1303687E-02,-0.2500848E-01,-0.2631216E-01, 0.5647805E+03, 0.3260726E+03,-0.7715392E+02, 0.5089195E+03, 0.2739998E-01, 0.3442058E-01
 0.9600000E+02, 0.2274938E-02, 0.2220506E-01, 0.2448000E-01, 0.7726356E-03, 0.2827364E-02, 0.3600000E-02,-0.9761947E-03,-0.9238053E-03,-0.1900000E-02,-0.1306104E-02,-0.2503243E-01,-0.2633853E-01, 0.5647028E+03, 0.3278013E+03,-0.7696926E+02, 0.5089258E+03, 0.2742393E-01, 0.3444641E-01
 0.9601000E+02, 0.2274493E-02, 0.2220671E-01, 0.2448120E-01, 0.7738252E-03, 0.2828175E-02, 0.3602000E-02,-0.9756931E-03,-0.9253069E-03,-0.1901000E-02,-0.1306427E-02,-0.2503488E-01,-0.2634131E-01, 0.5646846E+03, 0.3280406E+03,-0.7693014E+02, 0.5089151E+03, 0.2742638E-01, 0.3444906E-01
 0.9602000E+02, 0.2274049E-02, 0.2220835E-01, 0.2448240E-01, 0.7750127E-03, 0.2828987E-02, 0.3604000E-02,-0.9751923E-03,-0.9268077E-03,-0.1902000E-02,-0.1306746E-02,-0.2503734E-01,-0.2634408E-01, 0.5646647E+03, 0.3282781E+03,-0.7689066E+02, 0.5089030E+03, 0.2742884E-01, 0.3445171E-01
 0.9603500E+02, 0.2273384E-02, 0.2221082E-01, 0.2448420E-01, 0.7767890E-03, 0.2830211E-02, 0.3607000E-02,-0.9744434E-03,-0.9290566E-03,-0.1903500E-02,-0.1307217E-02,-0.2504103E-01,-0.2634824E-01, 0.5646332E+03, 0.3286317E+03,-0.7683112E+02, 0.5088832E+03, 0.2743252E-01, 0.3445569E-01
 0.9605750E+02, 0.2272388E-02, 0.2221451E-01, 0.2448690E-01, 0.7794430E-03, 0.2832057E-02, 0.3611500E-02,-0.9733250E-03,-0.9324250E-03,-0.1905750E-02,-0.1307927E-02,-0.2504657E-01,-0.2635450E-01, 0.5645881E+03, 0.3291623E+03,-0.7674294E+02, 0.5088564E+03, 0.2743806E-01, 0.3446166E-01
 0.9609125E+02, 0.2270898E-02, 0.2222005E-01, 0.2449095E-01, 0.7834003E-03, 0.2834850E-02, 0.3618250E-02,-0.9716586E-03,-0.9374663E-03,-0.1909125E-02,-0.1308985E-02,-0.2505490E-01,-0.2636389E-01, 0.5645200E+03, 0.3299530E+03,-0.7661155E+02, 0.5088170E+03, 0.2744637E-01, 0.3447063E-01
 0.9614187E+02, 0.2268673E-02, 0.2222835E-01, 0.2449703E-01, 0.7892839E-03, 0.2839091E-02, 0.3628375E-02,-0.9691840E-03,-0.9450035E-03,-0.1914188E-02,-0.1310553E-02,-0.2506744E-01,-0.2637800E-01, 0.5644164E+03, 0.3311281E+03,-0.7641644E+02, 0.5087593E+03, 0.2745886E-01, 0.3448410E-01
 0.9621781E+02, 0.2265359E-02, 0.2224078E-01, 0.2450614E-01, 0.7979946E-03, 0.2845568E-02, 0.3643562E-02,-0.9655273E-03,-0.9562539E-03,-0.1921781E-02,-0.1312866E-02,-0.2508635E-01,-0.2639921E-01, 0.5642586E+03, 0.3328665E+03,-0.7612814E+02, 0.5086763E+03, 0.2747764E-01, 0.3450439E-01
 0.9631781E+02, 0.2261032E-02, 0.2225710E-01, 0.2451814E-01, 0.8092710E-03, 0.2854292E-02, 0.3663563E-02,-0.9608042E-03,-0.9709771E-03,-0.1931781E-02,-0.1315845E-02,-0.2511140E-01,-0.2642724E-01, 0.5640461E+03, 0.3351146E+03,-0.7575578E+02, 0.5085731E+03, 0.2750248E-01, 0.3453120E-01
 0.9641781E+02, 0.2256738E-02, 0.2227340E-01, 0.2453014E-01, 0.8203553E-03, 0.2863207E-02, 0.3683562E-02,-0.9561668E-03,-0.9856145E-03,-0.1941781E-02,-0.1318755E-02,-0.2513661E-01,-0.2645536E-01, 0.5638278E+03, 0.3373214E+03,-0.7539014E+02, 0.5084755E+03, 0.2752740E-01, 0.3455813E-01
 0.9651781E+02, 0.2252477E-02, 0.2228966E-01, 0.2454214E-01, 0.8312531E-03, 0.2872309E-02, 0.3703562E-02,-0.9516145E-03,-0.1000167E-02,-0.1951781E-02,-0.1321599E-02,-0.2516197E-01,-0.2648357E-01, 0.5636044E+03, 0.3394883E+03,-0.7503120E+02, 0.5083839E+03, 0.2755242E-01, 0.3458517E-01
 0.9661781E+02, 0.2248250E-02, 0.2230589E-01, 0.2455414E-01, 0.8419696E-03, 0.2881593E-02, 0.3723562E-02,-0.9471466E-03,-0.1014635E-02,-0.1961781E-02,-0.1324380E-02,-0.2518748E-01,-0.2651186E-01, 0.5633764E+03, 0.3416169E+03,-0.7467893E+02, 0.5082981E+03, 0.2757753E-01, 0.3461231E-01
 0.9671781E+02, 0.2244058E-02, 0.2232208E-01, 0.2456614E-01, 0.8525099E-03, 0.2891053E-02, 0.3743562E-02,-0.9427622E-03,-0.1029019E-02,-0.1971781E-02,-0.1327101E-02,-0.2521313E-01,-0.2654023E-01, 0.5631444E+03, 0.3437080E+03,-0.7433324E+02, 0.5082183E+03, 0.2760272E-01, 0.3463955E-01
 0.9681781E+02, 0.2239902E-02, 0.2233824E-01, 0.2457814E-01, 0.8628792E-03, 0.2900683E-02, 0.3763563E-02,-0.9384605E-03,-0.1043321E-02,-0.1981781E-02,-0.1329764E-02,-0.2523892E-01,-0.2656868E-01, 0.5629089E+03, 0.3457631E+03,-0.7399407E+02, 0.5081445E+03, 0.2762798E-01, 0.3466688E-01
 0.9691781E+02, 0.2235782E-02, 0.2235436E-01, 0.2459014E-01, 0.8730820E-03, 0.2910480E-02, 0.3783562E-02,-0.9342404E-03,-0.1057541E-02,-0.1991781E-02,-0.1332371E-02,-0.2526483E-01,-0.2659721E-01, 0.5626704E+03, 0.3477831E+03,-0.7366133E+02, 0.5080766E+03, 0.2765332E-01, 0.3469431E-01
 0.9700000E+02, 0.2232418E-02, 0.2236758E-01, 0.2460000E-01, 0.8813558E-03, 0.2918644E-02, 0.3800000E-02,-0.9308241E-03,-0.1069176E-02,-0.2000000E-02,-0.1334475E-02,-0.2528623E-01,-0.2662070E-01, 0.5624717E+03, 0.3494195E+03,-0.7339194E+02, 0.5080245E+03, 0.2767420E-01, 0.3471693E-01
 0.9701000E+02, 0.2231929E-02, 0.2236907E-01, 0.2460100E-01, 0.8824344E-03, 0.2919566E-02, 0.3802000E-02,-0.9304144E-03,-0.1070486E-02,-0.2000900E-02,-0.1334732E-02,-0.2528864E-01,-0.2662337E-01, 0.5624358E+03, 0.3496309E+03,-0.7335999E+02, 0.5080117E+03, 0.2767655E-01, 0.3471947E-01
 0.9702000E+02, 0.2231441E-02, 0.2237056E-01, 0.2460200E-01, 0.8835112E-03, 0.2920489E-02, 0.3804000E-02,-0.9300052E-03,-0.1071795E-02,-0.2001800E-02,-0.1334984E-02,-0.2529105E-01,-0.2662603E-01, 0.5623985E+03, 0.3498404E+03,-0.7332773E+02, 0.5079976E+03, 0.2767891E-01, 0.3472202E-01
 0.9703500E+02, 0.2230709E-02, 0.2237279E-01, 0.2460350E-01, 0.8851223E-03, 0.2921878E-02, 0.3807000E-02,-0.9293931E-03,-0.1073757E-02,-0.2003150E-02,-0.1335356E-02,-0.2529467E-01,-0.2663003E-01, 0.5623410E+03, 0.3501524E+03,-0.7327907E+02, 0.5079749E+03, 0.2768244E-01, 0.3472584E-01
 0.9705750E+02, 0.2229614E-02, 0.2237613E-01, 0.2460575E-01, 0.8875298E-03, 0.2923970E-02, 0.3811500E-02,-0.9284785E-03,-0.1076697E-02,-0.2005175E-02,-0.1335919E-02,-0.2530011E-01,-0.2663602E-01, 0.5622571E+03, 0.3506208E+03,-0.7320695E+02, 0.5079437E+03, 0.2768774E-01, 0.3473159E-01
 0.9709125E+02, 0.2227979E-02, 0.2238115E-01, 0.2460912E-01, 0.8911207E-03, 0.2927129E-02, 0.3818250E-02,-0.9271146E-03,-0.1081098E-02,-0.2008213E-02,-0.1336757E-02,-0.2530828E-01,-0.2664503E-01, 0.5621314E+03, 0.3513192E+03,-0.7309942E+02, 0.5078975E+03, 0.2769569E-01, 0.3474021E-01
 0.9714187E+02, 0.2225540E-02, 0.2238865E-01, 0.2461419E-01, 0.8964620E-03, 0.2931913E-02, 0.3828375E-02,-0.9250866E-03,-0.1087682E-02,-0.2012769E-02,-0.1338001E-02,-0.2532056E-01,-0.2665856E-01, 0.5619431E+03, 0.3523576E+03,-0.7293952E+02, 0.5078302E+03, 0.2770764E-01, 0.3475316E-01
 0.9721781E+02, 0.2221915E-02, 0.2239987E-01, 0.2462178E-01, 0.9043752E-03, 0.2939187E-02, 0.3843562E-02,-0.9220842E-03,-0.1097519E-02,-0.2019603E-02,-0.1339839E-02,-0.2533905E-01,-0.2667889E-01, 0.5616612E+03, 0.3538953E+03,-0.7270281E+02, 0.5077332E+03, 0.2772559E-01, 0.3477264E-01
 0.9731781E+02, 0.2217194E-02, 0.2241459E-01, 0.2463178E-01, 0.9146284E-03, 0.2948934E-02, 0.3863562E-02,-0.9181968E-03,-0.1110406E-02,-0.2028603E-02,-0.1342210E-02,-0.2536352E-01,-0.2670573E-01, 0.5612907E+03, 0.3558862E+03,-0.7239634E+02, 0.5076124E+03, 0.2774929E-01, 0.3479838E-01
 0.9741781E+02, 0.2212521E-02, 0.2242926E-01, 0.2464178E-01, 0.9247159E-03, 0.2958847E-02, 0.3883562E-02,-0.9143712E-03,-0.1123232E-02,-0.2037603E-02,-0.1344531E-02,-0.2538811E-01,-0.2673264E-01, 0.5609199E+03, 0.3578429E+03,-0.7209470E+02, 0.5074982E+03, 0.2777305E-01, 0.3482420E-01
 0.9751781E+02, 0.2207897E-02, 0.2244388E-01, 0.2465178E-01, 0.9346423E-03, 0.2968920E-02, 0.3903562E-02,-0.9106071E-03,-0.1135996E-02,-0.2046603E-02,-0.1346803E-02,-0.2541280E-01,-0.2675961E-01, 0.5605490E+03, 0.3597665E+03,-0.7179792E+02, 0.5073906E+03, 0.2779686E-01, 0.3485011E-01
 0.9761781E+02, 0.2203321E-02, 0.2245846E-01, 0.2466178E-01, 0.9444123E-03, 0.2979150E-02, 0.3923563E-02,-0.9069042E-03,-0.1148699E-02,-0.2055603E-02,-0.1349029E-02,-0.2543761E-01,-0.2678664E-01, 0.5601785E+03, 0.3616582E+03,-0.7150596E+02, 0.5072896E+03, 0.2782073E-01, 0.3487610E-01
 0.9771781E+02, 0.2198794E-02, 0.2247299E-01, 0.2467178E-01, 0.9540301E-03, 0.2989532E-02, 0.3943563E-02,-0.9032622E-03,-0.1161341E-02,-0.2064603E-02,-0.1351211E-02,-0.2546252E-01,-0.2681373E-01, 0.5598085E+03, 0.3635189E+03,-0.7121880E+02, 0.5071952E+03, 0.2784465E-01, 0.3490216E-01
 0.9781781E+02, 0.2194314E-02, 0.2248747E-01, 0.2468178E-01, 0.9635002E-03, 0.3000062E-02, 0.3963562E-02,-0.8996804E-03,-0.1173923E-02,-0.2073603E-02,-0.1353350E-02,-0.2548753E-01,-0.2684088E-01, 0.5594394E+03, 0.3653495E+03,-0.7093639E+02, 0.5071072E+03, 0.2786862E-01, 0.3492831E-01
 0.9791781E+02, 0.2189882E-02, 0.2250190E-01, 0.2469178E-01, 0.9728265E-03, 0.3010736E-02, 0.3983563E-02,-0.8961585E-03,-0.1186445E-02,-0.2082603E-02,-0.1355447E-02,-0.2551264E-01,-0.2686808E-01, 0.5590713E+03, 0.3671510E+03,-0.7065870E+02, 0.5070256E+03, 0.2789263E-01, 0.3495452E-01
 0.9800000E+02, 0.2186270E-02, 0.2251373E-01, 0.2470000E-01, 0.9803948E-03, 0.3019605E-02, 0.4000000E-02,-0.8933022E-03,-0.1196698E-02,-0.2090000E-02,-0.1357142E-02,-0.2553334E-01,-0.2689048E-01, 0.5587689E+03, 0.3686117E+03,-0.7043346E+02, 0.5069626E+03, 0.2791240E-01, 0.3497612E-01
 0.9801000E+02, 0.2185471E-02, 0.2251553E-01, 0.2470100E-01, 0.9820410E-03, 0.3020959E-02, 0.4003000E-02,-0.8921450E-03,-0.1198255E-02,-0.2090400E-02,-0.1357512E-02,-0.2553649E-01,-0.2689400E-01, 0.5587024E+03, 0.3689311E+03,-0.7034279E+02, 0.5069321E+03, 0.2791541E-01, 0.3497941E-01
 0.9802000E+02, 0.2184673E-02, 0.2251733E-01, 0.2470200E-01, 0.9836827E-03, 0.3022317E-02, 0.4006000E-02,-0.8909905E-03,-0.1199809E-02,-0.2090800E-02,-0.1357874E-02,-0.2553964E-01,-0.2689752E-01, 0.5586335E+03, 0.3692469E+03,-0.7025175E+02, 0.5068993E+03, 0.2791842E-01, 0.3498270E-01
 0.9803500E+02, 0.2183477E-02, 0.2252002E-01, 0.2470350E-01, 0.9861354E-03, 0.3024365E-02, 0.4010500E-02,-0.8892650E-03,-0.1202135E-02,-0.2091400E-02,-0.1358405E-02,-0.2554439E-01,-0.2690279E-01, 0.5585276E+03, 0.3697161E+03,-0.7011512E+02, 0.5068480E+03, 0.2792295E-01, 0.3498764E-01
 0.9805750E+02, 0.2181690E-02, 0.2252406E-01, 0.2470575E-01, 0.9897928E-03, 0.3027457E-02, 0.4017250E-02,-0.8866909E-03,-0.1205609E-02,-0.2092300E-02,-0.1359207E-02,-0.2555152E-01,-0.2691072E-01, 0.5583722E+03, 0.3704192E+03,-0.6991216E+02, 0.5067753E+03, 0.2792974E-01, 0.3499507E-01
 0.9809125E+02, 0.2179021E-02, 0.2253010E-01, 0.2470913E-01, 0.9952306E-03, 0.3032144E-02, 0.4027375E-02,-0.8828612E-03,-0.1210789E-02,-0.2093650E-02,-0.1360393E-02,-0.2556225E-01,-0.2692264E-01, 0.5581384E+03, 0.3714638E+03,-0.6961021E+02, 0.5066679E+03, 0.2793995E-01, 0.3500624E-01
 0.9814187E+02, 0.2175043E-02, 0.2253914E-01, 0.2471419E-01, 0.1003282E-02, 0.3039281E-02, 0.4042563E-02,-0.8771870E-03,-0.1218488E-02,-0.2095675E-02,-0.1362139E-02,-0.2557843E-01,-0.2694057E-01, 0.5577864E+03, 0.3730087E+03,-0.6916283E+02, 0.5065101E+03, 0.2795530E-01, 0.3502305E-01
 0.9821781E+02, 0.2169137E-02, 0.2255264E-01, 0.2472178E-01, 0.1015129E-02, 0.3050215E-02, 0.4065344E-02,-0.8688313E-03,-0.1229881E-02,-0.2098712E-02,-0.1364686E-02,-0.2560286E-01,-0.2696755E-01, 0.5572567E+03, 0.3752785E+03,-0.6850404E+02, 0.5062815E+03, 0.2797842E-01, 0.3504840E-01
 0.9831781E+02, 0.2161459E-02, 0.2257032E-01, 0.2473178E-01, 0.1030346E-02, 0.3064998E-02, 0.4095344E-02,-0.8580879E-03,-0.1244625E-02,-0.2102713E-02,-0.1367918E-02,-0.2563532E-01,-0.2700324E-01, 0.5565557E+03, 0.3781880E+03,-0.6765704E+02, 0.5059942E+03, 0.2800902E-01, 0.3508200E-01
 0.9841781E+02, 0.2153871E-02, 0.2258791E-01, 0.2474178E-01, 0.1045185E-02, 0.3080159E-02, 0.4125344E-02,-0.8475910E-03,-0.1259121E-02,-0.2106712E-02,-0.1371025E-02,-0.2566807E-01,-0.2703910E-01, 0.5558493E+03, 0.3810181E+03,-0.6682940E+02, 0.5057204E+03, 0.2803978E-01, 0.3511583E-01
 0.9851781E+02, 0.2146377E-02, 0.2260540E-01, 0.2475178E-01, 0.1059663E-02, 0.3095680E-02, 0.4155344E-02,-0.8373375E-03,-0.1273375E-02,-0.2110713E-02,-0.1374019E-02,-0.2570109E-01,-0.2707510E-01, 0.5551395E+03, 0.3837733E+03,-0.6602095E+02, 0.5054605E+03, 0.2807067E-01, 0.3514987E-01
 0.9861781E+02, 0.2138977E-02, 0.2262280E-01, 0.2476178E-01, 0.1073797E-02, 0.3111547E-02, 0.4185344E-02,-0.8273237E-03,-0.1287389E-02,-0.2114713E-02,-0.1376905E-02,-0.2573435E-01,-0.2711125E-01, 0.5544279E+03, 0.3864572E+03,-0.6523140E+02, 0.5052150E+03, 0.2810170E-01, 0.3518412E-01
 0.9871781E+02, 0.2131675E-02, 0.2264011E-01, 0.2477178E-01, 0.1087600E-02, 0.3127743E-02, 0.4215344E-02,-0.8175453E-03,-0.1301167E-02,-0.2118713E-02,-0.1379691E-02,-0.2576785E-01,-0.2714754E-01, 0.5537157E+03, 0.3890733E+03,-0.6446041E+02, 0.5049837E+03, 0.2813285E-01, 0.3521856E-01
 0.9881781E+02, 0.2124471E-02, 0.2265731E-01, 0.2478178E-01, 0.1101088E-02, 0.3144256E-02, 0.4245344E-02,-0.8079978E-03,-0.1314715E-02,-0.2122713E-02,-0.1382384E-02,-0.2580157E-01,-0.2718395E-01, 0.5530043E+03, 0.3916248E+03,-0.6370762E+02, 0.5047668E+03, 0.2816410E-01, 0.3525317E-01
 0.9891781E+02, 0.2117364E-02, 0.2267442E-01, 0.2479178E-01, 0.1114273E-02, 0.3161071E-02, 0.4275344E-02,-0.7986761E-03,-0.1328036E-02,-0.2126713E-02,-0.1384989E-02,-0.2583549E-01,-0.2722048E-01, 0.5522944E+03, 0.3941148E+03,-0.6297264E+02, 0.5045640E+03, 0.2819546E-01, 0.3528795E-01
 0.9900000E+02, 0.2111586E-02, 0.2268841E-01, 0.2480000E-01, 0.1124907E-02, 0.3175093E-02, 0.4300000E-02,-0.7911615E-03,-0.1338838E-02,-0.2130000E-02,-0.1387069E-02,-0.2586351E-01,-0.2725058E-01, 0.5517111E+03, 0.3961195E+03,-0.6238009E+02, 0.5044067E+03, 0.2822130E-01, 0.3531666E-01
 0.9901000E+02, 0.2111315E-02, 0.2268969E-01, 0.2480100E-01, 0.1125633E-02, 0.3176367E-02, 0.4302000E-02,-0.7903827E-03,-0.1339817E-02,-0.2130200E-02,-0.1387268E-02,-0.2586605E-01,-0.2725332E-01, 0.5517004E+03, 0.3962663E+03,-0.6231889E+02, 0.5044115E+03, 0.2822364E-01, 0.3531926E-01
 0.9902000E+02, 0.2111045E-02, 0.2269096E-01, 0.2480200E-01, 0.1126359E-02, 0.3177641E-02, 0.4304000E-02,-0.7896054E-03,-0.1340795E-02,-0.2130400E-02,-0.1387463E-02,-0.2586860E-01,-0.2725606E-01, 0.5516885E+03, 0.3964115E+03,-0.6225761E+02, 0.5044151E+03, 0.2822599E-01, 0.3532187E-01
 0.9903500E+02, 0.2110639E-02, 0.2269286E-01, 0.2480350E-01, 0.1127445E-02, 0.3179555E-02, 0.4307000E-02,-0.7884433E-03,-0.1342257E-02,-0.2130700E-02,-0.1387750E-02,-0.2587241E-01,-0.2726017E-01, 0.5516691E+03, 0.3966270E+03,-0.6216572E+02, 0.5044191E+03, 0.2822951E-01, 0.3532578E-01
 0.9905750E+02, 0.2110031E-02, 0.2269572E-01, 0.2480575E-01, 0.1129071E-02, 0.3182429E-02, 0.4311500E-02,-0.7867081E-03,-0.1344442E-02,-0.2131150E-02,-0.1388186E-02,-0.2587815E-01,-0.2726633E-01, 0.5516419E+03, 0.3969521E+03,-0.6202891E+02, 0.5044275E+03, 0.2823480E-01, 0.3533165E-01
 0.9909125E+02, 0.2109118E-02, 0.2270001E-01, 0.2480912E-01, 0.1131500E-02, 0.3186750E-02, 0.4318250E-02,-0.7841236E-03,-0.1347701E-02,-0.2131825E-02,-0.1388836E-02,-0.2588676E-01,-0.2727559E-01, 0.5516005E+03, 0.3974377E+03,-0.6182513E+02, 0.5044403E+03, 0.2824273E-01, 0.3534047E-01
 0.9914187E+02, 0.2107750E-02, 0.2270644E-01, 0.2481419E-01, 0.1135124E-02, 0.3193251E-02, 0.4328375E-02,-0.7802872E-03,-0.1352550E-02,-0.2132838E-02,-0.1389803E-02,-0.2589969E-01,-0.2728949E-01, 0.5515371E+03, 0.3981615E+03,-0.6152264E+02, 0.5044601E+03, 0.2825465E-01, 0.3535370E-01
 0.9921781E+02, 0.2105699E-02, 0.2271608E-01, 0.2482178E-01, 0.1140514E-02, 0.3203048E-02, 0.4343563E-02,-0.7746210E-03,-0.1359735E-02,-0.2134356E-02,-0.1391234E-02,-0.2591913E-01,-0.2731036E-01, 0.5514395E+03, 0.3992373E+03,-0.6107590E+02, 0.5044914E+03, 0.2827255E-01, 0.3537358E-01
 0.9931781E+02, 0.2103001E-02, 0.2272878E-01, 0.2483178E-01, 0.1147535E-02, 0.3216028E-02, 0.4363562E-02,-0.7673074E-03,-0.1369049E-02,-0.2136356E-02,-0.1393087E-02,-0.2594481E-01,-0.2733790E-01, 0.5513064E+03, 0.4006367E+03,-0.6049926E+02, 0.5045349E+03, 0.2829618E-01, 0.3539981E-01
 0.9941781E+02, 0.2100305E-02, 0.2274148E-01, 0.2484178E-01, 0.1154476E-02, 0.3229087E-02, 0.4383562E-02,-0.7601357E-03,-0.1378221E-02,-0.2138356E-02,-0.1394907E-02,-0.2597056E-01,-0.2736547E-01, 0.5511682E+03, 0.4020182E+03,-0.5993381E+02, 0.5045806E+03, 0.2831986E-01, 0.3542610E-01
 0.9951781E+02, 0.2097612E-02, 0.2275417E-01, 0.2485178E-01, 0.1161340E-02, 0.3242223E-02, 0.4403563E-02,-0.7531023E-03,-0.1387254E-02,-0.2140356E-02,-0.1396694E-02,-0.2599639E-01,-0.2739309E-01, 0.5510253E+03, 0.4033824E+03,-0.5937925E+02, 0.5046286E+03, 0.2834359E-01, 0.3545246E-01
 0.9961781E+02, 0.2094923E-02, 0.2276686E-01, 0.2486178E-01, 0.1168127E-02, 0.3255436E-02, 0.4423562E-02,-0.7462037E-03,-0.1396153E-02,-0.2142356E-02,-0.1398451E-02,-0.2602229E-01,-0.2742075E-01, 0.5508782E+03, 0.4047296E+03,-0.5883532E+02, 0.5046791E+03, 0.2836738E-01, 0.3547886E-01
 0.9971781E+02, 0.2092239E-02, 0.2277954E-01, 0.2487178E-01, 0.1174839E-02, 0.3268723E-02, 0.4443562E-02,-0.7394362E-03,-0.1404920E-02,-0.2144356E-02,-0.1400177E-02,-0.2604827E-01,-0.2744844E-01, 0.5507272E+03, 0.4060604E+03,-0.5830173E+02, 0.5047319E+03, 0.2839121E-01, 0.3550533E-01
 0.9981781E+02, 0.2089561E-02, 0.2279222E-01, 0.2488178E-01, 0.1181478E-02, 0.3282085E-02, 0.4463563E-02,-0.7327967E-03,-0.1413560E-02,-0.2146356E-02,-0.1401875E-02,-0.2607431E-01,-0.2747618E-01, 0.5505727E+03, 0.4073749E+03,-0.5777823E+02, 0.5047872E+03, 0.2841509E-01, 0.3553184E-01
 0.9991781E+02, 0.2086891E-02, 0.2280489E-01, 0.2489178E-01, 0.1188044E-02, 0.3295518E-02, 0.4483562E-02,-0.7262817E-03,-0.1422075E-02,-0.2148356E-02,-0.1403544E-02,-0.2610041E-01,-0.2750395E-01, 0.5504149E+03, 0.4086737E+03,-0.5726455E+02, 0.5048449E+03, 0.2843901E-01, 0.3555841E-01
 0.1000000E+03, 0.2084700E-02, 0.2281530E-01, 0.2490000E-01, 0.1193392E-02, 0.3306608E-02, 0.4500000E-02,-0.7210088E-03,-0.1428991E-02,-0.2150000E-02,-0.1404897E-02,-0.2612191E-01,-0.2752681E-01, 0.5502825E+03, 0.4097302E+03,-0.5684879E+02, 0.5048937E+03, 0.2845870E-01, 0.3558028E-01
 0.1000100E+03, 0.2084321E-02, 0.2281718E-01, 0.2490150E-01, 0.1194388E-02, 0.3308612E-02, 0.4503000E-02,-0.7197640E-03,-0.1430236E-02,-0.2150000E-02,-0.1405161E-02,-0.2612579E-01,-0.2753095E-01, 0.5502643E+03, 0.4099288E+03,-0.5675063E+02, 0.5049011E+03, 0.2846226E-01, 0.3558423E-01
 0.1000200E+03, 0.2083941E-02, 0.2281906E-01, 0.2490300E-01, 0.1195382E-02, 0.3310618E-02, 0.4506000E-02,-0.7185231E-03,-0.1431477E-02,-0.2150000E-02,-0.1405424E-02,-0.2612968E-01,-0.2753510E-01, 0.5502462E+03, 0.4101271E+03,-0.5665278E+02, 0.5049087E+03, 0.2846582E-01, 0.3558818E-01
 0.1000350E+03, 0.2083373E-02, 0.2282188E-01, 0.2490525E-01, 0.1196869E-02, 0.3313631E-02, 0.4510500E-02,-0.7166704E-03,-0.1433330E-02,-0.2150000E-02,-0.1405818E-02,-0.2613551E-01,-0.2754133E-01, 0.5502186E+03, 0.4104238E+03,-0.5650670E+02, 0.5049202E+03, 0.2847116E-01, 0.3559411E-01
 0.1000575E+03, 0.2082520E-02, 0.2282611E-01, 0.2490863E-01, 0.1199092E-02, 0.3318158E-02, 0.4517250E-02,-0.7139106E-03,-0.1436089E-02,-0.2150000E-02,-0.1406405E-02,-0.2614426E-01,-0.2755067E-01, 0.5501768E+03, 0.4108669E+03,-0.5628910E+02, 0.5049377E+03, 0.2847917E-01, 0.3560301E-01
 0.1000913E+03, 0.2081243E-02, 0.2283244E-01, 0.2491369E-01, 0.1202406E-02, 0.3324969E-02, 0.4527375E-02,-0.7098137E-03,-0.1440186E-02,-0.2150000E-02,-0.1407278E-02,-0.2615741E-01,-0.2756469E-01, 0.5501130E+03, 0.4115273E+03,-0.5596608E+02, 0.5049645E+03, 0.2849121E-01, 0.3561638E-01
 0.1001419E+03, 0.2079331E-02, 0.2284195E-01, 0.2492128E-01, 0.1207336E-02, 0.3335227E-02, 0.4542562E-02,-0.7037624E-03,-0.1446238E-02,-0.2150000E-02,-0.1408572E-02,-0.2617718E-01,-0.2758575E-01, 0.5500154E+03, 0.4125085E+03,-0.5548896E+02, 0.5050062E+03, 0.2850928E-01, 0.3563645E-01
 0.1002178E+03, 0.2076471E-02, 0.2285620E-01, 0.2493267E-01, 0.1214636E-02, 0.3350707E-02, 0.4565344E-02,-0.6948892E-03,-0.1455111E-02,-0.2150000E-02,-0.1410476E-02,-0.2620691E-01,-0.2761738E-01, 0.5498647E+03, 0.4139602E+03,-0.5478938E+02, 0.5050721E+03, 0.2853646E-01, 0.3566663E-01
 0.1003178E+03, 0.2072719E-02, 0.2287495E-01, 0.2494767E-01, 0.1224093E-02, 0.3371251E-02, 0.4595344E-02,-0.6835408E-03,-0.1466459E-02,-0.2150000E-02,-0.1412922E-02,-0.2624620E-01,-0.2765913E-01, 0.5496592E+03, 0.4158377E+03,-0.5389466E+02, 0.5051645E+03, 0.2857233E-01, 0.3570648E-01
 0.1004178E+03, 0.2068979E-02, 0.2289369E-01, 0.2496267E-01, 0.1233391E-02, 0.3391953E-02, 0.4625344E-02,-0.6725119E-03,-0.1477488E-02,-0.2150000E-02,-0.1415304E-02,-0.2628565E-01,-0.2770095E-01, 0.5494451E+03, 0.4176796E+03,-0.5302507E+02, 0.5052614E+03, 0.2860831E-01, 0.3574645E-01
 0.1005178E+03, 0.2065254E-02, 0.2291242E-01, 0.2497767E-01, 0.1242535E-02, 0.3412808E-02, 0.4655344E-02,-0.6617901E-03,-0.1488210E-02,-0.2150000E-02,-0.1417627E-02,-0.2632523E-01,-0.2774285E-01, 0.5492239E+03, 0.4194878E+03,-0.5217970E+02, 0.5053636E+03, 0.2864438E-01, 0.3578653E-01
 0.1006178E+03, 0.2061546E-02, 0.2293113E-01, 0.2499267E-01, 0.1251531E-02, 0.3433813E-02, 0.4685344E-02,-0.6513635E-03,-0.1498637E-02,-0.2150000E-02,-0.1419893E-02,-0.2636494E-01,-0.2778483E-01, 0.5489966E+03, 0.4212638E+03,-0.5135760E+02, 0.5054710E+03, 0.2868055E-01, 0.3582672E-01
 0.1007178E+03, 0.2057858E-02, 0.2294981E-01, 0.2500767E-01, 0.1260383E-02, 0.3454961E-02, 0.4715344E-02,-0.6412208E-03,-0.1508779E-02,-0.2150000E-02,-0.1422106E-02,-0.2640477E-01,-0.2782688E-01, 0.5487640E+03, 0.4230086E+03,-0.5055789E+02, 0.5055834E+03, 0.2871679E-01, 0.3586701E-01
 0.1008178E+03, 0.2054191E-02, 0.2296848E-01, 0.2502267E-01, 0.1269096E-02, 0.3476248E-02, 0.4745344E-02,-0.6313513E-03,-0.1518649E-02,-0.2150000E-02,-0.1424269E-02,-0.2644473E-01,-0.2786900E-01, 0.5485267E+03, 0.4247235E+03,-0.4977971E+02, 0.5057010E+03, 0.2875311E-01, 0.3590739E-01
 0.1009178E+03, 0.2050547E-02, 0.2298713E-01, 0.2503767E-01, 0.1277673E-02, 0.3497671E-02, 0.4775344E-02,-0.6217445E-03,-0.1528256E-02,-0.2150000E-02,-0.1426383E-02,-0.2648479E-01,-0.2791118E-01, 0.5482856E+03, 0.4264095E+03,-0.4902225E+02, 0.5058236E+03, 0.2878951E-01, 0.3594787E-01
 0.1010000E+03, 0.2047567E-02, 0.2300243E-01, 0.2505000E-01, 0.1284630E-02, 0.3515370E-02, 0.4800000E-02,-0.6140202E-03,-0.1535980E-02,-0.2150000E-02,-0.1428086E-02,-0.2651780E-01,-0.2794589E-01, 0.5480839E+03, 0.4277747E+03,-0.4841317E+02, 0.5059271E+03, 0.2881948E-01, 0.3598121E-01
 0.1010100E+03, 0.2047208E-02, 0.2300359E-01, 0.2505080E-01, 0.1285289E-02, 0.3516711E-02, 0.4802000E-02,-0.6133367E-03,-0.1536563E-02,-0.2149900E-02,-0.1428218E-02,-0.2652030E-01,-0.2794852E-01, 0.5480485E+03, 0.4279001E+03,-0.4835936E+02, 0.5059264E+03, 0.2882174E-01, 0.3598373E-01
 0.1010200E+03, 0.2046850E-02, 0.2300475E-01, 0.2505160E-01, 0.1285948E-02, 0.3518052E-02, 0.4804000E-02,-0.6126544E-03,-0.1537146E-02,-0.2149800E-02,-0.1428346E-02,-0.2652280E-01,-0.2795115E-01, 0.5480123E+03, 0.4280242E+03,-0.4830556E+02, 0.5059248E+03, 0.2882401E-01, 0.3598626E-01
 0.1010350E+03, 0.2046314E-02, 0.2300649E-01, 0.2505280E-01, 0.1286933E-02, 0.3520067E-02, 0.4807000E-02,-0.6116338E-03,-0.1538016E-02,-0.2149650E-02,-0.1428534E-02,-0.2652655E-01,-0.2795509E-01, 0.5479568E+03, 0.4282083E+03,-0.4822498E+02, 0.5059213E+03, 0.2882742E-01, 0.3599004E-01
 0.1010575E+03, 0.2045512E-02, 0.2300909E-01, 0.2505460E-01, 0.1288406E-02, 0.3523094E-02, 0.4811500E-02,-0.6101092E-03,-0.1539316E-02,-0.2149425E-02,-0.1428822E-02,-0.2653218E-01,-0.2796100E-01, 0.5478757E+03, 0.4284860E+03,-0.4810476E+02, 0.5059182E+03, 0.2883253E-01, 0.3599573E-01
 0.1010913E+03, 0.2044313E-02, 0.2301299E-01, 0.2505730E-01, 0.1290606E-02, 0.3527644E-02, 0.4818250E-02,-0.6078362E-03,-0.1541251E-02,-0.2149087E-02,-0.1429251E-02,-0.2654063E-01,-0.2796988E-01, 0.5477544E+03, 0.4289006E+03,-0.4792554E+02, 0.5059140E+03, 0.2884019E-01, 0.3600426E-01
 0.1011419E+03, 0.2042527E-02, 0.2301882E-01, 0.2506135E-01, 0.1293884E-02, 0.3534491E-02, 0.4828375E-02,-0.6044576E-03,-0.1544124E-02,-0.2148581E-02,-0.1429890E-02,-0.2655331E-01,-0.2798320E-01, 0.5475734E+03, 0.4295182E+03,-0.4765916E+02, 0.5059091E+03, 0.2885168E-01, 0.3601706E-01
 0.1012178E+03, 0.2039870E-02, 0.2302756E-01, 0.2506743E-01, 0.1298751E-02, 0.3544811E-02, 0.4843562E-02,-0.5994577E-03,-0.1548364E-02,-0.2147822E-02,-0.1430838E-02,-0.2657237E-01,-0.2800320E-01, 0.5473039E+03, 0.4304352E+03,-0.4726494E+02, 0.5059042E+03, 0.2886894E-01, 0.3603629E-01
 0.1013178E+03, 0.2036411E-02, 0.2303902E-01, 0.2507543E-01, 0.1305077E-02, 0.3558486E-02, 0.4863562E-02,-0.5929877E-03,-0.1553834E-02,-0.2146822E-02,-0.1432067E-02,-0.2659750E-01,-0.2802957E-01, 0.5469523E+03, 0.4316266E+03,-0.4675481E+02, 0.5059024E+03, 0.2889167E-01, 0.3606166E-01
 0.1014178E+03, 0.2032988E-02, 0.2305044E-01, 0.2508342E-01, 0.1311319E-02, 0.3572243E-02, 0.4883563E-02,-0.5866281E-03,-0.1559194E-02,-0.2145822E-02,-0.1433275E-02,-0.2662268E-01,-0.2805596E-01, 0.5466030E+03, 0.4328015E+03,-0.4625338E+02, 0.5059047E+03, 0.2891443E-01, 0.3608706E-01
 0.1015178E+03, 0.2029601E-02, 0.2306182E-01, 0.2509143E-01, 0.1317480E-02, 0.3586082E-02, 0.4903562E-02,-0.5803761E-03,-0.1564446E-02,-0.2144822E-02,-0.1434464E-02,-0.2664791E-01,-0.2808237E-01, 0.5462563E+03, 0.4339605E+03,-0.4576044E+02, 0.5059111E+03, 0.2893720E-01, 0.3611251E-01
 0.1016178E+03, 0.2026249E-02, 0.2307318E-01, 0.2509942E-01, 0.1323562E-02, 0.3600000E-02, 0.4923562E-02,-0.5742293E-03,-0.1569593E-02,-0.2143822E-02,-0.1435634E-02,-0.2667318E-01,-0.2810881E-01, 0.5459123E+03, 0.4351042E+03,-0.4527578E+02, 0.5059218E+03, 0.2895999E-01, 0.3613800E-01
 0.1017178E+03, 0.2022931E-02, 0.2308449E-01, 0.2510742E-01, 0.1329568E-02, 0.3613994E-02, 0.4943563E-02,-0.5681849E-03,-0.1574637E-02,-0.2142822E-02,-0.1436786E-02,-0.2669849E-01,-0.2813527E-01, 0.5455709E+03, 0.4362329E+03,-0.4479921E+02, 0.5059365E+03, 0.2898280E-01, 0.3616352E-01
 0.1018178E+03, 0.2019648E-02, 0.2309578E-01, 0.2511543E-01, 0.1335500E-02, 0.3628063E-02, 0.4963562E-02,-0.5622406E-03,-0.1579581E-02,-0.2141822E-02,-0.1437921E-02,-0.2672384E-01,-0.2816176E-01, 0.5452321E+03, 0.4373473E+03,-0.4433052E+02, 0.5059550E+03, 0.2900562E-01, 0.3618909E-01
 0.1019178E+03, 0.2016398E-02, 0.2310703E-01, 0.2512342E-01, 0.1341359E-02, 0.3642203E-02, 0.4983563E-02,-0.5563939E-03,-0.1584428E-02,-0.2140822E-02,-0.1439039E-02,-0.2674923E-01,-0.2818827E-01, 0.5448961E+03, 0.4384476E+03,-0.4386953E+02, 0.5059775E+03, 0.2902845E-01, 0.3621468E-01
 0.1020000E+03, 0.2013749E-02, 0.2311625E-01, 0.2513000E-01, 0.1346126E-02, 0.3653874E-02, 0.5000000E-02,-0.5516531E-03,-0.1588347E-02,-0.2140000E-02,-0.1439946E-02,-0.2677013E-01,-0.2821007E-01, 0.5446212E+03, 0.4393423E+03,-0.4349573E+02, 0.5059984E+03, 0.2904724E-01, 0.3623575E-01
 0.1020100E+03, 0.2013409E-02, 0.2311799E-01, 0.2513140E-01, 0.1346923E-02, 0.3656077E-02, 0.5003000E-02,-0.5503180E-03,-0.1589082E-02,-0.2139400E-02,-0.1440142E-02,-0.2677407E-01,-0.2821421E-01, 0.5445984E+03, 0.4394988E+03,-0.4339046E+02, 0.5060084E+03, 0.2905078E-01, 0.3623972E-01
 0.1020200E+03, 0.2013069E-02, 0.2311973E-01, 0.2513280E-01, 0.1347719E-02, 0.3658281E-02, 0.5006000E-02,-0.5489872E-03,-0.1589813E-02,-0.2138800E-02,-0.1440338E-02,-0.2677801E-01,-0.2821835E-01, 0.5445757E+03, 0.4396551E+03,-0.4328553E+02, 0.5060185E+03, 0.2905433E-01, 0.3624370E-01
 0.1020350E+03, 0.2012560E-02, 0.2312234E-01, 0.2513490E-01, 0.1348910E-02, 0.3661590E-02, 0.5010500E-02,-0.5470001E-03,-0.1590900E-02,-0.2137900E-02,-0.1440630E-02,-0.2678393E-01,-0.2822456E-01, 0.5445414E+03, 0.4398890E+03,-0.4312885E+02, 0.5060338E+03, 0.2905964E-01, 0.3624966E-01
 0.1020575E+03, 0.2011796E-02, 0.2312625E-01, 0.2513805E-01, 0.1350690E-02, 0.3666560E-02, 0.5017250E-02,-0.5440401E-03,-0.1592510E-02,-0.2136550E-02,-0.1441065E-02,-0.2679281E-01,-0.2823388E-01, 0.5444897E+03, 0.4402383E+03,-0.4289547E+02, 0.5060570E+03, 0.2906762E-01, 0.3625862E-01
 0.1020913E+03, 0.2010652E-02, 0.2313212E-01, 0.2514277E-01, 0.1353345E-02, 0.3674030E-02, 0.5027375E-02,-0.5396457E-03,-0.1594879E-02,-0.2134525E-02,-0.1441713E-02,-0.2680615E-01,-0.2824787E-01, 0.5444114E+03, 0.4407592E+03,-0.4254898E+02, 0.5060923E+03, 0.2907961E-01, 0.3627206E-01
 0.1021419E+03, 0.2008939E-02, 0.2314092E-01, 0.2514986E-01, 0.1357297E-02, 0.3685266E-02, 0.5042562E-02,-0.5331539E-03,-0.1598334E-02,-0.2131487E-02,-0.1442673E-02,-0.2682619E-01,-0.2826886E-01, 0.5442927E+03, 0.4415337E+03,-0.4203714E+02, 0.5061465E+03, 0.2909760E-01, 0.3629224E-01
 0.1022178E+03, 0.2006378E-02, 0.2315412E-01, 0.2516049E-01, 0.1363155E-02, 0.3702189E-02, 0.5065344E-02,-0.5236323E-03,-0.1603299E-02,-0.2126931E-02,-0.1444087E-02,-0.2685631E-01,-0.2830039E-01, 0.5441119E+03, 0.4426807E+03,-0.4128640E+02, 0.5062310E+03, 0.2912463E-01, 0.3632257E-01
 0.1023178E+03, 0.2003020E-02, 0.2317147E-01, 0.2517449E-01, 0.1370752E-02, 0.3724592E-02, 0.5095344E-02,-0.5114498E-03,-0.1609482E-02,-0.2120931E-02,-0.1445905E-02,-0.2689607E-01,-0.2834197E-01, 0.5438693E+03, 0.4441659E+03,-0.4032588E+02, 0.5063472E+03, 0.2916029E-01, 0.3636260E-01
 0.1024178E+03, 0.1999673E-02, 0.2318882E-01, 0.2518849E-01, 0.1378231E-02, 0.3747113E-02, 0.5125344E-02,-0.4996063E-03,-0.1615325E-02,-0.2114931E-02,-0.1447676E-02,-0.2693593E-01,-0.2838361E-01, 0.5436208E+03, 0.4456245E+03,-0.3939206E+02, 0.5064674E+03, 0.2919602E-01, 0.3640272E-01
 0.1025178E+03, 0.1996341E-02, 0.2320615E-01, 0.2520249E-01, 0.1385596E-02, 0.3769748E-02, 0.5155344E-02,-0.4880874E-03,-0.1620844E-02,-0.2108931E-02,-0.1449404E-02,-0.2697590E-01,-0.2842531E-01, 0.5433679E+03, 0.4470584E+03,-0.3848384E+02, 0.5065923E+03, 0.2923182E-01, 0.3644293E-01
 0.1026178E+03, 0.1993025E-02, 0.2322347E-01, 0.2521649E-01, 0.1392850E-02, 0.3792493E-02, 0.5185344E-02,-0.4768794E-03,-0.1626052E-02,-0.2102931E-02,-0.1451092E-02,-0.2701596E-01,-0.2846705E-01, 0.5431111E+03, 0.4484686E+03,-0.3760013E+02, 0.5067216E+03, 0.2926769E-01, 0.3648322E-01
 0.1027178E+03, 0.1989726E-02, 0.2324077E-01, 0.2523049E-01, 0.1399999E-02, 0.3815345E-02, 0.5215344E-02,-0.4659694E-03,-0.1630962E-02,-0.2096931E-02,-0.1452743E-02,-0.2705611E-01,-0.2850885E-01, 0.5428513E+03, 0.4498562E+03,-0.3673991E+02, 0.5068555E+03, 0.2930362E-01, 0.3652360E-01
 0.1028178E+03, 0.1986447E-02, 0.2325805E-01, 0.2524449E-01, 0.1407046E-02, 0.3838298E-02, 0.5245344E-02,-0.4553450E-03,-0.1635586E-02,-0.2090931E-02,-0.1454357E-02,-0.2709634E-01,-0.2855070E-01, 0.5425888E+03, 0.4512220E+03,-0.3590221E+02, 0.5069939E+03, 0.2933961E-01, 0.3656406E-01
 0.1029178E+03, 0.1983189E-02, 0.2327530E-01, 0.2525849E-01, 0.1413993E-02, 0.3861351E-02, 0.5275344E-02,-0.4449948E-03,-0.1639936E-02,-0.2084931E-02,-0.1455938E-02,-0.2713666E-01,-0.2859259E-01, 0.5423243E+03, 0.4525668E+03,-0.3508614E+02, 0.5071366E+03, 0.2937564E-01, 0.3660458E-01
 0.1030000E+03, 0.1980523E-02, 0.2328948E-01, 0.2527000E-01, 0.1419635E-02, 0.3880365E-02, 0.5300000E-02,-0.4366673E-03,-0.1643333E-02,-0.2080000E-02,-0.1457212E-02,-0.2716984E-01,-0.2862705E-01, 0.5421047E+03, 0.4536570E+03,-0.3442953E+02, 0.5072561E+03, 0.2940530E-01, 0.3663794E-01
 0.1030100E+03, 0.1979933E-02, 0.2329167E-01, 0.2527160E-01, 0.1420692E-02, 0.3883308E-02, 0.5304000E-02,-0.4346505E-03,-0.1643850E-02,-0.2078500E-02,-0.1457411E-02,-0.2717497E-01,-0.2863238E-01, 0.5420428E+03, 0.4538547E+03,-0.3427052E+02, 0.5072566E+03, 0.2940989E-01, 0.3664310E-01
 0.1030200E+03, 0.1979344E-02, 0.2329386E-01, 0.2527320E-01, 0.1421746E-02, 0.3886254E-02, 0.5308000E-02,-0.4326419E-03,-0.1644358E-02,-0.2077000E-02,-0.1457610E-02,-0.2718011E-01,-0.2863772E-01, 0.5419813E+03, 0.4540523E+03,-0.3411214E+02, 0.5072576E+03, 0.2941447E-01, 0.3664827E-01
 0.1030350E+03, 0.1978463E-02, 0.2329714E-01, 0.2527560E-01, 0.1423320E-02, 0.3890680E-02, 0.5314000E-02,-0.4296473E-03,-0.1645103E-02,-0.2074750E-02,-0.1457907E-02,-0.2718782E-01,-0.2864572E-01, 0.5418891E+03, 0.4543474E+03,-0.3387604E+02, 0.5072595E+03, 0.2942136E-01, 0.3665601E-01
 0.1030575E+03, 0.1977146E-02, 0.2330205E-01, 0.2527920E-01, 0.1425667E-02, 0.3897333E-02, 0.5323000E-02,-0.4251962E-03,-0.1646179E-02,-0.2071375E-02,-0.1458348E-02,-0.2719939E-01,-0.2865774E-01, 0.5417510E+03, 0.4547870E+03,-0.3352508E+02, 0.5072631E+03, 0.2943169E-01, 0.3666764E-01
 0.1030913E+03, 0.1975182E-02, 0.2330942E-01, 0.2528460E-01, 0.1429155E-02, 0.3907345E-02, 0.5336500E-02,-0.4186088E-03,-0.1647704E-02,-0.2066313E-02,-0.1459002E-02,-0.2721676E-01,-0.2867576E-01, 0.5415444E+03, 0.4554401E+03,-0.3300570E+02, 0.5072703E+03, 0.2944719E-01, 0.3668511E-01
 0.1031419E+03, 0.1972263E-02, 0.2332044E-01, 0.2529270E-01, 0.1434317E-02, 0.3922434E-02, 0.5356750E-02,-0.4089219E-03,-0.1649797E-02,-0.2058719E-02,-0.1459963E-02,-0.2724287E-01,-0.2870283E-01, 0.5412358E+03, 0.4564058E+03,-0.3224192E+02, 0.5072848E+03, 0.2947047E-01, 0.3671135E-01
 0.1032178E+03, 0.1967942E-02, 0.2333691E-01, 0.2530485E-01, 0.1441911E-02, 0.3945214E-02, 0.5387125E-02,-0.3948065E-03,-0.1652522E-02,-0.2047328E-02,-0.1461368E-02,-0.2728212E-01,-0.2874349E-01, 0.5407762E+03, 0.4578255E+03,-0.3112896E+02, 0.5073155E+03, 0.2950543E-01, 0.3675080E-01
 0.1033178E+03, 0.1962346E-02, 0.2335850E-01, 0.2532085E-01, 0.1451668E-02, 0.3975457E-02, 0.5427125E-02,-0.3768927E-03,-0.1655435E-02,-0.2032328E-02,-0.1463157E-02,-0.2733396E-01,-0.2879712E-01, 0.5401764E+03, 0.4596474E+03,-0.2971647E+02, 0.5073705E+03, 0.2955153E-01, 0.3680291E-01
 0.1034178E+03, 0.1956836E-02, 0.2338002E-01, 0.2533685E-01, 0.1461187E-02, 0.4005938E-02, 0.5467125E-02,-0.3596136E-03,-0.1657714E-02,-0.2017328E-02,-0.1464875E-02,-0.2738595E-01,-0.2885083E-01, 0.5395784E+03, 0.4614193E+03,-0.2835406E+02, 0.5074373E+03, 0.2959771E-01, 0.3685517E-01
 0.1035178E+03, 0.1951411E-02, 0.2340144E-01, 0.2535285E-01, 0.1470482E-02, 0.4036643E-02, 0.5507125E-02,-0.3429338E-03,-0.1659394E-02,-0.2002328E-02,-0.1466526E-02,-0.2743808E-01,-0.2890461E-01, 0.5389823E+03, 0.4631435E+03,-0.2703901E+02, 0.5075145E+03, 0.2964396E-01, 0.3690758E-01
 0.1036178E+03, 0.1946070E-02, 0.2342278E-01, 0.2536885E-01, 0.1479567E-02, 0.4067557E-02, 0.5547125E-02,-0.3268204E-03,-0.1660508E-02,-0.1987328E-02,-0.1468131E-02,-0.2749034E-01,-0.2895847E-01, 0.5383932E+03, 0.4648293E+03,-0.2576853E+02, 0.5076068E+03, 0.2969028E-01, 0.3696014E-01
 0.1037178E+03, 0.1940814E-02, 0.2344404E-01, 0.2538485E-01, 0.1488455E-02, 0.4098670E-02, 0.5587125E-02,-0.3112430E-03,-0.1661085E-02,-0.1972328E-02,-0.1469687E-02,-0.2754271E-01,-0.2901239E-01, 0.5378096E+03, 0.4664761E+03,-0.2454032E+02, 0.5077110E+03, 0.2973665E-01, 0.3701282E-01
 0.1038178E+03, 0.1935639E-02, 0.2346521E-01, 0.2540085E-01, 0.1497156E-02, 0.4129970E-02, 0.5627125E-02,-0.2961734E-03,-0.1661155E-02,-0.1957328E-02,-0.1471198E-02,-0.2759518E-01,-0.2906638E-01, 0.5372320E+03, 0.4680865E+03,-0.2335213E+02, 0.5078268E+03, 0.2978306E-01, 0.3706561E-01
 0.1039178E+03, 0.1930546E-02, 0.2348630E-01, 0.2541685E-01, 0.1505679E-02, 0.4161446E-02, 0.5667125E-02,-0.2815852E-03,-0.1660743E-02,-0.1942328E-02,-0.1472668E-02,-0.2764775E-01,-0.2912042E-01, 0.5366607E+03, 0.4696624E+03,-0.2220191E+02, 0.5079537E+03, 0.2982953E-01, 0.3711852E-01
 0.1040000E+03, 0.1926412E-02, 0.2350359E-01, 0.2543000E-01, 0.1512565E-02, 0.4187435E-02, 0.5700000E-02,-0.2699082E-03,-0.1660092E-02,-0.1930000E-02,-0.1473851E-02,-0.2769102E-01,-0.2916487E-01, 0.5361957E+03, 0.4709358E+03,-0.2128113E+02, 0.5080662E+03, 0.2986775E-01, 0.3716209E-01
 0.1040100E+03, 0.1926032E-02, 0.2350517E-01, 0.2543120E-01, 0.1513187E-02, 0.4189813E-02, 0.5703000E-02,-0.2681732E-03,-0.1660027E-02,-0.1928200E-02,-0.1473951E-02,-0.2769498E-01,-0.2916893E-01, 0.5361511E+03, 0.4710488E+03,-0.2114443E+02, 0.5080678E+03, 0.2987125E-01, 0.3716607E-01
 0.1040200E+03, 0.1925652E-02, 0.2350675E-01, 0.2543240E-01, 0.1513809E-02, 0.4192192E-02, 0.5706000E-02,-0.2664438E-03,-0.1659956E-02,-0.1926400E-02,-0.1474054E-02,-0.2769894E-01,-0.2917299E-01, 0.5361075E+03, 0.4711630E+03,-0.2100807E+02, 0.5080707E+03, 0.2987475E-01, 0.3717006E-01
 0.1040350E+03, 0.1925082E-02, 0.2350912E-01, 0.2543420E-01, 0.1514737E-02, 0.4195762E-02, 0.5710500E-02,-0.2638618E-03,-0.1659838E-02,-0.1923700E-02,-0.1474209E-02,-0.2770488E-01,-0.2917909E-01, 0.5360421E+03, 0.4713338E+03,-0.2080449E+02, 0.5080752E+03, 0.2987999E-01, 0.3717604E-01
 0.1040575E+03, 0.1924230E-02, 0.2351267E-01, 0.2543690E-01, 0.1516125E-02, 0.4201125E-02, 0.5717250E-02,-0.2600161E-03,-0.1659634E-02,-0.1919650E-02,-0.1474438E-02,-0.2771379E-01,-0.2918823E-01, 0.5359438E+03, 0.4715888E+03,-0.2050127E+02, 0.5080822E+03, 0.2988786E-01, 0.3718502E-01
 0.1040913E+03, 0.1922955E-02, 0.2351799E-01, 0.2544095E-01, 0.1518193E-02, 0.4209182E-02, 0.5727375E-02,-0.2543076E-03,-0.1659267E-02,-0.1913575E-02,-0.1474778E-02,-0.2772718E-01,-0.2920195E-01, 0.5357964E+03, 0.4719686E+03,-0.2005117E+02, 0.5080937E+03, 0.2989968E-01, 0.3719849E-01
 0.1041419E+03, 0.1921051E-02, 0.2352597E-01, 0.2544702E-01, 0.1521267E-02, 0.4221295E-02, 0.5742562E-02,-0.2458760E-03,-0.1658587E-02,-0.1904463E-02,-0.1475280E-02,-0.2774727E-01,-0.2922255E-01, 0.5355753E+03, 0.4725325E+03,-0.1938637E+02, 0.5081128E+03, 0.2991741E-01, 0.3721873E-01
 0.1042178E+03, 0.1918214E-02, 0.2353792E-01, 0.2545614E-01, 0.1525818E-02, 0.4239526E-02, 0.5765344E-02,-0.2335121E-03,-0.1657282E-02,-0.1890794E-02,-0.1476014E-02,-0.2777745E-01,-0.2925346E-01, 0.5352438E+03, 0.4733661E+03,-0.1841150E+02, 0.5081457E+03, 0.2994403E-01, 0.3724914E-01
 0.1043178E+03, 0.1914507E-02, 0.2355363E-01, 0.2546814E-01, 0.1531708E-02, 0.4263636E-02, 0.5795344E-02,-0.2176968E-03,-0.1655097E-02,-0.1872794E-02,-0.1476952E-02,-0.2781727E-01,-0.2929422E-01, 0.5348074E+03, 0.4744432E+03,-0.1716446E+02, 0.5081963E+03, 0.2997913E-01, 0.3728927E-01
 0.1044178E+03, 0.1910829E-02, 0.2356931E-01, 0.2548014E-01, 0.1537494E-02, 0.4287850E-02, 0.5825344E-02,-0.2023264E-03,-0.1652467E-02,-0.1854794E-02,-0.1477856E-02,-0.2785716E-01,-0.2933501E-01, 0.5343699E+03, 0.4754982E+03,-0.1595256E+02, 0.5082531E+03, 0.3001427E-01, 0.3732949E-01
 0.1045178E+03, 0.1907179E-02, 0.2358496E-01, 0.2549214E-01, 0.1543183E-02, 0.4312161E-02, 0.5855344E-02,-0.1873800E-03,-0.1649414E-02,-0.1836794E-02,-0.1478730E-02,-0.2789712E-01,-0.2937585E-01, 0.5339322E+03, 0.4765331E+03,-0.1477408E+02, 0.5083167E+03, 0.3004945E-01, 0.3736980E-01
 0.1046178E+03, 0.1903560E-02, 0.2360058E-01, 0.2550414E-01, 0.1548780E-02, 0.4336564E-02, 0.5885344E-02,-0.1728379E-03,-0.1645956E-02,-0.1818794E-02,-0.1479577E-02,-0.2793714E-01,-0.2941672E-01, 0.5334950E+03, 0.4775493E+03,-0.1362749E+02, 0.5083869E+03, 0.3008468E-01, 0.3741020E-01
 0.1047178E+03, 0.1899971E-02, 0.2361617E-01, 0.2551614E-01, 0.1554289E-02, 0.4361055E-02, 0.5915344E-02,-0.1586819E-03,-0.1642112E-02,-0.1800794E-02,-0.1480400E-02,-0.2797722E-01,-0.2945762E-01, 0.5330589E+03, 0.4785479E+03,-0.1251134E+02, 0.5084636E+03, 0.3011993E-01, 0.3745066E-01
 0.1048178E+03, 0.1896414E-02, 0.2363172E-01, 0.2552814E-01, 0.1559715E-02, 0.4385629E-02, 0.5945344E-02,-0.1448947E-03,-0.1637899E-02,-0.1782794E-02,-0.1481201E-02,-0.2801735E-01,-0.2949855E-01, 0.5326244E+03, 0.4795299E+03,-0.1142426E+02, 0.5085468E+03, 0.3015522E-01, 0.3749120E-01
 0.1049178E+03, 0.1892890E-02, 0.2364725E-01, 0.2554014E-01, 0.1565062E-02, 0.4410282E-02, 0.5975344E-02,-0.1314602E-03,-0.1633334E-02,-0.1764794E-02,-0.1481982E-02,-0.2805753E-01,-0.2953951E-01, 0.5321917E+03, 0.4804962E+03,-0.1036500E+02, 0.5086362E+03, 0.3019053E-01, 0.3753181E-01
 0.1050000E+03, 0.1890013E-02, 0.2365999E-01, 0.2555000E-01, 0.1569402E-02, 0.4430599E-02, 0.6000000E-02,-0.1206496E-03,-0.1629350E-02,-0.1750000E-02,-0.1482608E-02,-0.2809059E-01,-0.2957319E-01, 0.5318365E+03, 0.4812787E+03,-0.9512689E+01, 0.5087132E+03, 0.3021957E-01, 0.3756524E-01
